clip_id,source_video,start_time,end_time,duration,face_ratio,speech_ratio,snr,file_path,tier,has_cut_meta,decode_backend,cut_backend,run_id,candidate_rank_in_tier,candidate_pool_version,selection_seed
VgGwgxT1hm0_s0000691618_e0000701182,VgGwgxT1hm0,691.618,701.182,9.564,1.0,1.0,5.73,E:\FPTU\PRJ\VN-AV-DF-Capstone\data\01_collect\cut_clips\tier1\400_440\media\VgGwgxT1hm0_s0000691618_e0000701182.mp4,tier1,1,cuda,nvenc,cutfix_full_tier1_20260729_01,1,active_speaker_candidate_pool_v1,42
wttuvGomhr4_s0000919426_e0000923262,wttuvGomhr4,919.426,923.262,3.836,1.0,1.0,36.2,E:\FPTU\PRJ\VN-AV-DF-Capstone\data\01_collect\cut_clips\tier1\400_440\media\wttuvGomhr4_s0000919426_e0000923262.mp4,tier1,1,cuda,nvenc,cutfix_full_tier1_20260729_01,2,active_speaker_candidate_pool_v1,42
9hVB2KmcCtk_s0000051906_e0000054526,9hVB2KmcCtk,51.906,54.526,2.62,1.0,1.0,11.24,E:\FPTU\PRJ\VN-AV-DF-Capstone\data\01_collect\cut_clips\tier1\50_100\media\9hVB2KmcCtk_s0000051906_e0000054526.mp4,tier1,1,cuda,nvenc,cutfix_full_tier1_20260729_01,3,active_speaker_candidate_pool_v1,42
cyi8OGHa_28_s0000277378_e0000288990,cyi8OGHa_28,277.378,288.99,11.612,1.0,1.0,5.23,E:\FPTU\PRJ\VN-AV-DF-Capstone\data\01_collect\cut_clips\tier1\100_150\media\cyi8OGHa_28_s0000277378_e0000288990.mp4,tier1,1,cuda,nvenc,cutfix_full_tier1_20260729_01,4,active_speaker_candidate_pool_v1,42
O13c0GdEtyY_s0000738562_e0000740926,O13c0GdEtyY,738.562,740.926,2.364,1.0,1.0,4.91,E:\FPTU\PRJ\VN-AV-DF-Capstone\data\01_collect\cut_clips\tier1\250_300\media\O13c0GdEtyY_s0000738562_e0000740926.mp4,tier1,1,cuda,nvenc,cutfix_full_tier1_20260729_01,5,active_speaker_candidate_pool_v1,42
2BJx-TsUgw8_s0000181730_e0000186782,2BJx-TsUgw8,181.73,186.782,5.052,1.0,1.0,14.46,E:\FPTU\PRJ\VN-AV-DF-Capstone\data\01_collect\cut_clips\tier1\0_50\media\2BJx-TsUgw8_s0000181730_e0000186782.mp4,tier1,1,cuda,nvenc,cutfix_full_tier1_20260729_01,6,active_speaker_candidate_pool_v1,42
2xU2t0CyIJ4_s0000018818_e0000025022,2xU2t0CyIJ4,18.818,25.022,6.204,1.0,1.0,4.42,E:\FPTU\PRJ\VN-AV-DF-Capstone\data\01_collect\cut_clips\tier1\0_50\media\2xU2t0CyIJ4_s0000018818_e0000025022.mp4,tier1,1,cuda,nvenc,cutfix_full_tier1_20260729_01,7,active_speaker_candidate_pool_v1,42
zfRcxNy23l0_s0000462370_e0000465534,zfRcxNy23l0,462.37,465.534,3.164,1.0,1.0,7.19,E:\FPTU\PRJ\VN-AV-DF-Capstone\data\01_collect\cut_clips\tier1\440_472\media\zfRcxNy23l0_s0000462370_e0000465534.mp4,tier1,1,cuda,nvenc,cutfix_full_tier1_20260729_01,8,active_speaker_candidate_pool_v1,42
ucLlKRrtTN8_s0000616738_e0000626078,ucLlKRrtTN8,616.738,626.078,9.34,1.0,1.0,2.84,E:\FPTU\PRJ\VN-AV-DF-Capstone\data\01_collect\cut_clips\tier1\350_400\media\ucLlKRrtTN8_s0000616738_e0000626078.mp4,tier1,1,cuda,nvenc,cutfix_full_tier1_20260729_01,9,active_speaker_candidate_pool_v1,42
dFDTb0t_Nho_s0000314242_e0000320414,dFDTb0t_Nho,314.242,320.414,6.172,1.0,1.0,7.38,E:\FPTU\PRJ\VN-AV-DF-Capstone\data\01_collect\cut_clips\tier1\100_150\media\dFDTb0t_Nho_s0000314242_e0000320414.mp4,tier1,1,cuda,nvenc,cutfix_full_tier1_20260729_01,10,active_speaker_candidate_pool_v1,42
srY_Pe4BSRA_1_s0000102402_e0000107710,srY_Pe4BSRA (1),102.402,107.71,5.308,1.0,1.0,-8.61,E:\FPTU\PRJ\VN-AV-DF-Capstone\data\01_collect\cut_clips\tier2\200_292\media\srY_Pe4BSRA_1_s0000102402_e0000107710.mp4,tier2,1,cuda,nvenc,cutfix_smoke_tier2_20260729_01,1,active_speaker_candidate_pool_v1,42
VVyGW90E2ts_1_s0000135330_e0000142974,VVyGW90E2ts (1),135.33,142.974,7.644,1.0,1.0,4.84,E:\FPTU\PRJ\VN-AV-DF-Capstone\data\01_collect\cut_clips\tier2\200_292\media\VVyGW90E2ts_1_s0000135330_e0000142974.mp4,tier2,1,cuda,nvenc,cutfix_smoke_tier2_20260729_01,2,active_speaker_candidate_pool_v1,42
Degm-6pbq4_s0000072514_e0000077514,_Degm-6pbq4,72.514,77.514,5.0,1.0,1.0,12.91,E:\FPTU\PRJ\VN-AV-DF-Capstone\data\01_collect\cut_clips\tier2\200_292\media\Degm-6pbq4_s0000072514_e0000077514.mp4,tier2,1,cuda,nvenc,cutfix_smoke_tier2_20260729_01,3,active_speaker_candidate_pool_v1,42
Mdb7_9uq1No_1_s0000365474_e0000369246,Mdb7_9uq1No (1),365.474,369.246,3.772,1.0,1.0,15.79,E:\FPTU\PRJ\VN-AV-DF-Capstone\data\01_collect\cut_clips\tier2\150_200\media\Mdb7_9uq1No_1_s0000365474_e0000369246.mp4,tier2,1,cuda,nvenc,cutfix_smoke_tier2_20260729_01,4,active_speaker_candidate_pool_v1,42
HwyAWtO8nkA_s0000405154_e0000408158,HwyAWtO8nkA,405.154,408.158,3.004,1.0,1.0,25.55,E:\FPTU\PRJ\VN-AV-DF-Capstone\data\01_collect\cut_clips\tier2\100_150\media\HwyAWtO8nkA_s0000405154_e0000408158.mp4,tier2,1,cuda,nvenc,cutfix_smoke_tier2_20260729_01,5,active_speaker_candidate_pool_v1,42
i_TajUsZogs_s0000139106_e0000141182,i_TajUsZogs,139.106,141.182,2.076,1.0,1.0,3.21,E:\FPTU\PRJ\VN-AV-DF-Capstone\data\01_collect\cut_clips\tier2\100_150\media\i_TajUsZogs_s0000139106_e0000141182.mp4,tier2,1,cuda,nvenc,cutfix_smoke_tier2_20260729_01,6,active_speaker_candidate_pool_v1,42
p_jrT3IftNM_s0000508290_e0000510462,p_jrT3IftNM,508.29,510.462,2.172,1.0,1.0,8.41,E:\FPTU\PRJ\VN-AV-DF-Capstone\data\01_collect\cut_clips\tier2\150_200\media\p_jrT3IftNM_s0000508290_e0000510462.mp4,tier2,1,cuda,nvenc,cutfix_smoke_tier2_20260729_01,7,active_speaker_candidate_pool_v1,42
s2xfViTLx_s_1_s0000206946_e0000209118,s2xfViTLx_s (1),206.946,209.118,2.172,1.0,1.0,6.78,E:\FPTU\PRJ\VN-AV-DF-Capstone\data\01_collect\cut_clips\tier2\200_292\media\s2xfViTLx_s_1_s0000206946_e0000209118.mp4,tier2,1,cuda,nvenc,cutfix_smoke_tier2_20260729_01,8,active_speaker_candidate_pool_v1,42
0B310XCDA1c_s0000687970_e0000692606,0B310XCDA1c,687.97,692.606,4.636,1.0,1.0,12.56,E:\FPTU\PRJ\VN-AV-DF-Capstone\data\01_collect\cut_clips\tier2\0_100\media\0B310XCDA1c_s0000687970_e0000692606.mp4,tier2,1,cuda,nvenc,cutfix_smoke_tier2_20260729_01,9,active_speaker_candidate_pool_v1,42
mpGa91lLuDg_1_s0000429794_e0000432766,mpGa91lLuDg (1),429.794,432.766,2.972,1.0,1.0,4.85,E:\FPTU\PRJ\VN-AV-DF-Capstone\data\01_collect\cut_clips\tier2\150_200\media\mpGa91lLuDg_1_s0000429794_e0000432766.mp4,tier2,1,cuda,nvenc,cutfix_smoke_tier2_20260729_01,10,active_speaker_candidate_pool_v1,42
7643026650233425170_s0000042114_e0000047326,7643026650233425170,42.114,47.326,5.212,0.8,1.0,8.11,E:\FPTU\PRJ\VN-AV-DF-Capstone\data\01_collect\cut_clips\tier3\1100_1700\media\7643026650233425170_s0000042114_e0000047326.mp4,tier3,1,cuda,nvenc,cutfix_smoke_tier3_20260729_01,1,active_speaker_candidate_pool_v1,42
7642545628941176071_s0000012514_e0000018718,7642545628941176071,12.514,18.718,6.204,1.0,1.0,19.01,E:\FPTU\PRJ\VN-AV-DF-Capstone\data\01_collect\cut_clips\tier3\1100_1700\media\7642545628941176071_s0000012514_e0000018718.mp4,tier3,1,cuda,nvenc,cutfix_smoke_tier3_20260729_01,2,active_speaker_candidate_pool_v1,42
7641574681107057928_s0000007650_e0000012650,7641574681107057928,7.65,12.65,5.0,1.0,1.0,15.23,E:\FPTU\PRJ\VN-AV-DF-Capstone\data\01_collect\cut_clips\tier3\1700_2274\media\7641574681107057928_s0000007650_e0000012650.mp4,tier3,1,cuda,nvenc,cutfix_smoke_tier3_20260729_01,3,active_speaker_candidate_pool_v1,42
7502863739360644360_s0000046210_e0000051210,7502863739360644360,46.21,51.21,5.0,1.0,1.0,16.22,E:\FPTU\PRJ\VN-AV-DF-Capstone\data\01_collect\cut_clips\tier3\1100_1700\media\7502863739360644360_s0000046210_e0000051210.mp4,tier3,1,cuda,nvenc,cutfix_smoke_tier3_20260729_01,4,active_speaker_candidate_pool_v1,42
7501643165061975304_s0000000546_e0000003070,7501643165061975304,0.546,3.07,2.524,1.0,1.0,0.06,E:\FPTU\PRJ\VN-AV-DF-Capstone\data\01_collect\cut_clips\tier3\0_1100\media\7501643165061975304_s0000000546_e0000003070.mp4,tier3,1,cuda,nvenc,cutfix_smoke_tier3_20260729_01,5,active_speaker_candidate_pool_v1,42
7585912099348434196_s0000141026_e0000148382,7585912099348434196,141.026,148.382,7.356,1.0,1.0,5.64,E:\FPTU\PRJ\VN-AV-DF-Capstone\data\01_collect\cut_clips\tier3\0_1100\media\7585912099348434196_s0000141026_e0000148382.mp4,tier3,1,cuda,nvenc,cutfix_smoke_tier3_20260729_01,6,active_speaker_candidate_pool_v1,42
7636360950232222994_s0000008066_e0000010398,7636360950232222994,8.066,10.398,2.332,1.0,1.0,11.55,E:\FPTU\PRJ\VN-AV-DF-Capstone\data\01_collect\cut_clips\tier3\0_1100\media\7636360950232222994_s0000008066_e0000010398.mp4,tier3,1,cuda,nvenc,cutfix_smoke_tier3_20260729_01,7,active_speaker_candidate_pool_v1,42
7625991457144376594_s0000041026_e0000044062,7625991457144376594,41.026,44.062,3.036,1.0,1.0,8.65,E:\FPTU\PRJ\VN-AV-DF-Capstone\data\01_collect\cut_clips\tier3\1700_2274\media\7625991457144376594_s0000041026_e0000044062.mp4,tier3,1,cuda,nvenc,cutfix_smoke_tier3_20260729_01,8,active_speaker_candidate_pool_v1,42
7451492743924288784_s0000060418_e0000064606,7451492743924288784,60.418,64.606,4.188,1.0,1.0,11.86,E:\FPTU\PRJ\VN-AV-DF-Capstone\data\01_collect\cut_clips\tier3\1100_1700\media\7451492743924288784_s0000060418_e0000064606.mp4,tier3,1,cuda,nvenc,cutfix_smoke_tier3_20260729_01,9,active_speaker_candidate_pool_v1,42
7576975736876092680_s0000061666_e0000066270,7576975736876092680,61.666,66.27,4.604,1.0,1.0,36.33,E:\FPTU\PRJ\VN-AV-DF-Capstone\data\01_collect\cut_clips\tier3\1700_2274\media\7576975736876092680_s0000061666_e0000066270.mp4,tier3,1,cuda,nvenc,cutfix_smoke_tier3_20260729_01,10,active_speaker_candidate_pool_v1,42
