filename,metadata,audio
-17kN1xdzBE.mp4,"Pass (Height: 1080p, FPS: 29.97)",Pass (Có luồng âm thanh)
-cK5r14-bU4.mp4,"Pass (Height: 1080p, FPS: 59.94)",Pass (Có luồng âm thanh)
-jDBwP6g2tA.mp4,"Pass (Height: 1080p, FPS: 50.00)",Pass (Có luồng âm thanh)
-krBZmBl65s.mp4,"Pass (Height: 1080p, FPS: 25.00)",Pass (Có luồng âm thanh)
-MiezNTBd98.mp4,"Pass (Height: 720p, FPS: 30.00)",Pass (Có luồng âm thanh)
-mqfxUnzbzU.mp4,"Pass (Height: 1080p, FPS: 50.00)",Pass (Có luồng âm thanh)
-PMSk6LTXoQ.mp4,"Pass (Height: 1080p, FPS: 25.00)",Pass (Có luồng âm thanh)
-Vhvk-qMzsM.mp4,"Pass (Height: 1080p, FPS: 25.00)",Pass (Có luồng âm thanh)
0-fu0N-npmg.mp4,"Pass (Height: 1080p, FPS: 25.00)",Pass (Có luồng âm thanh)
0eUhkZDy9vY.mp4,"Pass (Height: 720p, FPS: 30.00)",Pass (Có luồng âm thanh)
0MYJr36X9QU.mp4,"Pass (Height: 1080p, FPS: 30.00)",Pass (Có luồng âm thanh)
0vXH7_xKzHs.mp4,"Pass (Height: 1080p, FPS: 25.00)",Pass (Có luồng âm thanh)
0wOdyRpc0wc.mp4,"Pass (Height: 1080p, FPS: 29.97)",Pass (Có luồng âm thanh)
170XDJy2ymM.mp4,"Pass (Height: 1080p, FPS: 29.97)",Pass (Có luồng âm thanh)
19nvU0NNjjY.mp4,"Pass (Height: 1080p, FPS: 30.00)",Pass (Có luồng âm thanh)
1hgHDUzhqCQ.mp4,"Pass (Height: 1080p, FPS: 25.00)",Pass (Có luồng âm thanh)
1ucBZ4StNP0.mp4,"Pass (Height: 1080p, FPS: 29.97)",Pass (Có luồng âm thanh)
1Xl8GEFwmKg.mp4,"Pass (Height: 1080p, FPS: 30.00)",Pass (Có luồng âm thanh)
1_mO5ME2bFk.mp4,"Pass (Height: 720p, FPS: 30.00)",Pass (Có luồng âm thanh)
25LDskObwqo.mp4,"Pass (Height: 1080p, FPS: 25.00)",Pass (Có luồng âm thanh)
2A2WBpeuVNw.mp4,"Pass (Height: 1080p, FPS: 25.00)",Pass (Có luồng âm thanh)
2BJx-TsUgw8.mp4,"Pass (Height: 1080p, FPS: 29.97)",Pass (Có luồng âm thanh)
2cg60JADoVY.mp4,"Pass (Height: 1080p, FPS: 30.00)",Pass (Có luồng âm thanh)
2joCGTJQ8Do.mp4,"Pass (Height: 1080p, FPS: 30.00)",Pass (Có luồng âm thanh)
2JUbS_syUlA.mp4,"Pass (Height: 1080p, FPS: 25.00)",Pass (Có luồng âm thanh)
2JYYYzLwNwg.mp4,"Pass (Height: 1080p, FPS: 50.00)",Pass (Có luồng âm thanh)
2mhkgdboxmU.mp4,"Pass (Height: 1080p, FPS: 29.97)",Pass (Có luồng âm thanh)
2oUAlTCCi8g.mp4,"Pass (Height: 1080p, FPS: 50.00)",Pass (Có luồng âm thanh)
2Qw7gbwa5EI.mp4,"Pass (Height: 1080p, FPS: 29.97)",Pass (Có luồng âm thanh)
2xU2t0CyIJ4.mp4,"Pass (Height: 1080p, FPS: 29.59)",Pass (Có luồng âm thanh)
35_iHr-U0xY.mp4,"Pass (Height: 1080p, FPS: 25.00)",Pass (Có luồng âm thanh)
38IBjJ77eQk.mp4,"Pass (Height: 1080p, FPS: 25.00)",Pass (Có luồng âm thanh)
3Dx_Ze4O6Cc.mp4,"Pass (Height: 1080p, FPS: 25.00)",Pass (Có luồng âm thanh)
3eQlp-j-xyg.mp4,"Pass (Height: 1080p, FPS: 25.00)",Pass (Có luồng âm thanh)
3RIBiFUS-k8.mp4,"Pass (Height: 1080p, FPS: 29.97)",Pass (Có luồng âm thanh)
3T6Sd0_g9bQ.mp4,"Pass (Height: 1080p, FPS: 29.97)",Pass (Có luồng âm thanh)
3tEN20uif6g.mp4,"Pass (Height: 1080p, FPS: 25.00)",Pass (Có luồng âm thanh)
4fqV9k8YnCw.mp4,"Pass (Height: 1080p, FPS: 29.97)",Pass (Có luồng âm thanh)
4jjgKbt6JFw.mp4,"Pass (Height: 720p, FPS: 25.00)",Pass (Có luồng âm thanh)
4MpSA05oihY.mp4,"Pass (Height: 1080p, FPS: 29.97)",Pass (Có luồng âm thanh)
5BNqDmMwX6E.mp4,"Pass (Height: 1080p, FPS: 30.00)",Pass (Có luồng âm thanh)
5fAf1Q8Io4E.mp4,"Pass (Height: 1080p, FPS: 25.00)",Pass (Có luồng âm thanh)
5Hqe3jJyaGA.mp4,"Pass (Height: 1080p, FPS: 25.00)",Pass (Có luồng âm thanh)
5T8Zlw8qgb8.mp4,"Pass (Height: 1080p, FPS: 30.00)",Pass (Có luồng âm thanh)
6J8ZTnAnKCY.mp4,"Pass (Height: 720p, FPS: 30.00)",Pass (Có luồng âm thanh)
6n6WqxCTPt8.mp4,"Pass (Height: 2160p, FPS: 25.00)",Pass (Có luồng âm thanh)
6QYvkEydcQE.mp4,"Pass (Height: 1080p, FPS: 29.97)",Pass (Có luồng âm thanh)
6vC1VKdxDE0.mp4,"Pass (Height: 720p, FPS: 30.00)",Pass (Có luồng âm thanh)
7b9NyakQXnk.mp4,"Pass (Height: 1080p, FPS: 25.00)",Pass (Có luồng âm thanh)
7jtrqxpnsFc.mp4,"Pass (Height: 720p, FPS: 25.00)",Pass (Có luồng âm thanh)
7KRRUylK1xA.mp4,"Pass (Height: 1080p, FPS: 25.00)",Pass (Có luồng âm thanh)
7Lc9XOi_rZQ.mp4,"Pass (Height: 1080p, FPS: 30.00)",Pass (Có luồng âm thanh)
7MhLFqIwNmE.mp4,"Pass (Height: 1080p, FPS: 29.97)",Pass (Có luồng âm thanh)
7qJj_cWIqNw.mp4,"Pass (Height: 720p, FPS: 30.00)",Pass (Có luồng âm thanh)
7URysGbqZ1w.mp4,"Pass (Height: 1080p, FPS: 30.00)",Pass (Có luồng âm thanh)
7yBqnPSUsog.mp4,"Pass (Height: 1080p, FPS: 25.00)",Pass (Có luồng âm thanh)
7zXAKnWsUOE.mp4,"Pass (Height: 1080p, FPS: 25.00)",Pass (Có luồng âm thanh)
85PPK-F4NOg.mp4,"Pass (Height: 720p, FPS: 30.00)",Pass (Có luồng âm thanh)
8cirZ7Q19mg.mp4,"Pass (Height: 1080p, FPS: 25.00)",Pass (Có luồng âm thanh)
8e2uRe1mS3M.mp4,"Pass (Height: 1080p, FPS: 25.00)",Pass (Có luồng âm thanh)
8euqbn9kLw8.mp4,"Pass (Height: 720p, FPS: 25.00)",Pass (Có luồng âm thanh)
8iINdgmb618.mp4,"Pass (Height: 1080p, FPS: 29.97)",Pass (Có luồng âm thanh)
8nghmJQwXf8.mp4,"Pass (Height: 720p, FPS: 29.05)",Pass (Có luồng âm thanh)
8RJipfF25SE.mp4,"Pass (Height: 1080p, FPS: 24.00)",Pass (Có luồng âm thanh)
8tOm59j9X6U.mp4,"Pass (Height: 1080p, FPS: 30.00)",Pass (Có luồng âm thanh)
93stDhcxfww.mp4,"Pass (Height: 720p, FPS: 30.00)",Pass (Có luồng âm thanh)
9fvi4IXr6rQ.mp4,"Pass (Height: 1080p, FPS: 25.00)",Pass (Có luồng âm thanh)
9hVB2KmcCtk.mp4,"Pass (Height: 1080p, FPS: 29.97)",Pass (Có luồng âm thanh)
9lFynD-FGB4.mp4,"Pass (Height: 720p, FPS: 30.00)",Pass (Có luồng âm thanh)
9lZCGzJ9qeY.mp4,"Pass (Height: 1080p, FPS: 50.00)",Pass (Có luồng âm thanh)
9o060iOM66E.mp4,"Pass (Height: 1080p, FPS: 29.97)",Pass (Có luồng âm thanh)
9tVCycDdGqc.mp4,"Pass (Height: 1080p, FPS: 30.00)",Pass (Có luồng âm thanh)
9UiM7Y9DVKM.mp4,"Pass (Height: 720p, FPS: 25.00)",Pass (Có luồng âm thanh)
A-CeJmXRPPI.mp4,"Pass (Height: 1080p, FPS: 30.00)",Pass (Có luồng âm thanh)
A8KAXj-xtBI.mp4,"Pass (Height: 1080p, FPS: 24.00)",Pass (Có luồng âm thanh)
aArTJcMMmTw.mp4,"Pass (Height: 1080p, FPS: 25.00)",Pass (Có luồng âm thanh)
aCgexFD5aHk.mp4,"Pass (Height: 1080p, FPS: 25.00)",Pass (Có luồng âm thanh)
aJUOJNnfnec.mp4,"Pass (Height: 1080p, FPS: 25.00)",Pass (Có luồng âm thanh)
Anj0R7OCjto.mp4,"Pass (Height: 1080p, FPS: 29.97)",Pass (Có luồng âm thanh)
AoLDaN9wS3U.mp4,"Pass (Height: 720p, FPS: 29.97)",Pass (Có luồng âm thanh)
AOZA2GBNWPE.mp4,"Pass (Height: 1080p, FPS: 25.00)",Pass (Có luồng âm thanh)
APoO_apV93Y.mp4,"Pass (Height: 720p, FPS: 30.00)",Pass (Có luồng âm thanh)
aQHYw-lt0PA.mp4,"Pass (Height: 1080p, FPS: 25.00)",Pass (Có luồng âm thanh)
AUuQrHEHhUA.mp4,"Pass (Height: 1080p, FPS: 24.00)",Pass (Có luồng âm thanh)
aV62_AUZrGA.mp4,"Pass (Height: 1080p, FPS: 29.97)",Pass (Có luồng âm thanh)
avyqB9NiGXk.mp4,"Pass (Height: 1080p, FPS: 30.00)",Pass (Có luồng âm thanh)
aWyPzAVAH60.mp4,"Pass (Height: 720p, FPS: 30.00)",Pass (Có luồng âm thanh)
aYjA2vpUowM.mp4,"Pass (Height: 1080p, FPS: 30.00)",Pass (Có luồng âm thanh)
Az_uAVNBtyE.mp4,"Pass (Height: 1080p, FPS: 29.97)",Pass (Có luồng âm thanh)
b0PaCZQY7h0.mp4,"Pass (Height: 1080p, FPS: 25.00)",Pass (Có luồng âm thanh)
b3uAiVAWJw4.mp4,"Pass (Height: 1080p, FPS: 30.00)",Pass (Có luồng âm thanh)
B7BDlBGbDHU.mp4,"Pass (Height: 1080p, FPS: 29.97)",Pass (Có luồng âm thanh)
b8bOJGun_9s.mp4,"Pass (Height: 1080p, FPS: 25.00)",Pass (Có luồng âm thanh)
b9IdoGzFL24.mp4,"Pass (Height: 1080p, FPS: 25.00)",Pass (Có luồng âm thanh)
b9uJqou7XQo.mp4,"Pass (Height: 1920p, FPS: 29.97)",Pass (Có luồng âm thanh)
bcsGSuu2-9A.mp4,"Pass (Height: 1080p, FPS: 25.00)",Pass (Có luồng âm thanh)
BdF56rupScA.mp4,"Pass (Height: 1080p, FPS: 30.00)",Pass (Có luồng âm thanh)
Be0_77S0AyQ.mp4,"Pass (Height: 1080p, FPS: 25.00)",Pass (Có luồng âm thanh)
beXPLhc4xXY.mp4,"Pass (Height: 1080p, FPS: 30.00)",Pass (Có luồng âm thanh)
bfuvcf5LUNo.mp4,"Pass (Height: 1080p, FPS: 29.97)",Pass (Có luồng âm thanh)
BG6GHJfaEls.mp4,"Pass (Height: 1080p, FPS: 50.00)",Pass (Có luồng âm thanh)
bhO764uZyDA.mp4,"Pass (Height: 1080p, FPS: 30.00)",Pass (Có luồng âm thanh)
bjzEBcSSnEg.mp4,"Pass (Height: 1080p, FPS: 25.00)",Pass (Có luồng âm thanh)
BkuM46MUvPg.mp4,"Pass (Height: 1080p, FPS: 30.00)",Pass (Có luồng âm thanh)
bmQsV6ptTLQ.mp4,"Pass (Height: 1080p, FPS: 25.00)",Pass (Có luồng âm thanh)
bqCHr6dLdlc.mp4,"Pass (Height: 1080p, FPS: 25.00)",Pass (Có luồng âm thanh)
bqjmpbscb_Y.mp4,"Pass (Height: 1080p, FPS: 30.00)",Pass (Có luồng âm thanh)
bU0O_gUl_1U.mp4,"Pass (Height: 720p, FPS: 25.00)",Pass (Có luồng âm thanh)
bwBZ1hgUwVE.mp4,"Pass (Height: 720p, FPS: 25.00)",Pass (Có luồng âm thanh)
bxSZ-x7OvWI.mp4,"Pass (Height: 1080p, FPS: 25.00)",Pass (Có luồng âm thanh)
C0FdQDbuP8Q.mp4,"Pass (Height: 1080p, FPS: 25.00)",Pass (Có luồng âm thanh)
c4Benhb4TS0.mp4,"Pass (Height: 1080p, FPS: 24.00)",Pass (Có luồng âm thanh)
C4guPiH4Frk.mp4,"Pass (Height: 1080p, FPS: 50.00)",Pass (Có luồng âm thanh)
C5kENx5cq7M.mp4,"Pass (Height: 1080p, FPS: 25.00)",Pass (Có luồng âm thanh)
c9S_tt8l6M8.mp4,"Pass (Height: 1080p, FPS: 30.00)",Pass (Có luồng âm thanh)
C9yjoixv3-E.mp4,"Pass (Height: 720p, FPS: 30.00)",Pass (Có luồng âm thanh)
cCgUZfgHgRg.mp4,"Pass (Height: 720p, FPS: 25.00)",Pass (Có luồng âm thanh)
cFG-Q5Sk7rw.mp4,"Pass (Height: 1080p, FPS: 25.00)",Pass (Có luồng âm thanh)
CHkaAtJLN3E.mp4,"Pass (Height: 1080p, FPS: 25.00)",Pass (Có luồng âm thanh)
CHkucSNgsIk.mp4,"Pass (Height: 1080p, FPS: 25.00)",Pass (Có luồng âm thanh)
CklYiLA4DZc.mp4,"Pass (Height: 1080p, FPS: 25.00)",Pass (Có luồng âm thanh)
Cpyb66WEcLE.mp4,"Pass (Height: 1080p, FPS: 25.00)",Pass (Có luồng âm thanh)
CQWEtrfUwkM.mp4,"Pass (Height: 1080p, FPS: 25.00)",Pass (Có luồng âm thanh)
cR4twTtxYEU.mp4,"Pass (Height: 720p, FPS: 30.00)",Pass (Có luồng âm thanh)
CRVQFkGDtHk.mp4,"Pass (Height: 1080p, FPS: 29.97)",Pass (Có luồng âm thanh)
crwhbPpTQjQ.mp4,"Pass (Height: 720p, FPS: 24.00)",Pass (Có luồng âm thanh)
CU-fd5lUl28.mp4,"Pass (Height: 1080p, FPS: 30.00)",Pass (Có luồng âm thanh)
cVwVybkZG4c.mp4,"Pass (Height: 1080p, FPS: 30.00)",Pass (Có luồng âm thanh)
CWVMqOc-9g8.mp4,"Pass (Height: 1080p, FPS: 25.00)",Pass (Có luồng âm thanh)
cy2ccVK5Peg.mp4,"Pass (Height: 1080p, FPS: 25.00)",Pass (Có luồng âm thanh)
cyi8OGHa_28.mp4,"Pass (Height: 1080p, FPS: 25.00)",Pass (Có luồng âm thanh)
d31XnguWocc.mp4,"Pass (Height: 1080p, FPS: 30.00)",Pass (Có luồng âm thanh)
D6LJHzWXxVE.mp4,"Pass (Height: 1080p, FPS: 29.59)",Pass (Có luồng âm thanh)
d7GXOozr45E.mp4,"Pass (Height: 1080p, FPS: 29.97)",Pass (Có luồng âm thanh)
daLBzXK7PG4.mp4,"Pass (Height: 1080p, FPS: 29.97)",Pass (Có luồng âm thanh)
dFDTb0t_Nho.mp4,"Pass (Height: 1080p, FPS: 25.00)",Pass (Có luồng âm thanh)
DFGqypUDz0s.mp4,"Pass (Height: 1080p, FPS: 30.00)",Pass (Có luồng âm thanh)
djDWsTuBB7I.mp4,"Pass (Height: 1080p, FPS: 29.97)",Pass (Có luồng âm thanh)
dLI4MOyM4Eo.mp4,"Pass (Height: 1080p, FPS: 25.00)",Pass (Có luồng âm thanh)
dm8KPJXsEQU.mp4,"Pass (Height: 1080p, FPS: 25.00)",Pass (Có luồng âm thanh)
DmopsiIjsTE.mp4,"Pass (Height: 1080p, FPS: 60.00)",Pass (Có luồng âm thanh)
dSAP8s0Au2k.mp4,"Pass (Height: 1080p, FPS: 25.00)",Pass (Có luồng âm thanh)
dWY0pv_vsHA.mp4,"Pass (Height: 1080p, FPS: 29.97)",Pass (Có luồng âm thanh)
Dz71hTGxJ3o.mp4,"Pass (Height: 1080p, FPS: 25.00)",Pass (Có luồng âm thanh)
d_SygTkXrMI.mp4,"Pass (Height: 1080p, FPS: 25.00)",Pass (Có luồng âm thanh)
E04QfwCXbkA.mp4,"Pass (Height: 720p, FPS: 25.00)",Pass (Có luồng âm thanh)
e6R336tkY9I.mp4,"Pass (Height: 720p, FPS: 29.00)",Pass (Có luồng âm thanh)
e9L2DHgRmAc.mp4,"Pass (Height: 1080p, FPS: 25.00)",Pass (Có luồng âm thanh)
Ea7FlN2uLac.mp4,"Pass (Height: 1080p, FPS: 30.00)",Pass (Có luồng âm thanh)
eamxIEAY2eQ.mp4,"Pass (Height: 1080p, FPS: 50.00)",Pass (Có luồng âm thanh)
eGXcoqVcZBw.mp4,"Pass (Height: 1080p, FPS: 25.00)",Pass (Có luồng âm thanh)
EhadbbhtNeo.mp4,"Pass (Height: 1080p, FPS: 25.00)",Pass (Có luồng âm thanh)
eJPJ2gCcok0.mp4,"Pass (Height: 1080p, FPS: 25.00)",Pass (Có luồng âm thanh)
ElLAauM-YQA.mp4,"Pass (Height: 720p, FPS: 30.00)",Pass (Có luồng âm thanh)
EMFwAo7a4rg.mp4,"Pass (Height: 1080p, FPS: 25.00)",Pass (Có luồng âm thanh)
EMKldc_Vjk8.mp4,"Pass (Height: 1080p, FPS: 30.00)",Pass (Có luồng âm thanh)
eRQixVgpzXg.mp4,"Pass (Height: 1080p, FPS: 25.00)",Pass (Có luồng âm thanh)
es96sphzwOE.mp4,"Pass (Height: 1080p, FPS: 25.00)",Pass (Có luồng âm thanh)
EsvoXI5HpwM.mp4,"Pass (Height: 1080p, FPS: 29.97)",Pass (Có luồng âm thanh)
ew9HF85bU5c.mp4,"Pass (Height: 1080p, FPS: 30.00)",Pass (Có luồng âm thanh)
EY1ZAvC_3to.mp4,"Pass (Height: 1080p, FPS: 25.00)",Pass (Có luồng âm thanh)
F-HPnckxY_Y.mp4,"Pass (Height: 1080p, FPS: 25.00)",Pass (Có luồng âm thanh)
F1JQOFSjVZg.mp4,"Pass (Height: 720p, FPS: 25.00)",Pass (Có luồng âm thanh)
F4tHiL9fKNo.mp4,"Pass (Height: 1080p, FPS: 25.00)",Pass (Có luồng âm thanh)
F8cdJOyC8h0.mp4,"Pass (Height: 1080p, FPS: 29.97)",Pass (Có luồng âm thanh)
FaSU5L2GnFo.mp4,"Pass (Height: 1080p, FPS: 29.77)",Pass (Có luồng âm thanh)
fiOZ6UEcF6c.mp4,"Pass (Height: 720p, FPS: 29.97)",Pass (Có luồng âm thanh)
fp74rEmrFyk.mp4,"Pass (Height: 1080p, FPS: 25.00)",Pass (Có luồng âm thanh)
FtLQLEDradc.mp4,"Pass (Height: 720p, FPS: 25.00)",Pass (Có luồng âm thanh)
FTrBwQ-lpIU.mp4,"Pass (Height: 1080p, FPS: 29.97)",Pass (Có luồng âm thanh)
FWGK8ttaHfQ.mp4,"Pass (Height: 1080p, FPS: 30.00)",Pass (Có luồng âm thanh)
g1PHAcOVoTU.mp4,"Pass (Height: 1080p, FPS: 25.00)",Pass (Có luồng âm thanh)
g6hBKVh_7Pk.mp4,"Pass (Height: 1080p, FPS: 25.00)",Pass (Có luồng âm thanh)
G8zJzZ9qaXI.mp4,"Pass (Height: 1080p, FPS: 29.97)",Pass (Có luồng âm thanh)
GApGFYiXNKQ.mp4,"Pass (Height: 1080p, FPS: 30.00)",Pass (Có luồng âm thanh)
gc6YfgZ6sIs.mp4,"Pass (Height: 1080p, FPS: 25.00)",Pass (Có luồng âm thanh)
gHsxuixSqz0.mp4,"Pass (Height: 1080p, FPS: 25.00)",Pass (Có luồng âm thanh)
GJU-bJZpolo.mp4,"Pass (Height: 720p, FPS: 30.00)",Pass (Có luồng âm thanh)
gm_daMqInNI.mp4,"Pass (Height: 720p, FPS: 30.00)",Pass (Có luồng âm thanh)
gpv5V9yaxy0.mp4,"Pass (Height: 1080p, FPS: 59.94)",Pass (Có luồng âm thanh)
GuUT7UMd728.mp4,"Pass (Height: 1080p, FPS: 29.97)",Pass (Có luồng âm thanh)
GXgwajQGg0A.mp4,"Pass (Height: 720p, FPS: 29.97)",Pass (Có luồng âm thanh)
gYllIv12xjQ.mp4,"Pass (Height: 1080p, FPS: 25.00)",Pass (Có luồng âm thanh)
h0SDZpHBprA.mp4,"Pass (Height: 1080p, FPS: 25.00)",Pass (Có luồng âm thanh)
H1OaIfLBC3M.mp4,"Pass (Height: 720p, FPS: 30.00)",Pass (Có luồng âm thanh)
H8wmOu_L31g.mp4,"Pass (Height: 1080p, FPS: 25.00)",Pass (Có luồng âm thanh)
Ha85y6UCyEM.mp4,"Pass (Height: 1080p, FPS: 24.00)",Pass (Có luồng âm thanh)
HdQNu5kVKsk.mp4,"Pass (Height: 1080p, FPS: 25.00)",Pass (Có luồng âm thanh)
hHj1M8YlPVo.mp4,"Pass (Height: 1080p, FPS: 30.00)",Pass (Có luồng âm thanh)
hHMGDdVhB8w.mp4,"Pass (Height: 584p, FPS: 30.00)",Pass (Có luồng âm thanh)
hjEoiiSe0is.mp4,"Pass (Height: 1080p, FPS: 25.00)",Pass (Có luồng âm thanh)
hKa3_H6H6zY.mp4,"Pass (Height: 1080p, FPS: 25.00)",Pass (Có luồng âm thanh)
Hlg2WK5pgM0.mp4,"Pass (Height: 1080p, FPS: 29.77)",Pass (Có luồng âm thanh)
HnJdjuDNxYI.mp4,"Pass (Height: 1080p, FPS: 25.00)",Pass (Có luồng âm thanh)
hNX5wQDbqnI.mp4,"Pass (Height: 720p, FPS: 25.00)",Pass (Có luồng âm thanh)
htUwB84BaTE.mp4,"Pass (Height: 1080p, FPS: 30.00)",Pass (Có luồng âm thanh)
hxoZsiA7Vs8.mp4,"Pass (Height: 1080p, FPS: 50.00)",Pass (Có luồng âm thanh)
I1Fpi1JKh0U.mp4,"Pass (Height: 1080p, FPS: 25.00)",Pass (Có luồng âm thanh)
I3JEiRZwGdc.mp4,"Pass (Height: 1080p, FPS: 29.97)",Pass (Có luồng âm thanh)
I3jjS3pMS1g.mp4,"Pass (Height: 888p, FPS: 30.00)",Pass (Có luồng âm thanh)
i4kw3VyXADI.mp4,"Pass (Height: 1080p, FPS: 30.00)",Pass (Có luồng âm thanh)
I5pa5xQhDeQ.mp4,"Pass (Height: 1080p, FPS: 50.00)",Pass (Có luồng âm thanh)
i7SoX1RseXs.mp4,"Pass (Height: 1280p, FPS: 30.00)",Pass (Có luồng âm thanh)
ibbTw714WuI.mp4,"Pass (Height: 1080p, FPS: 29.97)",Pass (Có luồng âm thanh)
icH29Xye5Uc.mp4,"Pass (Height: 1080p, FPS: 25.00)",Pass (Có luồng âm thanh)
iCpEVDZ1RCU.mp4,"Pass (Height: 1080p, FPS: 30.00)",Pass (Có luồng âm thanh)
IdY-AIaX1kw.mp4,"Pass (Height: 1080p, FPS: 25.00)",Pass (Có luồng âm thanh)
IiY1bIpLbAg.mp4,"Pass (Height: 1080p, FPS: 29.97)",Pass (Có luồng âm thanh)
ijoyJhqD740.mp4,"Pass (Height: 1080p, FPS: 25.00)",Pass (Có luồng âm thanh)
IkEGvcFugwY.mp4,"Pass (Height: 720p, FPS: 25.00)",Pass (Có luồng âm thanh)
IKmc8AcRSlI.mp4,"Pass (Height: 1080p, FPS: 25.00)",Pass (Có luồng âm thanh)
ilxA2dvz5-4.mp4,"Pass (Height: 1080p, FPS: 25.00)",Pass (Có luồng âm thanh)
iOML2JkOdm4.mp4,"Pass (Height: 1080p, FPS: 25.00)",Pass (Có luồng âm thanh)
iOtNLd8ZDDs.mp4,"Pass (Height: 1080p, FPS: 25.00)",Pass (Có luồng âm thanh)
iu0unbhbX-k.mp4,"Pass (Height: 1080p, FPS: 25.00)",Pass (Có luồng âm thanh)
IZlCQIT9fDU.mp4,"Pass (Height: 1080p, FPS: 25.00)",Pass (Có luồng âm thanh)
j1KheeAxYbQ.mp4,"Pass (Height: 1080p, FPS: 25.00)",Pass (Có luồng âm thanh)
J5JAarO_Exw.mp4,"Pass (Height: 1080p, FPS: 30.00)",Pass (Có luồng âm thanh)
jDa1sgPlVYM.mp4,"Pass (Height: 1080p, FPS: 25.00)",Pass (Có luồng âm thanh)
jeXhVP_QhJU.mp4,"Pass (Height: 1080p, FPS: 25.00)",Pass (Có luồng âm thanh)
jfQzsbl5zZc.mp4,"Pass (Height: 1920p, FPS: 29.97)",Pass (Có luồng âm thanh)
jInLQAiBlVQ.mp4,"Pass (Height: 720p, FPS: 30.00)",Pass (Có luồng âm thanh)
jivtgrA42CI.mp4,"Pass (Height: 1080p, FPS: 25.00)",Pass (Có luồng âm thanh)
jlRmqbnNoWk.mp4,"Pass (Height: 1080p, FPS: 25.00)",Pass (Có luồng âm thanh)
jRmhq0_LXU8.mp4,"Pass (Height: 1080p, FPS: 25.00)",Pass (Có luồng âm thanh)
JRWnmMm0Y70.mp4,"Pass (Height: 1080p, FPS: 25.00)",Pass (Có luồng âm thanh)
jtxzzbPQFJM.mp4,"Pass (Height: 1080p, FPS: 50.00)",Pass (Có luồng âm thanh)
jvfkB28zTAY.mp4,"Pass (Height: 1080p, FPS: 29.97)",Pass (Có luồng âm thanh)
kaMNjJDIkp4.mp4,"Pass (Height: 1080p, FPS: 25.00)",Pass (Có luồng âm thanh)
kCvam_UvzO0.mp4,"Pass (Height: 1080p, FPS: 29.97)",Pass (Có luồng âm thanh)
kEJZWaY8MGo.mp4,"Pass (Height: 1080p, FPS: 25.00)",Pass (Có luồng âm thanh)
kGpEJagNHDg.mp4,"Pass (Height: 1080p, FPS: 25.00)",Pass (Có luồng âm thanh)
KGzI9Ufjctc.mp4,"Pass (Height: 1080p, FPS: 30.00)",Pass (Có luồng âm thanh)
KithesVhFR8.mp4,"Pass (Height: 1080p, FPS: 30.00)",Pass (Có luồng âm thanh)
KJO_T1XfUSA.mp4,"Pass (Height: 1080p, FPS: 25.00)",Pass (Có luồng âm thanh)
KjSzxPVGE30.mp4,"Pass (Height: 720p, FPS: 25.00)",Pass (Có luồng âm thanh)
kKT80S0f40M.mp4,"Pass (Height: 1080p, FPS: 25.00)",Pass (Có luồng âm thanh)
Km_bUH22FBg.mp4,"Pass (Height: 1080p, FPS: 30.00)",Pass (Có luồng âm thanh)
Kovwk0Xfnes.mp4,"Pass (Height: 1080p, FPS: 25.00)",Pass (Có luồng âm thanh)
kpl2x_spetg.mp4,"Pass (Height: 1080p, FPS: 25.00)",Pass (Có luồng âm thanh)
KQKQdxS_Urk.mp4,"Pass (Height: 1080p, FPS: 30.00)",Pass (Có luồng âm thanh)
Ku0ouM2l_qI.mp4,"Pass (Height: 1080p, FPS: 25.00)",Pass (Có luồng âm thanh)
Kuz5u9XUxDM.mp4,"Pass (Height: 1080p, FPS: 25.00)",Pass (Có luồng âm thanh)
kVBggivYm2w.mp4,"Pass (Height: 1080p, FPS: 29.97)",Pass (Có luồng âm thanh)
kVbtRZLU5lk.mp4,"Pass (Height: 1080p, FPS: 25.00)",Pass (Có luồng âm thanh)
Kx_k2LsAu2A.mp4,"Pass (Height: 1080p, FPS: 25.00)",Pass (Có luồng âm thanh)
kytFtB_wf1U.mp4,"Pass (Height: 1080p, FPS: 25.00)",Pass (Có luồng âm thanh)
l9jY99iqS48.mp4,"Pass (Height: 2160p, FPS: 30.00)",Pass (Có luồng âm thanh)
lFiT3vyjLdw.mp4,"Pass (Height: 1080p, FPS: 25.00)",Pass (Có luồng âm thanh)
Lfs_5zAu2xE.mp4,"Pass (Height: 1080p, FPS: 29.97)",Pass (Có luồng âm thanh)
LG6I_Z1INtw.mp4,"Pass (Height: 1080p, FPS: 25.00)",Pass (Có luồng âm thanh)
Lg8IEMU8Z-I.mp4,"Pass (Height: 1080p, FPS: 25.00)",Pass (Có luồng âm thanh)
lHzOISxAQSg.mp4,"Pass (Height: 720p, FPS: 30.00)",Pass (Có luồng âm thanh)
lKAN7qiV5Do.mp4,"Pass (Height: 1080p, FPS: 29.97)",Pass (Có luồng âm thanh)
lMkFDhP5bHU.mp4,"Pass (Height: 1080p, FPS: 25.00)",Pass (Có luồng âm thanh)
lnY3NXs6KXk.mp4,"Pass (Height: 1080p, FPS: 29.97)",Pass (Có luồng âm thanh)
lq_tau31IE0.mp4,"Pass (Height: 1080p, FPS: 25.00)",Pass (Có luồng âm thanh)
LRHfSa_pxj4.mp4,"Pass (Height: 1080p, FPS: 30.00)",Pass (Có luồng âm thanh)
LRlj3-dA5G4.mp4,"Pass (Height: 1080p, FPS: 29.00)",Pass (Có luồng âm thanh)
lu9nW4ECKOE.mp4,"Pass (Height: 1080p, FPS: 30.00)",Pass (Có luồng âm thanh)
lVp1v4AmC8c.mp4,"Pass (Height: 1080p, FPS: 25.00)",Pass (Có luồng âm thanh)
Lzd2pc66G4s.mp4,"Pass (Height: 1080p, FPS: 25.00)",Pass (Có luồng âm thanh)
M1iMhf3wRDw.mp4,"Pass (Height: 1080p, FPS: 30.00)",Pass (Có luồng âm thanh)
m8yDb_BV7gA.mp4,"Pass (Height: 1080p, FPS: 25.00)",Pass (Có luồng âm thanh)
mAyLOAEdqws.mp4,"Pass (Height: 2160p, FPS: 25.00)",Pass (Có luồng âm thanh)
mblXgzQpc1U.mp4,"Pass (Height: 1080p, FPS: 30.00)",Pass (Có luồng âm thanh)
mb_bZTkJ-jA.mp4,"Pass (Height: 720p, FPS: 30.00)",Pass (Có luồng âm thanh)
md8vbfhvJcI.mp4,"Pass (Height: 720p, FPS: 25.00)",Pass (Có luồng âm thanh)
MgH-vP4JdDU.mp4,"Pass (Height: 1080p, FPS: 25.00)",Pass (Có luồng âm thanh)
mItfYIphEiE.mp4,"Pass (Height: 1080p, FPS: 25.00)",Pass (Có luồng âm thanh)
MKdREqCLhMw.mp4,"Pass (Height: 1080p, FPS: 25.00)",Pass (Có luồng âm thanh)
MKN5iRYhflc.mp4,"Pass (Height: 1080p, FPS: 30.00)",Pass (Có luồng âm thanh)
MpVfVbPdmis.mp4,"Pass (Height: 1080p, FPS: 25.00)",Pass (Có luồng âm thanh)
mqcJDdP4rq0.mp4,"Pass (Height: 1080p, FPS: 30.00)",Pass (Có luồng âm thanh)
mWM8fljKILQ.mp4,"Pass (Height: 2160p, FPS: 30.00)",Pass (Có luồng âm thanh)
MwsS68sUZhU.mp4,"Pass (Height: 1080p, FPS: 25.00)",Pass (Có luồng âm thanh)
mxpeM5widNk.mp4,"Pass (Height: 1080p, FPS: 25.00)",Pass (Có luồng âm thanh)
N-u0pKUN6iw.mp4,"Pass (Height: 1080p, FPS: 30.00)",Pass (Có luồng âm thanh)
n2JM7o07uZQ.mp4,"Pass (Height: 1080p, FPS: 25.00)",Pass (Có luồng âm thanh)
NBPfzaOKYIo.mp4,"Pass (Height: 1080p, FPS: 30.00)",Pass (Có luồng âm thanh)
nBSTpJOZ4sU.mp4,"Pass (Height: 1080p, FPS: 25.00)",Pass (Có luồng âm thanh)
nePQpFdBva4.mp4,"Pass (Height: 1080p, FPS: 50.00)",Pass (Có luồng âm thanh)
NHyI4-Xjzi0.mp4,"Pass (Height: 720p, FPS: 59.94)",Pass (Có luồng âm thanh)
nKNZ1KNKBME.mp4,"Pass (Height: 1080p, FPS: 24.00)",Pass (Có luồng âm thanh)
nMUDFU5nusM.mp4,"Pass (Height: 1080p, FPS: 30.00)",Pass (Có luồng âm thanh)
noHCxG0DHN8.mp4,"Pass (Height: 720p, FPS: 30.00)",Pass (Có luồng âm thanh)
nOjWdb2h8vw.mp4,"Pass (Height: 1920p, FPS: 29.97)",Pass (Có luồng âm thanh)
nucXPk9xRT0.mp4,"Pass (Height: 1080p, FPS: 28.83)",Pass (Có luồng âm thanh)
nuPgFmDJJiM.mp4,"Pass (Height: 1080p, FPS: 50.00)",Pass (Có luồng âm thanh)
nVh2E8CFkGk.mp4,"Pass (Height: 720p, FPS: 25.00)",Pass (Có luồng âm thanh)
NvXLrd4toVI.mp4,"Pass (Height: 1080p, FPS: 25.00)",Pass (Có luồng âm thanh)
Nw3N73GJ2Zo.mp4,"Pass (Height: 1080p, FPS: 25.00)",Pass (Có luồng âm thanh)
o0h-JgBsgbc.mp4,"Pass (Height: 1080p, FPS: 29.97)",Pass (Có luồng âm thanh)
o0SbDgHizNY.mp4,"Pass (Height: 1080p, FPS: 25.00)",Pass (Có luồng âm thanh)
O13c0GdEtyY.mp4,"Pass (Height: 1080p, FPS: 25.00)",Pass (Có luồng âm thanh)
O81_PgKiCas.mp4,"Pass (Height: 1080p, FPS: 25.00)",Pass (Có luồng âm thanh)
OBZikpS7uFo.mp4,"Pass (Height: 1080p, FPS: 25.00)",Pass (Có luồng âm thanh)
oCiIxqhjNuk.mp4,"Pass (Height: 1080p, FPS: 29.97)",Pass (Có luồng âm thanh)
OHzH7KyyUec.mp4,"Pass (Height: 1080p, FPS: 25.00)",Pass (Có luồng âm thanh)
Oiqp0k6oPoQ.mp4,"Pass (Height: 720p, FPS: 28.00)",Pass (Có luồng âm thanh)
okuTGgf1apU.mp4,"Pass (Height: 720p, FPS: 30.00)",Pass (Có luồng âm thanh)
okygVjgD02Y.mp4,"Pass (Height: 1080p, FPS: 29.97)",Pass (Có luồng âm thanh)
OoHHt9N21zE.mp4,"Pass (Height: 720p, FPS: 30.00)",Pass (Có luồng âm thanh)
Oq7yuET6Hz8.mp4,"Pass (Height: 720p, FPS: 25.00)",Pass (Có luồng âm thanh)
orxWmka7DQE.mp4,"Pass (Height: 720p, FPS: 29.97)",Pass (Có luồng âm thanh)
oTvG0Fb14_M.mp4,"Pass (Height: 1080p, FPS: 30.00)",Pass (Có luồng âm thanh)
ouCPqISuqAU.mp4,"Pass (Height: 1080p, FPS: 25.00)",Pass (Có luồng âm thanh)
OVHet7Y0jQk.mp4,"Pass (Height: 1080p, FPS: 25.00)",Pass (Có luồng âm thanh)
oxYn-0AMz-Q.mp4,"Pass (Height: 1080p, FPS: 25.00)",Pass (Có luồng âm thanh)
Oyg3846FNTc.mp4,"Pass (Height: 2160p, FPS: 25.00)",Pass (Có luồng âm thanh)
OZolcCDYwe4.mp4,"Pass (Height: 1080p, FPS: 25.00)",Pass (Có luồng âm thanh)
P3K1OaKR4nY.mp4,"Pass (Height: 1080p, FPS: 29.97)",Pass (Có luồng âm thanh)
p6Sb5jx1rsw.mp4,"Pass (Height: 1080p, FPS: 30.00)",Pass (Có luồng âm thanh)
PdJ_b2ogNHs.mp4,"Pass (Height: 1080p, FPS: 29.97)",Pass (Có luồng âm thanh)
PRomoeOnW0s.mp4,"Pass (Height: 1080p, FPS: 25.00)",Pass (Có luồng âm thanh)
PY0oTKCWPaQ.mp4,"Pass (Height: 1080p, FPS: 24.00)",Pass (Có luồng âm thanh)
Q0zJd4FqyxA.mp4,"Pass (Height: 1080p, FPS: 25.00)",Pass (Có luồng âm thanh)
Q1m7GzsNvaY.mp4,"Pass (Height: 720p, FPS: 25.00)",Pass (Có luồng âm thanh)
Q2AP59qM0Wo.mp4,"Pass (Height: 720p, FPS: 30.00)",Pass (Có luồng âm thanh)
Q2V0x4bPq7w.mp4,"Pass (Height: 1080p, FPS: 30.00)",Pass (Có luồng âm thanh)
q4E_FLa0QEA.mp4,"Pass (Height: 1080p, FPS: 30.00)",Pass (Có luồng âm thanh)
q6KGv9Mudbw.mp4,"Pass (Height: 1080p, FPS: 25.00)",Pass (Có luồng âm thanh)
qflTjLA-lH0.mp4,"Pass (Height: 1080p, FPS: 25.00)",Pass (Có luồng âm thanh)
qh78i88JEiU.mp4,"Pass (Height: 720p, FPS: 25.00)",Pass (Có luồng âm thanh)
Qkdyus1My0Q.mp4,"Pass (Height: 1080p, FPS: 29.97)",Pass (Có luồng âm thanh)
QnD0fDi2V8U.mp4,"Pass (Height: 1080p, FPS: 30.00)",Pass (Có luồng âm thanh)
QNi3UYMFCZk.mp4,"Pass (Height: 1080p, FPS: 25.00)",Pass (Có luồng âm thanh)
QOJMmsJY5c4.mp4,"Pass (Height: 1080p, FPS: 25.00)",Pass (Có luồng âm thanh)
qrF3KZAaLZg.mp4,"Pass (Height: 1080p, FPS: 30.00)",Pass (Có luồng âm thanh)
quTN4uD8h4s.mp4,"Pass (Height: 1080p, FPS: 30.00)",Pass (Có luồng âm thanh)
QvcJMD7vkHg.mp4,"Pass (Height: 1080p, FPS: 30.00)",Pass (Có luồng âm thanh)
QwKr8x7kfuo.mp4,"Pass (Height: 1080p, FPS: 25.00)",Pass (Có luồng âm thanh)
qwnzKjjauR8.mp4,"Pass (Height: 1080p, FPS: 29.97)",Pass (Có luồng âm thanh)
qX04FpUy1Ls.mp4,"Pass (Height: 1080p, FPS: 25.00)",Pass (Có luồng âm thanh)
qXQAyXz3hlw.mp4,"Pass (Height: 720p, FPS: 25.00)",Pass (Có luồng âm thanh)
r19t87SvWbs.mp4,"Pass (Height: 886p, FPS: 30.00)",Pass (Có luồng âm thanh)
R2Q1a70DrGI.mp4,"Pass (Height: 1080p, FPS: 25.00)",Pass (Có luồng âm thanh)
R5y53Ud7Fs8.mp4,"Pass (Height: 1080p, FPS: 25.00)",Pass (Có luồng âm thanh)
Rb2MR5E5agM.mp4,"Pass (Height: 1080p, FPS: 25.00)",Pass (Có luồng âm thanh)
rbZkn6-t1A8.mp4,"Pass (Height: 1080p, FPS: 25.00)",Pass (Có luồng âm thanh)
rcoaBEHJ6G0.mp4,"Pass (Height: 1080p, FPS: 25.00)",Pass (Có luồng âm thanh)
RESusKKocoo.mp4,"Pass (Height: 1080p, FPS: 29.97)",Pass (Có luồng âm thanh)
RfQGUSACTiA.mp4,"Pass (Height: 720p, FPS: 30.00)",Pass (Có luồng âm thanh)
RihdSv_xzHE.mp4,"Pass (Height: 1080p, FPS: 25.00)",Pass (Có luồng âm thanh)
RJ343YcTIlE.mp4,"Pass (Height: 1080p, FPS: 25.00)",Pass (Có luồng âm thanh)
RkLu6CURyeM.mp4,"Pass (Height: 720p, FPS: 25.00)",Pass (Có luồng âm thanh)
RoXXg62YfpM.mp4,"Pass (Height: 1080p, FPS: 29.97)",Pass (Có luồng âm thanh)
rPe3ENW22fg.mp4,"Pass (Height: 1080p, FPS: 25.00)",Pass (Có luồng âm thanh)
rPvuTAzZe4o.mp4,"Pass (Height: 1080p, FPS: 25.00)",Pass (Có luồng âm thanh)
rrz3lGNYmfE.mp4,"Pass (Height: 1080p, FPS: 25.00)",Pass (Có luồng âm thanh)
RV1fod_otSw.mp4,"Pass (Height: 1080p, FPS: 59.94)",Pass (Có luồng âm thanh)
rwk-AlvnwfA.mp4,"Pass (Height: 1080p, FPS: 29.97)",Pass (Có luồng âm thanh)
RwUYRmP47Pg.mp4,"Pass (Height: 1080p, FPS: 25.00)",Pass (Có luồng âm thanh)
rxX_gy45U9Q.mp4,"Pass (Height: 720p, FPS: 25.00)",Pass (Có luồng âm thanh)
RY6V7DqGnTw.mp4,"Pass (Height: 720p, FPS: 30.00)",Pass (Có luồng âm thanh)
r_hlTeNK_lA.mp4,"Pass (Height: 1080p, FPS: 25.00)",Pass (Có luồng âm thanh)
S3x831Y-UXU.mp4,"Pass (Height: 1080p, FPS: 30.00)",Pass (Có luồng âm thanh)
sDVTmdupGlg.mp4,"Pass (Height: 1080p, FPS: 25.00)",Pass (Có luồng âm thanh)
SJi3RoRyyYE.mp4,"Pass (Height: 720p, FPS: 30.00)",Pass (Có luồng âm thanh)
sJSREVlBiVo.mp4,"Pass (Height: 1080p, FPS: 30.00)",Pass (Có luồng âm thanh)
SKvwf1lmhfw.mp4,"Pass (Height: 1080p, FPS: 30.00)",Pass (Có luồng âm thanh)
sKw6a37t-uE.mp4,"Pass (Height: 1080p, FPS: 25.00)",Pass (Có luồng âm thanh)
slKwoHjtMBI.mp4,"Pass (Height: 1080p, FPS: 30.00)",Pass (Có luồng âm thanh)
SruxmrW5Dn0.mp4,"Pass (Height: 1080p, FPS: 25.00)",Pass (Có luồng âm thanh)
SS0cn091afw.mp4,"Pass (Height: 1080p, FPS: 25.00)",Pass (Có luồng âm thanh)
sW5Nf8fj1wY.mp4,"Pass (Height: 1080p, FPS: 30.00)",Pass (Có luồng âm thanh)
S_pqZSavJ_M.mp4,"Pass (Height: 1080p, FPS: 25.00)",Pass (Có luồng âm thanh)
T2YnQVqGYgo.mp4,"Pass (Height: 1080p, FPS: 25.00)",Pass (Có luồng âm thanh)
t6uBz4HwSTg.mp4,"Pass (Height: 1080p, FPS: 30.00)",Pass (Có luồng âm thanh)
t8hKH960SUY.mp4,"Pass (Height: 1080p, FPS: 30.00)",Pass (Có luồng âm thanh)
TApXSRLeuhI.mp4,"Pass (Height: 720p, FPS: 25.00)",Pass (Có luồng âm thanh)
tb1qObc8iIg.mp4,"Pass (Height: 2160p, FPS: 29.97)",Pass (Có luồng âm thanh)
TBWhUjWBT3g.mp4,"Pass (Height: 1080p, FPS: 29.97)",Pass (Có luồng âm thanh)
td-IwBM35S4.mp4,"Pass (Height: 1080p, FPS: 29.97)",Pass (Có luồng âm thanh)
TDQsWfHsEsk.mp4,"Pass (Height: 1080p, FPS: 29.97)",Pass (Có luồng âm thanh)
tFTh1jkOT9Q.mp4,"Pass (Height: 1080p, FPS: 25.00)",Pass (Có luồng âm thanh)
tIoN9z-tn7k.mp4,"Pass (Height: 1080p, FPS: 29.61)",Pass (Có luồng âm thanh)
tKedBMzTZGU.mp4,"Pass (Height: 1080p, FPS: 30.00)",Pass (Có luồng âm thanh)
TKeIKTW0Dzk.mp4,"Pass (Height: 1080p, FPS: 30.00)",Pass (Có luồng âm thanh)
tKGEZ3k9gjc.mp4,"Pass (Height: 1080p, FPS: 25.00)",Pass (Có luồng âm thanh)
TN4rcs2r038.mp4,"Pass (Height: 720p, FPS: 29.97)",Pass (Có luồng âm thanh)
TNeMNrmvxFo.mp4,"Pass (Height: 1080p, FPS: 25.00)",Pass (Có luồng âm thanh)
TuPDzdbwAYY.mp4,"Pass (Height: 1080p, FPS: 30.00)",Pass (Có luồng âm thanh)
txJDTTRW1cI.mp4,"Pass (Height: 1080p, FPS: 25.00)",Pass (Có luồng âm thanh)
tyc0Qpf1Kf8.mp4,"Pass (Height: 1080p, FPS: 25.00)",Pass (Có luồng âm thanh)
tzfOPG9WhJ0.mp4,"Pass (Height: 2160p, FPS: 25.00)",Pass (Có luồng âm thanh)
T_XCvMIcc88.mp4,"Pass (Height: 1080p, FPS: 59.94)",Pass (Có luồng âm thanh)
U2d_k42o09U.mp4,"Pass (Height: 1080p, FPS: 25.00)",Pass (Có luồng âm thanh)
u32Ya01493w.mp4,"Pass (Height: 1080p, FPS: 29.97)",Pass (Có luồng âm thanh)
u4AumpXc-qc.mp4,"Pass (Height: 720p, FPS: 29.97)",Pass (Có luồng âm thanh)
u5DWYmuY2bk.mp4,"Pass (Height: 1080p, FPS: 25.00)",Pass (Có luồng âm thanh)
ucLlKRrtTN8.mp4,"Pass (Height: 2160p, FPS: 59.94)",Pass (Có luồng âm thanh)
udGnm2fQw50.mp4,"Pass (Height: 720p, FPS: 30.00)",Pass (Có luồng âm thanh)
UEM7ZBbvrh4.mp4,"Pass (Height: 1080p, FPS: 30.00)",Pass (Có luồng âm thanh)
ueP0_yeDDOo.mp4,"Pass (Height: 1080p, FPS: 25.00)",Pass (Có luồng âm thanh)
UgrsQR4RTLw.mp4,"Pass (Height: 1080p, FPS: 30.00)",Pass (Có luồng âm thanh)
UpkkZbkEL6M.mp4,"Pass (Height: 2160p, FPS: 30.00)",Pass (Có luồng âm thanh)
uR2cAvpiYSs.mp4,"Pass (Height: 1080p, FPS: 30.00)",Pass (Có luồng âm thanh)
usfv-YmWPBs.mp4,"Pass (Height: 720p, FPS: 25.00)",Pass (Có luồng âm thanh)
UZH4d1_NlI8.mp4,"Pass (Height: 720p, FPS: 25.00)",Pass (Có luồng âm thanh)
VCO4vX6QlxM.mp4,"Pass (Height: 1080p, FPS: 30.00)",Pass (Có luồng âm thanh)
vCoi-ZvkA_c.mp4,"Pass (Height: 1080p, FPS: 25.00)",Pass (Có luồng âm thanh)
VdHT9nXSw-8.mp4,"Pass (Height: 1080p, FPS: 30.00)",Pass (Có luồng âm thanh)
vE8wJ17uidE.mp4,"Pass (Height: 1080p, FPS: 30.00)",Pass (Có luồng âm thanh)
vFhiH29FXxE.mp4,"Pass (Height: 720p, FPS: 30.00)",Pass (Có luồng âm thanh)
VgGwgxT1hm0.mp4,"Pass (Height: 1080p, FPS: 30.00)",Pass (Có luồng âm thanh)
VgnHDIp9x5s.mp4,"Pass (Height: 1080p, FPS: 25.00)",Pass (Có luồng âm thanh)
vHJhbuxCqmc.mp4,"Pass (Height: 1080p, FPS: 59.90)",Pass (Có luồng âm thanh)
ViEjwRu-j3o.mp4,"Pass (Height: 1080p, FPS: 25.00)",Pass (Có luồng âm thanh)
vMcmYmAI4Ew.mp4,"Pass (Height: 1080p, FPS: 24.00)",Pass (Có luồng âm thanh)
VMfiHBTDDbc.mp4,"Pass (Height: 2160p, FPS: 25.00)",Pass (Có luồng âm thanh)
VqcyH3fnubE.mp4,"Pass (Height: 720p, FPS: 29.97)",Pass (Có luồng âm thanh)
vqmz6Ras5ns.mp4,"Pass (Height: 1080p, FPS: 30.00)",Pass (Có luồng âm thanh)
VR3LDP4mT_c.mp4,"Pass (Height: 2160p, FPS: 29.97)",Pass (Có luồng âm thanh)
vSbsHomePqE.mp4,"Pass (Height: 720p, FPS: 60.00)",Pass (Có luồng âm thanh)
VSERYLVfH7U.mp4,"Pass (Height: 1080p, FPS: 25.00)",Pass (Có luồng âm thanh)
vWIrluPVe64.mp4,"Pass (Height: 1080p, FPS: 30.00)",Pass (Có luồng âm thanh)
Vx59ouLloCg.mp4,"Pass (Height: 1080p, FPS: 30.00)",Pass (Có luồng âm thanh)
VYotaqBOWkI.mp4,"Pass (Height: 1080p, FPS: 29.97)",Pass (Có luồng âm thanh)
vZRkeUx8LOU.mp4,"Pass (Height: 1080p, FPS: 25.00)",Pass (Có luồng âm thanh)
w8nTnXGMRVM.mp4,"Pass (Height: 1080p, FPS: 29.97)",Pass (Có luồng âm thanh)
WaXg8jE7yLU.mp4,"Pass (Height: 1080p, FPS: 25.00)",Pass (Có luồng âm thanh)
WEn1JaD70dQ.mp4,"Pass (Height: 1080p, FPS: 25.00)",Pass (Có luồng âm thanh)
WsHg9aCVIw0.mp4,"Pass (Height: 1080p, FPS: 25.00)",Pass (Có luồng âm thanh)
wttuvGomhr4.mp4,"Pass (Height: 1080p, FPS: 30.00)",Pass (Có luồng âm thanh)
WumvwG5Jk9o.mp4,"Pass (Height: 1080p, FPS: 30.00)",Pass (Có luồng âm thanh)
Wv2KVSy4j3E.mp4,"Pass (Height: 1080p, FPS: 29.97)",Pass (Có luồng âm thanh)
wXgGPMFD6DA.mp4,"Pass (Height: 1080p, FPS: 25.00)",Pass (Có luồng âm thanh)
WXLKrhJtTLA.mp4,"Pass (Height: 720p, FPS: 29.97)",Pass (Có luồng âm thanh)
WZI5VJr4rMw.mp4,"Pass (Height: 1188p, FPS: 30.00)",Pass (Có luồng âm thanh)
x-Mij9RO6Tc.mp4,"Pass (Height: 1080p, FPS: 59.94)",Pass (Có luồng âm thanh)
x0i5w_1fjDM.mp4,"Pass (Height: 720p, FPS: 25.00)",Pass (Có luồng âm thanh)
x7bWqXbF030.mp4,"Pass (Height: 720p, FPS: 30.00)",Pass (Có luồng âm thanh)
X9RVmFFjGY8.mp4,"Pass (Height: 1080p, FPS: 49.80)",Pass (Có luồng âm thanh)
Xa6Pn88tiF4.mp4,"Pass (Height: 1080p, FPS: 29.97)",Pass (Có luồng âm thanh)
xDtxtg7BajU.mp4,"Pass (Height: 1080p, FPS: 30.00)",Pass (Có luồng âm thanh)
xfYTbyjf4GY.mp4,"Pass (Height: 720p, FPS: 29.97)",Pass (Có luồng âm thanh)
Xigg3vUV2Gw.mp4,"Pass (Height: 1080p, FPS: 29.97)",Pass (Có luồng âm thanh)
xjTnaI3tItI.mp4,"Pass (Height: 720p, FPS: 29.97)",Pass (Có luồng âm thanh)
xOrGF328sRI.mp4,"Pass (Height: 1080p, FPS: 25.00)",Pass (Có luồng âm thanh)
xpIvMtfH-m8.mp4,"Pass (Height: 1080p, FPS: 29.97)",Pass (Có luồng âm thanh)
XwMwDTPAyAo.mp4,"Pass (Height: 1080p, FPS: 25.00)",Pass (Có luồng âm thanh)
xxmeqc8hV-I.mp4,"Pass (Height: 1080p, FPS: 25.00)",Pass (Có luồng âm thanh)
y3vBfCdY2tQ.mp4,"Pass (Height: 1080p, FPS: 25.00)",Pass (Có luồng âm thanh)
y7wUMZprTmQ.mp4,"Pass (Height: 720p, FPS: 25.00)",Pass (Có luồng âm thanh)
y9_TESYEbmA.mp4,"Pass (Height: 720p, FPS: 25.00)",Pass (Có luồng âm thanh)
ylKiFd-TLDk.mp4,"Pass (Height: 1080p, FPS: 25.00)",Pass (Có luồng âm thanh)
YRkM-xx0aOY.mp4,"Pass (Height: 1080p, FPS: 30.00)",Pass (Có luồng âm thanh)
yVaMXXkbqfU.mp4,"Pass (Height: 720p, FPS: 25.00)",Pass (Có luồng âm thanh)
yWNpIJu2PsI.mp4,"Pass (Height: 1080p, FPS: 25.00)",Pass (Có luồng âm thanh)
z0ZM1kEnmJI.mp4,"Pass (Height: 1080p, FPS: 25.00)",Pass (Có luồng âm thanh)
z4d_u0Bo2xM.mp4,"Pass (Height: 720p, FPS: 29.97)",Pass (Có luồng âm thanh)
zC67DRElhUE.mp4,"Pass (Height: 1080p, FPS: 25.00)",Pass (Có luồng âm thanh)
zcqQjp9Ei7M.mp4,"Pass (Height: 1080p, FPS: 30.00)",Pass (Có luồng âm thanh)
zfRcxNy23l0.mp4,"Pass (Height: 1080p, FPS: 25.00)",Pass (Có luồng âm thanh)
ZHP-Z72Dlyk.mp4,"Pass (Height: 720p, FPS: 28.41)",Pass (Có luồng âm thanh)
zPFldvw6wSY.mp4,"Pass (Height: 1080p, FPS: 25.00)",Pass (Có luồng âm thanh)
zpU3pWxEOlA.mp4,"Pass (Height: 1080p, FPS: 25.00)",Pass (Có luồng âm thanh)
ZQidPMdmsHQ.mp4,"Pass (Height: 720p, FPS: 28.58)",Pass (Có luồng âm thanh)
ztblIi_pMPE.mp4,"Pass (Height: 1080p, FPS: 25.00)",Pass (Có luồng âm thanh)
ZtP2Dyj7YMM.mp4,"Pass (Height: 1080p, FPS: 25.00)",Pass (Có luồng âm thanh)
zYJFzHi2Ebw.mp4,"Pass (Height: 720p, FPS: 30.00)",Pass (Có luồng âm thanh)
zYrsoxOVN4U.mp4,"Pass (Height: 720p, FPS: 25.00)",Pass (Có luồng âm thanh)
_7pfLsJliRI.mp4,"Pass (Height: 1080p, FPS: 30.00)",Pass (Có luồng âm thanh)
_adzgpYkn_c.mp4,"Pass (Height: 1080p, FPS: 25.00)",Pass (Có luồng âm thanh)
_hCWh-EXL2E.mp4,"Pass (Height: 2160p, FPS: 30.00)",Pass (Có luồng âm thanh)
_L2nBN0l7QI.mp4,"Pass (Height: 1080p, FPS: 59.94)",Pass (Có luồng âm thanh)
_qS_wzMNpWM.mp4,"Pass (Height: 1080p, FPS: 25.00)",Pass (Có luồng âm thanh)
_UEZaDjz02I.mp4,"Pass (Height: 1080p, FPS: 29.97)",Pass (Có luồng âm thanh)
_uwA_Q6xsFM.mp4,"Pass (Height: 1080p, FPS: 29.97)",Pass (Có luồng âm thanh)
_vXpBjSLDkQ.mp4,"Pass (Height: 1080p, FPS: 30.00)",Pass (Có luồng âm thanh)
_ytxzd_eolw.mp4,"Pass (Height: 1080p, FPS: 29.97)",Pass (Có luồng âm thanh)