clip_id,file_path,decision,reason,bad_intervals_json,reviewer_id,rubric_version,ts
OCjAl_U1JMk_s0001200706_e0001206270,OCjAl_U1JMk_s0001200706_e0001206270.mp4,keep,,[],nguyenlamanh,v3,2026-09-17 11:54:17
j60KF89vXkg_s0000119298_e0000122174,j60KF89vXkg_s0000119298_e0000122174.mp4,keep,,[],nguyenlamanh,v3,2026-09-16 11:12:08
5CNS_gaH16c_s0000292706_e0000297086,5CNS_gaH16c_s0000292706_e0000297086.mp4,reject,mouth,"[{""start_ms"":1429,""end_ms"":2305,""reason"":""mouth""}]",nguyenlamanh,v3,2026-09-17 11:40:10
71HzPcvxNJM_s0000465474_e0000471230,71HzPcvxNJM_s0000465474_e0000471230.mp4,reject,mouth,"[{""start_ms"":4541,""end_ms"":5062,""reason"":""mouth""}]",nguyenlamanh,v3,2026-09-17 10:26:41
0cHIyeLFYOk_s0000898658_e0000901982,0cHIyeLFYOk_s0000898658_e0000901982.mp4,keep,,[],nguyenlamanh,v3,2026-09-16 16:34:58
j60KF89vXkg_s0000734658_e0000739006,j60KF89vXkg_s0000734658_e0000739006.mp4,keep,,[],nguyenlamanh,v3,2026-09-17 11:14:23
WgzSaOvFKrc_s0000760354_e0000765354,WgzSaOvFKrc_s0000760354_e0000765354.mp4,keep,,[],nguyenlamanh,v3,2026-09-16 16:51:35
Pj0KGAllzfs_s0000493762_e0000496830,Pj0KGAllzfs_s0000493762_e0000496830.mp4,reject,small_face,"[{""start_ms"":0,""end_ms"":3080,""reason"":""small_face""}]",nguyenlamanh,v3,2026-09-17 10:58:01
71HzPcvxNJM_s0000698370_e0000703006,71HzPcvxNJM_s0000698370_e0000703006.mp4,keep,,[],nguyenlamanh,v3,2026-09-16 11:43:25
5CNS_gaH16c_s0000257986_e0000263038,5CNS_gaH16c_s0000257986_e0000263038.mp4,keep,,[],nguyenlamanh,v3,2026-09-17 11:56:24
bcOT0JHr3Qc_s0000123138_e0000125886,bcOT0JHr3Qc_s0000123138_e0000125886.mp4,reject,mouth,"[{""start_ms"":0,""end_ms"":1415,""reason"":""mouth""}]",nguyenlamanh,v3,2026-09-16 11:01:01
3lHEAWJhKe8_s0000314050_e0000317086,3lHEAWJhKe8_s0000314050_e0000317086.mp4,keep,,[],nguyenlamanh,v3,2026-09-16 15:48:11
KUVGZwkwd68_s0000480226_e0000482942,KUVGZwkwd68_s0000480226_e0000482942.mp4,keep,,[],nguyenlamanh,v3,2026-09-16 10:28:21
3lHEAWJhKe8_s0000129986_e0000134986,3lHEAWJhKe8_s0000129986_e0000134986.mp4,reject,cut,"[{""start_ms"":4202,""end_ms"":4678,""reason"":""cut""}]",nguyenlamanh,v3,2026-09-17 10:00:13
Pj0KGAllzfs_s0001042754_e0001045470,Pj0KGAllzfs_s0001042754_e0001045470.mp4,reject,small_face,"[{""start_ms"":0,""end_ms"":2720,""reason"":""small_face""}]",nguyenlamanh,v3,2026-09-17 11:54:33
gTTtVb-Q31w_s0000344354_e0000347006,gTTtVb-Q31w_s0000344354_e0000347006.mp4,keep,,[],nguyenlamanh,v3,2026-09-17 11:46:08
OCjAl_U1JMk_s0000394050_e0000396222,OCjAl_U1JMk_s0000394050_e0000396222.mp4,keep,,[],nguyenlamanh,v3,2026-09-16 23:19:05
0cHIyeLFYOk_s0000208386_e0000218366,0cHIyeLFYOk_s0000208386_e0000218366.mp4,keep,,[],nguyenlamanh,v3,2026-09-17 11:52:57
0cHIyeLFYOk_s0000845154_e0000848478,0cHIyeLFYOk_s0000845154_e0000848478.mp4,keep,,[],nguyenlamanh,v3,2026-09-17 10:47:36
5CNS_gaH16c_s0000039938_e0000049406,5CNS_gaH16c_s0000039938_e0000049406.mp4,reject,mouth,"[{""start_ms"":2606,""end_ms"":3154,""reason"":""mouth""}]",nguyenlamanh,v3,2026-09-16 16:19:11
7mvfCSW4SLw_s0000382722_e0000384830,7mvfCSW4SLw_s0000382722_e0000384830.mp4,reject,mouth,"[{""start_ms"":514,""end_ms"":794,""reason"":""mouth""}]",nguyenlamanh,v3,2026-09-17 11:48:18
bcOT0JHr3Qc_s0000596898_e0000601278,bcOT0JHr3Qc_s0000596898_e0000601278.mp4,keep,,[],nguyenlamanh,v3,2026-09-17 10:13:54
j60KF89vXkg_s0000242050_e0000248894,j60KF89vXkg_s0000242050_e0000248894.mp4,keep,,[],nguyenlamanh,v3,2026-09-14 14:49:16
Pj0KGAllzfs_s0000971970_e0000975582,Pj0KGAllzfs_s0000971970_e0000975582.mp4,reject,small_face,"[{""start_ms"":0,""end_ms"":3620,""reason"":""small_face""}]",nguyenlamanh,v3,2026-09-17 11:37:23
71HzPcvxNJM_s0000553378_e0000558878,71HzPcvxNJM_s0000553378_e0000558878.mp4,keep,,[],nguyenlamanh,v3,2026-09-17 11:32:04
qy7VoECGCm8_s0000134114_e0000138878,qy7VoECGCm8_s0000134114_e0000138878.mp4,keep,,[],nguyenlamanh,v3,2026-09-16 20:43:20
qy7VoECGCm8_s0000170306_e0000174270,qy7VoECGCm8_s0000170306_e0000174270.mp4,reject,mouth,"[{""start_ms"":595,""end_ms"":3970,""reason"":""mouth""}]",nguyenlamanh,v3,2026-09-17 11:46:52
7mvfCSW4SLw_s0000431522_e0000433886,7mvfCSW4SLw_s0000431522_e0000433886.mp4,reject,mouth,"[{""start_ms"":723,""end_ms"":1281,""reason"":""mouth""}]",nguyenlamanh,v3,2026-09-17 11:36:24
2fqXC4RQyOw_s0000648770_e0000651102,2fqXC4RQyOw_s0000648770_e0000651102.mp4,keep,,[],nguyenlamanh,v3,2026-09-17 09:59:52
gTTtVb-Q31w_s0000326050_e0000337822,gTTtVb-Q31w_s0000326050_e0000337822.mp4,keep,,[],nguyenlamanh,v3,2026-09-17 09:56:07
KUVGZwkwd68_s0000085954_e0000090942,KUVGZwkwd68_s0000085954_e0000090942.mp4,keep,,[],nguyenlamanh,v3,2026-09-14 14:44:09
gof2bUJhK3Y_s0000810498_e0000813118,gof2bUJhK3Y_s0000810498_e0000813118.mp4,keep,,[],nguyenlamanh,v3,2026-09-16 21:08:09
OCjAl_U1JMk_s0000491810_e0000494398,OCjAl_U1JMk_s0000491810_e0000494398.mp4,reject,mouth,"[{""start_ms"":374,""end_ms"":1847,""reason"":""mouth""}]",nguyenlamanh,v3,2026-09-16 11:10:46
3lHEAWJhKe8_s0000141986_e0000146986,3lHEAWJhKe8_s0000141986_e0000146986.mp4,keep,,[],nguyenlamanh,v3,2026-09-16 11:06:57
JEgxmwvo7YY_s0000034338_e0000041118,JEgxmwvo7YY_s0000034338_e0000041118.mp4,reject,mouth,"[{""start_ms"":6411,""end_ms"":6789,""reason"":""mouth""}]",nguyenlamanh,v3,2026-09-16 20:58:22
2fqXC4RQyOw_s0000611106_e0000613406,2fqXC4RQyOw_s0000611106_e0000613406.mp4,keep,,[],nguyenlamanh,v3,2026-09-17 11:56:09
KUVGZwkwd68_s0000451778_e0000456702,KUVGZwkwd68_s0000451778_e0000456702.mp4,keep,,[],nguyenlamanh,v3,2026-09-16 23:19:02
xo3VtrivRjk_s0000268866_e0000271710,xo3VtrivRjk_s0000268866_e0000271710.mp4,keep,,[],nguyenlamanh,v3,2026-09-14 15:00:42
0cHIyeLFYOk_s0000837634_e0000840094,0cHIyeLFYOk_s0000837634_e0000840094.mp4,reject,wrong_face,"[{""start_ms"":0,""end_ms"":611,""reason"":""wrong_face""}]",nguyenlamanh,v3,2026-09-17 11:20:13
xo3VtrivRjk_s0000004482_e0000010174,xo3VtrivRjk_s0000004482_e0000010174.mp4,keep,,[],nguyenlamanh,v3,2026-09-17 11:55:59
j60KF89vXkg_s0000229154_e0000232638,j60KF89vXkg_s0000229154_e0000232638.mp4,keep,,[],nguyenlamanh,v3,2026-09-16 20:48:29
xo3VtrivRjk_s0000010690_e0000015070,xo3VtrivRjk_s0000010690_e0000015070.mp4,keep,,[],nguyenlamanh,v3,2026-09-17 10:31:16
2fqXC4RQyOw_s0000220482_e0000225482,2fqXC4RQyOw_s0000220482_e0000225482.mp4,reject,mouth,"[{""start_ms"":3895,""end_ms"":4744,""reason"":""mouth""}]",nguyenlamanh,v3,2026-09-17 10:25:23
JEgxmwvo7YY_s0000807074_e0000814590,JEgxmwvo7YY_s0000807074_e0000814590.mp4,reject,mouth,"[{""start_ms"":149,""end_ms"":3672,""reason"":""mouth""}]",nguyenlamanh,v3,2026-09-17 10:27:07
bcOT0JHr3Qc_s0000608930_e0000611486,bcOT0JHr3Qc_s0000608930_e0000611486.mp4,keep,,[],nguyenlamanh,v3,2026-09-17 11:33:20
OCjAl_U1JMk_s0000197090_e0000200382,OCjAl_U1JMk_s0000197090_e0000200382.mp4,reject,mouth,"[{""start_ms"":1611,""end_ms"":1964,""reason"":""mouth""}]",nguyenlamanh,v3,2026-09-16 20:52:28
gTTtVb-Q31w_s0000049090_e0000052670,gTTtVb-Q31w_s0000049090_e0000052670.mp4,reject,mouth,"[{""start_ms"":644,""end_ms"":834,""reason"":""mouth""}]",nguyenlamanh,v3,2026-09-16 20:53:51
0cHIyeLFYOk_s0000649506_e0000655454,0cHIyeLFYOk_s0000649506_e0000655454.mp4,keep,,[],nguyenlamanh,v3,2026-09-16 20:49:35
bcOT0JHr3Qc_s0000751778_e0000756990,bcOT0JHr3Qc_s0000751778_e0000756990.mp4,reject,mouth,"[{""start_ms"":1163,""end_ms"":1744,""reason"":""mouth""}]",nguyenlamanh,v3,2026-09-17 11:13:34
KUVGZwkwd68_s0000018498_e0000023198,KUVGZwkwd68_s0000018498_e0000023198.mp4,keep,,[],nguyenlamanh,v3,2026-09-16 16:15:35
7mvfCSW4SLw_s0000623426_e0000627806,7mvfCSW4SLw_s0000623426_e0000627806.mp4,keep,,[],nguyenlamanh,v3,2026-09-16 16:37:38
7mvfCSW4SLw_s0000251042_e0000256042,7mvfCSW4SLw_s0000251042_e0000256042.mp4,keep,,[],nguyenlamanh,v3,2026-09-17 12:26:41
5QPu-wDmeTA_s0000127394_e0000129854,5QPu-wDmeTA_s0000127394_e0000129854.mp4,keep,,[],nguyenlamanh,v3,2026-09-17 10:26:21
2fqXC4RQyOw_s0000224482_e0000227966,2fqXC4RQyOw_s0000224482_e0000227966.mp4,reject,mouth,"[{""start_ms"":95,""end_ms"":517,""reason"":""mouth""}]",nguyenlamanh,v3,2026-09-16 20:50:06
WgzSaOvFKrc_s0000643138_e0000648126,WgzSaOvFKrc_s0000643138_e0000648126.mp4,keep,,[],nguyenlamanh,v3,2026-09-16 10:29:08
WgzSaOvFKrc_s0000745346_e0000747582,WgzSaOvFKrc_s0000745346_e0000747582.mp4,keep,,[],nguyenlamanh,v3,2026-09-17 11:07:32
KUVGZwkwd68_s0000294914_e0000299914,KUVGZwkwd68_s0000294914_e0000299914.mp4,reject,mouth,"[{""start_ms"":3301,""end_ms"":3566,""reason"":""mouth""}]",nguyenlamanh,v3,2026-09-17 12:35:21
WgzSaOvFKrc_s0000081250_e0000089150,WgzSaOvFKrc_s0000081250_e0000089150.mp4,keep,,[],nguyenlamanh,v3,2026-09-16 20:52:49
0cHIyeLFYOk_s0000640642_e0000644062,0cHIyeLFYOk_s0000640642_e0000644062.mp4,keep,,[],nguyenlamanh,v3,2026-09-17 10:32:07
gTTtVb-Q31w_s0000095970_e0000100970,gTTtVb-Q31w_s0000095970_e0000100970.mp4,reject,cut,"[{""start_ms"":671,""end_ms"":828,""reason"":""cut""}]",nguyenlamanh,v3,2026-09-17 12:24:59
5QPu-wDmeTA_s0000581538_e0000584062,5QPu-wDmeTA_s0000581538_e0000584062.mp4,keep,,[],nguyenlamanh,v3,2026-09-17 10:40:39
gof2bUJhK3Y_s0000519234_e0000521758,gof2bUJhK3Y_s0000519234_e0000521758.mp4,keep,,[],nguyenlamanh,v3,2026-09-16 20:48:24
WgzSaOvFKrc_s0000587938_e0000591838,WgzSaOvFKrc_s0000587938_e0000591838.mp4,keep,,[],nguyenlamanh,v3,2026-09-17 09:55:22
KUVGZwkwd68_s0000370626_e0000376606,KUVGZwkwd68_s0000370626_e0000376606.mp4,reject,cut,"[{""start_ms"":2847,""end_ms"":3056,""reason"":""cut""}]",nguyenlamanh,v3,2026-09-16 20:46:18
Pj0KGAllzfs_s0001278178_e0001280702,Pj0KGAllzfs_s0001278178_e0001280702.mp4,keep,,[],nguyenlamanh,v3,2026-09-16 16:38:35
WgzSaOvFKrc_s0000756322_e0000760222,WgzSaOvFKrc_s0000756322_e0000760222.mp4,reject,cut,"[{""start_ms"":1293,""end_ms"":1810,""reason"":""cut""}]",nguyenlamanh,v3,2026-09-17 11:55:21
gTTtVb-Q31w_s0000497474_e0000499710,gTTtVb-Q31w_s0000497474_e0000499710.mp4,keep,,[],nguyenlamanh,v3,2026-09-17 11:55:31
qy7VoECGCm8_s0000426594_e0000435710,qy7VoECGCm8_s0000426594_e0000435710.mp4,keep,,[],nguyenlamanh,v3,2026-09-17 11:34:31
gof2bUJhK3Y_s0000775266_e0000780766,gof2bUJhK3Y_s0000775266_e0000780766.mp4,keep,,[],nguyenlamanh,v3,2026-09-16 10:30:06
Pj0KGAllzfs_s0000772450_e0000775102,Pj0KGAllzfs_s0000772450_e0000775102.mp4,reject,small_face,"[{""start_ms"":0,""end_ms"":2660,""reason"":""small_face""}]",nguyenlamanh,v3,2026-09-17 11:12:45
3lHEAWJhKe8_s0000070690_e0000082622,3lHEAWJhKe8_s0000070690_e0000082622.mp4,reject,cut,"[{""start_ms"":4479,""end_ms"":4896,""reason"":""cut""}]",nguyenlamanh,v3,2026-09-16 23:17:48
7mvfCSW4SLw_s0000405698_e0000407998,7mvfCSW4SLw_s0000405698_e0000407998.mp4,keep,,[],nguyenlamanh,v3,2026-09-16 16:15:27
xo3VtrivRjk_s0000048962_e0000053962,xo3VtrivRjk_s0000048962_e0000053962.mp4,reject,mouth,"[{""start_ms"":1116,""end_ms"":2573,""reason"":""mouth""}]",nguyenlamanh,v3,2026-09-17 11:43:55
5CNS_gaH16c_s0000276290_e0000284158,5CNS_gaH16c_s0000276290_e0000284158.mp4,reject,mouth,"[{""start_ms"":498,""end_ms"":1133,""reason"":""mouth""}]",nguyenlamanh,v3,2026-09-17 11:47:44
2fqXC4RQyOw_s0000267906_e0000271134,2fqXC4RQyOw_s0000267906_e0000271134.mp4,reject,mouth,"[{""start_ms"":0,""end_ms"":1105,""reason"":""mouth""}]",nguyenlamanh,v3,2026-09-16 11:13:31
5QPu-wDmeTA_s0000098754_e0000101438,5QPu-wDmeTA_s0000098754_e0000101438.mp4,keep,,[],nguyenlamanh,v3,2026-09-16 20:44:43
gof2bUJhK3Y_s0001014146_e0001019146,gof2bUJhK3Y_s0001014146_e0001019146.mp4,reject,cut,"[{""start_ms"":0,""end_ms"":5000,""reason"":""cut""}]",nguyenlamanh,v3,2026-09-17 09:57:58
OCjAl_U1JMk_s0000853570_e0000856382,OCjAl_U1JMk_s0000853570_e0000856382.mp4,keep,,[],nguyenlamanh,v3,2026-09-17 10:44:57
KUVGZwkwd68_s0000477922_e0000480062,KUVGZwkwd68_s0000477922_e0000480062.mp4,keep,,[],nguyenlamanh,v3,2026-09-17 11:54:09
JEgxmwvo7YY_s0000668162_e0000672926,JEgxmwvo7YY_s0000668162_e0000672926.mp4,keep,,[],nguyenlamanh,v3,2026-09-17 12:26:47
WgzSaOvFKrc_s0000458562_e0000466270,WgzSaOvFKrc_s0000458562_e0000466270.mp4,keep,,[],nguyenlamanh,v3,2026-09-16 20:42:19
Pj0KGAllzfs_s0000475362_e0000477886,Pj0KGAllzfs_s0000475362_e0000477886.mp4,reject,small_face,"[{""start_ms"":0,""end_ms"":2540,""reason"":""small_face""}]",nguyenlamanh,v3,2026-09-17 11:45:28
gof2bUJhK3Y_s0000892450_e0000895806,gof2bUJhK3Y_s0000892450_e0000895806.mp4,keep,,[],nguyenlamanh,v3,2026-09-17 11:34:20
5QPu-wDmeTA_s0000169634_e0000175998,5QPu-wDmeTA_s0000169634_e0000175998.mp4,keep,,[],nguyenlamanh,v3,2026-09-17 11:47:52
5QPu-wDmeTA_s0000612354_e0000616734,5QPu-wDmeTA_s0000612354_e0000616734.mp4,keep,,[],nguyenlamanh,v3,2026-09-17 12:06:17
WgzSaOvFKrc_s0000619522_e0000621790,WgzSaOvFKrc_s0000619522_e0000621790.mp4,keep,,[],nguyenlamanh,v3,2026-09-17 11:37:34
71HzPcvxNJM_s0000618466_e0000622590,71HzPcvxNJM_s0000618466_e0000622590.mp4,keep,,[],nguyenlamanh,v3,2026-09-16 21:10:45
JEgxmwvo7YY_s0000707970_e0000718014,JEgxmwvo7YY_s0000707970_e0000718014.mp4,keep,,[],nguyenlamanh,v3,2026-09-17 11:48:39
71HzPcvxNJM_s0000575938_e0000579038,71HzPcvxNJM_s0000575938_e0000579038.mp4,reject,mouth,"[{""start_ms"":865,""end_ms"":1511,""reason"":""mouth""}]",nguyenlamanh,v3,2026-09-17 11:16:11
OCjAl_U1JMk_s0000247106_e0000249950,OCjAl_U1JMk_s0000247106_e0000249950.mp4,reject,mouth,"[{""start_ms"":0,""end_ms"":143,""reason"":""mouth""}]",nguyenlamanh,v3,2026-09-17 11:49:06
WgzSaOvFKrc_s0000572706_e0000579134,WgzSaOvFKrc_s0000572706_e0000579134.mp4,keep,,[],nguyenlamanh,v3,2026-09-16 20:47:26
71HzPcvxNJM_s0000735074_e0000738078,71HzPcvxNJM_s0000735074_e0000738078.mp4,keep,,[],nguyenlamanh,v3,2026-09-17 10:40:45
3lHEAWJhKe8_s0000278850_e0000283486,3lHEAWJhKe8_s0000278850_e0000283486.mp4,keep,,[],nguyenlamanh,v3,2026-09-14 14:28:54
xo3VtrivRjk_s0000449378_e0000451422,xo3VtrivRjk_s0000449378_e0000451422.mp4,keep,,[],nguyenlamanh,v3,2026-09-16 15:47:36
2fqXC4RQyOw_s0000707970_e0000710878,2fqXC4RQyOw_s0000707970_e0000710878.mp4,reject,mouth,"[{""start_ms"":51,""end_ms"":550,""reason"":""mouth""}]",nguyenlamanh,v3,2026-09-16 15:48:03
0cHIyeLFYOk_s0000707458_e0000709918,0cHIyeLFYOk_s0000707458_e0000709918.mp4,keep,,[],nguyenlamanh,v3,2026-09-16 10:22:44
3lHEAWJhKe8_s0000270850_e0000275850,3lHEAWJhKe8_s0000270850_e0000275850.mp4,reject,mouth,"[{""start_ms"":714,""end_ms"":2455,""reason"":""mouth""}]",nguyenlamanh,v3,2026-09-17 11:20:54
JEgxmwvo7YY_s0000057346_e0000061214,JEgxmwvo7YY_s0000057346_e0000061214.mp4,keep,,[],nguyenlamanh,v3,2026-09-17 11:36:32
OCjAl_U1JMk_s0000454018_e0000457886,OCjAl_U1JMk_s0000454018_e0000457886.mp4,reject,mouth,"[{""start_ms"":2627,""end_ms"":2814,""reason"":""mouth""}]",nguyenlamanh,v3,2026-09-17 11:58:37
OCjAl_U1JMk_s0001393666_e0001396094,OCjAl_U1JMk_s0001393666_e0001396094.mp4,reject,small_face,"[{""start_ms"":2297,""end_ms"":2440,""reason"":""small_face""}]",nguyenlamanh,v3,2026-09-17 12:35:39
gTTtVb-Q31w_s0000611010_e0000613374,gTTtVb-Q31w_s0000611010_e0000613374.mp4,reject,voiceover,"[{""start_ms"":252,""end_ms"":2366,""reason"":""voiceover""}]",nguyenlamanh,v3,2026-09-17 11:43:23
gof2bUJhK3Y_s0000224514_e0000229982,gof2bUJhK3Y_s0000224514_e0000229982.mp4,keep,,[],nguyenlamanh,v3,2026-09-17 11:14:18
gTTtVb-Q31w_s0000697538_e0000701982,gTTtVb-Q31w_s0000697538_e0000701982.mp4,keep,,[],nguyenlamanh,v3,2026-09-17 11:37:54
KUVGZwkwd68_s0000282914_e0000287914,KUVGZwkwd68_s0000282914_e0000287914.mp4,keep,,[],nguyenlamanh,v3,2026-09-16 16:38:14
gTTtVb-Q31w_s0000429730_e0000433118,gTTtVb-Q31w_s0000429730_e0000433118.mp4,keep,,[],nguyenlamanh,v3,2026-09-14 14:48:55
KUVGZwkwd68_s0000041282_e0000046282,KUVGZwkwd68_s0000041282_e0000046282.mp4,keep,,[],nguyenlamanh,v3,2026-09-17 11:06:45
OCjAl_U1JMk_s0000885538_e0000887902,OCjAl_U1JMk_s0000885538_e0000887902.mp4,reject,mouth,"[{""start_ms"":182,""end_ms"":950,""reason"":""mouth""}]",nguyenlamanh,v3,2026-09-16 10:59:31
JEgxmwvo7YY_s0000449282_e0000456766,JEgxmwvo7YY_s0000449282_e0000456766.mp4,reject,mouth,"[{""start_ms"":4089,""end_ms"":4928,""reason"":""mouth""},{""start_ms"":7236,""end_ms"":7491,""reason"":""mouth""}]",nguyenlamanh,v3,2026-09-17 10:57:23
qy7VoECGCm8_s0000387138_e0000390366,qy7VoECGCm8_s0000387138_e0000390366.mp4,reject,mouth,"[{""start_ms"":3056,""end_ms"":3237,""reason"":""mouth""}]",nguyenlamanh,v3,2026-09-17 11:38:57
2fqXC4RQyOw_s0000766370_e0000771370,2fqXC4RQyOw_s0000766370_e0000771370.mp4,keep,,[],nguyenlamanh,v3,2026-09-16 16:35:05
gTTtVb-Q31w_s0000689538_e0000694538,gTTtVb-Q31w_s0000689538_e0000694538.mp4,keep,,[],nguyenlamanh,v3,2026-09-17 11:29:38
JEgxmwvo7YY_s0000130210_e0000137726,JEgxmwvo7YY_s0000130210_e0000137726.mp4,keep,,[],nguyenlamanh,v3,2026-09-17 11:45:06
7mvfCSW4SLw_s0000395298_e0000397502,7mvfCSW4SLw_s0000395298_e0000397502.mp4,keep,,[],nguyenlamanh,v3,2026-09-17 10:40:49
JEgxmwvo7YY_s0000103938_e0000106270,JEgxmwvo7YY_s0000103938_e0000106270.mp4,reject,mouth,"[{""start_ms"":431,""end_ms"":611,""reason"":""mouth""}]",nguyenlamanh,v3,2026-09-17 11:32:25
gTTtVb-Q31w_s0000657090_e0000659198,gTTtVb-Q31w_s0000657090_e0000659198.mp4,keep,,[],nguyenlamanh,v3,2026-09-16 20:42:47
71HzPcvxNJM_s0000304994_e0000308062,71HzPcvxNJM_s0000304994_e0000308062.mp4,reject,mouth,"[{""start_ms"":1184,""end_ms"":1716,""reason"":""mouth""}]",nguyenlamanh,v3,2026-09-16 20:51:35
WgzSaOvFKrc_s0000779330_e0000782238,WgzSaOvFKrc_s0000779330_e0000782238.mp4,reject,mouth,"[{""start_ms"":0,""end_ms"":2920,""reason"":""mouth""}]",nguyenlamanh,v3,2026-09-16 21:00:17
qy7VoECGCm8_s0000223266_e0000228266,qy7VoECGCm8_s0000223266_e0000228266.mp4,keep,,[],nguyenlamanh,v3,2026-09-16 11:06:38
xo3VtrivRjk_s0000040962_e0000045962,xo3VtrivRjk_s0000040962_e0000045962.mp4,reject,mouth,"[{""start_ms"":2814,""end_ms"":3512,""reason"":""mouth""}]",nguyenlamanh,v3,2026-09-17 09:59:29
gTTtVb-Q31w_s0000341250_e0000344158,gTTtVb-Q31w_s0000341250_e0000344158.mp4,keep,,[],nguyenlamanh,v3,2026-09-17 10:28:05
OCjAl_U1JMk_s0000189282_e0000195038,OCjAl_U1JMk_s0000189282_e0000195038.mp4,keep,,[],nguyenlamanh,v3,2026-09-17 10:57:44
3lHEAWJhKe8_s0000105314_e0000110078,3lHEAWJhKe8_s0000105314_e0000110078.mp4,reject,mouth,"[{""start_ms"":2392,""end_ms"":2656,""reason"":""cut""},{""start_ms"":2685,""end_ms"":3759,""reason"":""mouth""}]",nguyenlamanh,v3,2026-09-17 10:26:03
xo3VtrivRjk_s0000109122_e0000113790,xo3VtrivRjk_s0000109122_e0000113790.mp4,reject,mouth,"[{""start_ms"":54,""end_ms"":4266,""reason"":""mouth""}]",nguyenlamanh,v3,2026-09-16 11:12:58
Pj0KGAllzfs_s0000190882_e0000195390,Pj0KGAllzfs_s0000190882_e0000195390.mp4,reject,small_face,"[{""start_ms"":0,""end_ms"":4520,""reason"":""small_face""}]",nguyenlamanh,v3,2026-09-17 11:49:16
5QPu-wDmeTA_s0000570370_e0000572926,5QPu-wDmeTA_s0000570370_e0000572926.mp4,keep,,[],nguyenlamanh,v3,2026-09-17 10:56:43
0cHIyeLFYOk_s0000909186_e0000911486,0cHIyeLFYOk_s0000909186_e0000911486.mp4,keep,,[],nguyenlamanh,v3,2026-09-16 16:17:35
xo3VtrivRjk_s0000519394_e0000522270,xo3VtrivRjk_s0000519394_e0000522270.mp4,reject,cut,"[{""start_ms"":2779,""end_ms"":2880,""reason"":""cut""}]",nguyenlamanh,v3,2026-09-17 11:47:10
bcOT0JHr3Qc_s0000715394_e0000726558,bcOT0JHr3Qc_s0000715394_e0000726558.mp4,keep,,[],nguyenlamanh,v3,2026-09-16 10:29:21
5QPu-wDmeTA_s0000560706_e0000563198,5QPu-wDmeTA_s0000560706_e0000563198.mp4,keep,,[],nguyenlamanh,v3,2026-09-16 11:07:34
5QPu-wDmeTA_s0000660610_e0000672126,5QPu-wDmeTA_s0000660610_e0000672126.mp4,reject,cut,"[{""start_ms"":6913,""end_ms"":7703,""reason"":""cut""}]",nguyenlamanh,v3,2026-09-17 11:15:44
WgzSaOvFKrc_s0000579266_e0000585406,WgzSaOvFKrc_s0000579266_e0000585406.mp4,keep,,[],nguyenlamanh,v3,2026-09-16 16:20:49
5CNS_gaH16c_s0000776514_e0000781514,5CNS_gaH16c_s0000776514_e0000781514.mp4,reject,small_face,"[{""start_ms"":0,""end_ms"":5004,""reason"":""small_face""}]",nguyenlamanh,v3,2026-09-17 10:56:00
OCjAl_U1JMk_s0000648226_e0000658046,OCjAl_U1JMk_s0000648226_e0000658046.mp4,reject,mouth,"[{""start_ms"":1933,""end_ms"":8919,""reason"":""mouth""}]",nguyenlamanh,v3,2026-09-17 11:12:33
0cHIyeLFYOk_s0000952482_e0000956478,0cHIyeLFYOk_s0000952482_e0000956478.mp4,reject,small_face,"[{""start_ms"":0,""end_ms"":4004,""reason"":""small_face""}]",nguyenlamanh,v3,2026-09-17 12:25:32
Pj0KGAllzfs_s0000897282_e0000899486,Pj0KGAllzfs_s0000897282_e0000899486.mp4,reject,small_face,"[{""start_ms"":0,""end_ms"":2220,""reason"":""small_face""}]",nguyenlamanh,v3,2026-09-17 12:35:51
j60KF89vXkg_s0000093826_e0000096862,j60KF89vXkg_s0000093826_e0000096862.mp4,keep,,[],nguyenlamanh,v3,2026-09-16 20:54:17
bcOT0JHr3Qc_s0000172962_e0000177962,bcOT0JHr3Qc_s0000172962_e0000177962.mp4,keep,,[],nguyenlamanh,v3,2026-09-16 23:13:12
2fqXC4RQyOw_s0000063106_e0000067006,2fqXC4RQyOw_s0000063106_e0000067006.mp4,reject,voiceover,"[{""start_ms"":0,""end_ms"":712,""reason"":""voiceover""}]",nguyenlamanh,v3,2026-09-17 11:20:34
gTTtVb-Q31w_s0000305730_e0000307838,gTTtVb-Q31w_s0000305730_e0000307838.mp4,reject,cut,"[{""start_ms"":2017,""end_ms"":2110,""reason"":""cut""}]",nguyenlamanh,v3,2026-09-17 11:33:40
3lHEAWJhKe8_s0000301474_e0000303838,3lHEAWJhKe8_s0000301474_e0000303838.mp4,reject,mouth,"[{""start_ms"":0,""end_ms"":2359,""reason"":""mouth""}]",nguyenlamanh,v3,2026-09-16 16:18:34
71HzPcvxNJM_s0000184834_e0000187614,71HzPcvxNJM_s0000184834_e0000187614.mp4,reject,cut,"[{""start_ms"":2447,""end_ms"":2802,""reason"":""cut""}]",nguyenlamanh,v3,2026-09-17 11:40:50
Pj0KGAllzfs_s0000950978_e0000955038,Pj0KGAllzfs_s0000950978_e0000955038.mp4,reject,small_face,"[{""start_ms"":0,""end_ms"":4060,""reason"":""small_face""}]",nguyenlamanh,v3,2026-09-17 11:17:37
7mvfCSW4SLw_s0000224162_e0000226526,7mvfCSW4SLw_s0000224162_e0000226526.mp4,keep,,[],nguyenlamanh,v3,2026-09-16 20:51:39
71HzPcvxNJM_s0000759010_e0000762590,71HzPcvxNJM_s0000759010_e0000762590.mp4,keep,,[],nguyenlamanh,v3,2026-09-17 11:53:46
0cHIyeLFYOk_s0000467778_e0000473886,0cHIyeLFYOk_s0000467778_e0000473886.mp4,keep,,[],nguyenlamanh,v3,2026-09-17 11:39:12
7mvfCSW4SLw_s0000422626_e0000426142,7mvfCSW4SLw_s0000422626_e0000426142.mp4,keep,,[],nguyenlamanh,v3,2026-09-16 21:10:51
JEgxmwvo7YY_s0000197474_e0000203518,JEgxmwvo7YY_s0000197474_e0000203518.mp4,reject,mouth,"[{""start_ms"":2664,""end_ms"":3481,""reason"":""mouth""},{""start_ms"":5456,""end_ms"":6056,""reason"":""cut""}]",nguyenlamanh,v3,2026-09-16 11:10:07
2fqXC4RQyOw_s0000246050_e0000251050,2fqXC4RQyOw_s0000246050_e0000251050.mp4,keep,,[],nguyenlamanh,v3,2026-09-14 14:28:46
WgzSaOvFKrc_s0000282978_e0000287978,WgzSaOvFKrc_s0000282978_e0000287978.mp4,keep,,[],nguyenlamanh,v3,2026-09-17 10:45:29
0cHIyeLFYOk_s0000770626_e0000775626,0cHIyeLFYOk_s0000770626_e0000775626.mp4,reject,mouth,"[{""start_ms"":2871,""end_ms"":3039,""reason"":""mouth""}]",nguyenlamanh,v3,2026-09-17 12:00:07
j60KF89vXkg_s0000319586_e0000322654,j60KF89vXkg_s0000319586_e0000322654.mp4,keep,,[],nguyenlamanh,v3,2026-09-17 11:43:34
2fqXC4RQyOw_s0000888802_e0000895742,2fqXC4RQyOw_s0000888802_e0000895742.mp4,reject,mouth,"[{""start_ms"":4248,""end_ms"":4741,""reason"":""mouth""}]",nguyenlamanh,v3,2026-09-16 23:17:27
gof2bUJhK3Y_s0000259266_e0000270174,gof2bUJhK3Y_s0000259266_e0000270174.mp4,reject,mouth,"[{""start_ms"":4121,""end_ms"":5462,""reason"":""mouth""}]",nguyenlamanh,v3,2026-09-17 11:19:07
qy7VoECGCm8_s0000110114_e0000115114,qy7VoECGCm8_s0000110114_e0000115114.mp4,reject,mouth,"[{""start_ms"":0,""end_ms"":4332,""reason"":""mouth""}]",nguyenlamanh,v3,2026-09-16 11:12:36
5CNS_gaH16c_s0000057698_e0000059934,5CNS_gaH16c_s0000057698_e0000059934.mp4,keep,,[],nguyenlamanh,v3,2026-09-16 10:24:27
j60KF89vXkg_s0000168770_e0000173086,j60KF89vXkg_s0000168770_e0000173086.mp4,keep,,[],nguyenlamanh,v3,2026-09-17 10:30:41
2fqXC4RQyOw_s0000203298_e0000207582,2fqXC4RQyOw_s0000203298_e0000207582.mp4,reject,mouth,"[{""start_ms"":541,""end_ms"":738,""reason"":""mouth""}]",nguyenlamanh,v3,2026-09-17 12:25:50
71HzPcvxNJM_s0000428802_e0000431454,71HzPcvxNJM_s0000428802_e0000431454.mp4,reject,mouth,"[{""start_ms"":1377,""end_ms"":2267,""reason"":""mouth""}]",nguyenlamanh,v3,2026-09-17 11:10:46
7mvfCSW4SLw_s0000679810_e0000687198,7mvfCSW4SLw_s0000679810_e0000687198.mp4,keep,,[],nguyenlamanh,v3,2026-09-17 11:06:02
xo3VtrivRjk_s0000144610_e0000147134,xo3VtrivRjk_s0000144610_e0000147134.mp4,keep,,[],nguyenlamanh,v3,2026-09-16 16:34:35
5QPu-wDmeTA_s0000102434_e0000108094,5QPu-wDmeTA_s0000102434_e0000108094.mp4,reject,mouth,"[{""start_ms"":4854,""end_ms"":5025,""reason"":""mouth""}]",nguyenlamanh,v3,2026-09-17 11:36:04
0cHIyeLFYOk_s0000501602_e0000505310,0cHIyeLFYOk_s0000501602_e0000505310.mp4,reject,cut,"[{""start_ms"":2422,""end_ms"":3241,""reason"":""cut""}]",nguyenlamanh,v3,2026-09-17 10:25:05
71HzPcvxNJM_s0000586722_e0000589950,71HzPcvxNJM_s0000586722_e0000589950.mp4,reject,cut,"[{""start_ms"":0,""end_ms"":302,""reason"":""cut""}]",nguyenlamanh,v3,2026-09-16 20:45:01
WgzSaOvFKrc_s0000076290_e0000079806,WgzSaOvFKrc_s0000076290_e0000079806.mp4,keep,,[],nguyenlamanh,v3,2026-09-17 10:27:52
bcOT0JHr3Qc_s0000726978_e0000731198,bcOT0JHr3Qc_s0000726978_e0000731198.mp4,reject,mouth,"[{""start_ms"":1064,""end_ms"":1854,""reason"":""mouth""}]",nguyenlamanh,v3,2026-09-16 16:21:13
qy7VoECGCm8_s0000262338_e0000267198,qy7VoECGCm8_s0000262338_e0000267198.mp4,reject,cut,"[{""start_ms"":4682,""end_ms"":4871,""reason"":""cut""}]",nguyenlamanh,v3,2026-09-17 11:19:34
71HzPcvxNJM_s0000608578_e0000612926,71HzPcvxNJM_s0000608578_e0000612926.mp4,reject,cut,"[{""start_ms"":523,""end_ms"":1076,""reason"":""cut""}]",nguyenlamanh,v3,2026-09-17 11:28:31
WgzSaOvFKrc_s0000200994_e0000204446,WgzSaOvFKrc_s0000200994_e0000204446.mp4,reject,mouth,"[{""start_ms"":2584,""end_ms"":3460,""reason"":""mouth""}]",nguyenlamanh,v3,2026-09-17 11:59:08
7mvfCSW4SLw_s0000045314_e0000047486,7mvfCSW4SLw_s0000045314_e0000047486.mp4,keep,,[],nguyenlamanh,v3,2026-09-17 10:56:51
71HzPcvxNJM_s0000012898_e0000015518,71HzPcvxNJM_s0000012898_e0000015518.mp4,keep,,[],nguyenlamanh,v3,2026-09-14 14:34:20
JEgxmwvo7YY_s0000023586_e0000025662,JEgxmwvo7YY_s0000023586_e0000025662.mp4,reject,voiceover,"[{""start_ms"":0,""end_ms"":2085,""reason"":""voiceover""}]",nguyenlamanh,v3,2026-09-16 20:51:56
j60KF89vXkg_s0000418914_e0000422526,j60KF89vXkg_s0000418914_e0000422526.mp4,keep,,[],nguyenlamanh,v3,2026-09-17 10:23:27
3lHEAWJhKe8_s0000162882_e0000167882,3lHEAWJhKe8_s0000162882_e0000167882.mp4,reject,mouth,"[{""start_ms"":0,""end_ms"":5005,""reason"":""mouth""}]",nguyenlamanh,v3,2026-09-17 11:04:32
j60KF89vXkg_s0000085826_e0000090826,j60KF89vXkg_s0000085826_e0000090826.mp4,reject,mouth,"[{""start_ms"":3452,""end_ms"":3783,""reason"":""mouth""}]",nguyenlamanh,v3,2026-09-17 11:50:50
5CNS_gaH16c_s0000658594_e0000661662,5CNS_gaH16c_s0000658594_e0000661662.mp4,keep,,[],nguyenlamanh,v3,2026-09-17 11:35:37
j60KF89vXkg_s0000827522_e0000830910,j60KF89vXkg_s0000827522_e0000830910.mp4,keep,,[],nguyenlamanh,v3,2026-09-17 11:19:17
0cHIyeLFYOk_s0000079362_e0000081470,0cHIyeLFYOk_s0000079362_e0000081470.mp4,reject,cut,"[{""start_ms"":352,""end_ms"":1913,""reason"":""cut""}]",nguyenlamanh,v3,2026-09-16 11:13:12
5CNS_gaH16c_s0000396482_e0000405406,5CNS_gaH16c_s0000396482_e0000405406.mp4,reject,mouth,"[{""start_ms"":6473,""end_ms"":7988,""reason"":""mouth""}]",nguyenlamanh,v3,2026-09-16 11:43:12
gTTtVb-Q31w_s0000052962_e0000055390,gTTtVb-Q31w_s0000052962_e0000055390.mp4,keep,,[],nguyenlamanh,v3,2026-09-17 10:13:58
Pj0KGAllzfs_s0000340418_e0000343326,Pj0KGAllzfs_s0000340418_e0000343326.mp4,reject,cut,"[{""start_ms"":1963,""end_ms"":2125,""reason"":""cut""}]",nguyenlamanh,v3,2026-09-16 20:42:10
0cHIyeLFYOk_s0000022338_e0000027338,0cHIyeLFYOk_s0000022338_e0000027338.mp4,reject,mouth,"[{""start_ms"":449,""end_ms"":617,""reason"":""mouth""}]",nguyenlamanh,v3,2026-09-17 11:31:18
WgzSaOvFKrc_s0000338338_e0000342718,WgzSaOvFKrc_s0000338338_e0000342718.mp4,keep,,[],nguyenlamanh,v3,2026-09-17 11:42:53
j60KF89vXkg_s0000628002_e0000632766,j60KF89vXkg_s0000628002_e0000632766.mp4,reject,mouth,"[{""start_ms"":1182,""end_ms"":4669,""reason"":""mouth""}]",nguyenlamanh,v3,2026-09-17 11:30:23
WgzSaOvFKrc_s0000499490_e0000505246,WgzSaOvFKrc_s0000499490_e0000505246.mp4,keep,,[],nguyenlamanh,v3,2026-09-16 11:00:41
Pj0KGAllzfs_s0000996098_e0001000926,Pj0KGAllzfs_s0000996098_e0001000926.mp4,reject,small_face,"[{""start_ms"":0,""end_ms"":4840,""reason"":""small_face""}]",nguyenlamanh,v3,2026-09-17 11:58:47
j60KF89vXkg_s0000063746_e0000067230,j60KF89vXkg_s0000063746_e0000067230.mp4,reject,mouth,"[{""start_ms"":0,""end_ms"":145,""reason"":""mouth""}]",nguyenlamanh,v3,2026-09-17 09:58:18
OCjAl_U1JMk_s0000572994_e0000575710,OCjAl_U1JMk_s0000572994_e0000575710.mp4,reject,mouth,"[{""start_ms"":450,""end_ms"":722,""reason"":""mouth""}]",nguyenlamanh,v3,2026-09-17 11:07:01
2fqXC4RQyOw_s0000342498_e0000350910,2fqXC4RQyOw_s0000342498_e0000350910.mp4,reject,cut,"[{""start_ms"":7047,""end_ms"":7474,""reason"":""cut""}]",nguyenlamanh,v3,2026-09-16 20:44:17
JEgxmwvo7YY_s0000218530_e0000223530,JEgxmwvo7YY_s0000218530_e0000223530.mp4,reject,voiceover,"[{""start_ms"":0,""end_ms"":5005,""reason"":""voiceover""}]",nguyenlamanh,v3,2026-09-17 11:41:12
3lHEAWJhKe8_s0000385730_e0000390730,3lHEAWJhKe8_s0000385730_e0000390730.mp4,reject,mouth,"[{""start_ms"":0,""end_ms"":660,""reason"":""mouth""}]",nguyenlamanh,v3,2026-09-17 11:14:57
71HzPcvxNJM_s0000718722_e0000722462,71HzPcvxNJM_s0000718722_e0000722462.mp4,reject,mouth,"[{""start_ms"":1223,""end_ms"":1704,""reason"":""mouth""}]",nguyenlamanh,v3,2026-09-16 20:57:53
0cHIyeLFYOk_s0000439010_e0000447358,0cHIyeLFYOk_s0000439010_e0000447358.mp4,keep,,[],nguyenlamanh,v3,2026-09-16 10:31:09
gTTtVb-Q31w_s0000580290_e0000582462,gTTtVb-Q31w_s0000580290_e0000582462.mp4,reject,mouth,"[{""start_ms"":674,""end_ms"":1206,""reason"":""mouth""}]",nguyenlamanh,v3,2026-09-16 15:35:19
3lHEAWJhKe8_s0000338050_e0000341182,3lHEAWJhKe8_s0000338050_e0000341182.mp4,reject,mouth,"[{""start_ms"":1942,""end_ms"":2142,""reason"":""mouth""}]",nguyenlamanh,v3,2026-09-16 10:24:16
JEgxmwvo7YY_s0000432546_e0000434622,JEgxmwvo7YY_s0000432546_e0000434622.mp4,keep,,[],nguyenlamanh,v3,2026-09-17 11:54:05
JEgxmwvo7YY_s0000659906_e0000666238,JEgxmwvo7YY_s0000659906_e0000666238.mp4,reject,mouth,"[{""start_ms"":1935,""end_ms"":2186,""reason"":""mouth""}]",nguyenlamanh,v3,2026-09-17 11:57:50
2fqXC4RQyOw_s0000251426_e0000258366,2fqXC4RQyOw_s0000251426_e0000258366.mp4,keep,,[],nguyenlamanh,v3,2026-09-17 11:04:20
JEgxmwvo7YY_s0000814722_e0000819966,JEgxmwvo7YY_s0000814722_e0000819966.mp4,reject,mouth,"[{""start_ms"":1793,""end_ms"":2445,""reason"":""mouth""}]",nguyenlamanh,v3,2026-09-17 10:08:31
5QPu-wDmeTA_s0000047074_e0000053214,5QPu-wDmeTA_s0000047074_e0000053214.mp4,keep,,[],nguyenlamanh,v3,2026-09-17 11:44:36
5QPu-wDmeTA_s0000133506_e0000135710,5QPu-wDmeTA_s0000133506_e0000135710.mp4,keep,,[],nguyenlamanh,v3,2026-09-16 23:18:19
5QPu-wDmeTA_s0000593730_e0000601854,5QPu-wDmeTA_s0000593730_e0000601854.mp4,reject,mouth,"[{""start_ms"":4767,""end_ms"":5218,""reason"":""mouth""},{""start_ms"":6286,""end_ms"":6570,""reason"":""cut""},{""start_ms"":6570,""end_ms"":7510,""reason"":""mouth""}]",nguyenlamanh,v3,2026-09-16 20:57:23
qy7VoECGCm8_s0000012418_e0000015614,qy7VoECGCm8_s0000012418_e0000015614.mp4,keep,,[],nguyenlamanh,v3,2026-09-16 23:14:07
3lHEAWJhKe8_s0000153986_e0000158590,3lHEAWJhKe8_s0000153986_e0000158590.mp4,reject,mouth,"[{""start_ms"":840,""end_ms"":4605,""reason"":""mouth""}]",nguyenlamanh,v3,2026-09-16 10:32:41
KUVGZwkwd68_s0000500002_e0000505182,KUVGZwkwd68_s0000500002_e0000505182.mp4,keep,,[],nguyenlamanh,v3,2026-09-17 11:11:53
OCjAl_U1JMk_s0000469378_e0000471614,OCjAl_U1JMk_s0000469378_e0000471614.mp4,keep,,[],nguyenlamanh,v3,2026-09-17 11:37:11
5QPu-wDmeTA_s0000576834_e0000580062,5QPu-wDmeTA_s0000576834_e0000580062.mp4,reject,mouth,"[{""start_ms"":1624,""end_ms"":2428,""reason"":""mouth""}]",nguyenlamanh,v3,2026-09-17 11:10:04
qy7VoECGCm8_s0000398562_e0000403562,qy7VoECGCm8_s0000398562_e0000403562.mp4,reject,mouth,"[{""start_ms"":0,""end_ms"":4243,""reason"":""mouth""}]",nguyenlamanh,v3,2026-09-14 14:55:48
JEgxmwvo7YY_s0000118306_e0000125150,JEgxmwvo7YY_s0000118306_e0000125150.mp4,reject,mouth,"[{""start_ms"":4172,""end_ms"":5839,""reason"":""mouth""}]",nguyenlamanh,v3,2026-09-17 11:11:28
Pj0KGAllzfs_s0000604578_e0000609822,Pj0KGAllzfs_s0000604578_e0000609822.mp4,reject,mouth,"[{""start_ms"":0,""end_ms"":5258,""reason"":""mouth""}]",nguyenlamanh,v3,2026-09-16 16:16:12
5CNS_gaH16c_s0000575586_e0000580586,5CNS_gaH16c_s0000575586_e0000580586.mp4,reject,mouth,"[{""start_ms"":3108,""end_ms"":4214,""reason"":""mouth""}]",nguyenlamanh,v3,2026-09-16 10:33:17
5CNS_gaH16c_s0000456034_e0000460670,5CNS_gaH16c_s0000456034_e0000460670.mp4,keep,,[],nguyenlamanh,v3,2026-09-17 10:26:14
Pj0KGAllzfs_s0000371842_e0000381374,Pj0KGAllzfs_s0000371842_e0000381374.mp4,reject,mouth,"[{""start_ms"":0,""end_ms"":936,""reason"":""mouth""}]",nguyenlamanh,v3,2026-09-16 21:11:52
JEgxmwvo7YY_s0000428706_e0000430910,JEgxmwvo7YY_s0000428706_e0000430910.mp4,keep,,[],nguyenlamanh,v3,2026-09-16 16:15:31
OCjAl_U1JMk_s0000084066_e0000086942,OCjAl_U1JMk_s0000084066_e0000086942.mp4,keep,,[],nguyenlamanh,v3,2026-09-14 14:46:36
KUVGZwkwd68_s0000459458_e0000465534,KUVGZwkwd68_s0000459458_e0000465534.mp4,keep,,[],nguyenlamanh,v3,2026-09-17 10:57:34
WgzSaOvFKrc_s0000475042_e0000480862,WgzSaOvFKrc_s0000475042_e0000480862.mp4,reject,mouth,"[{""start_ms"":0,""end_ms"":802,""reason"":""mouth""}]",nguyenlamanh,v3,2026-09-17 10:11:53
0cHIyeLFYOk_s0000811138_e0000814110,0cHIyeLFYOk_s0000811138_e0000814110.mp4,keep,,[],nguyenlamanh,v3,2026-09-17 11:44:00
7mvfCSW4SLw_s0000526914_e0000532414,7mvfCSW4SLw_s0000526914_e0000532414.mp4,reject,mouth,"[{""start_ms"":3953,""end_ms"":4105,""reason"":""mouth""}]",nguyenlamanh,v3,2026-09-16 11:08:46
7mvfCSW4SLw_s0000192738_e0000200254,7mvfCSW4SLw_s0000192738_e0000200254.mp4,keep,,[],nguyenlamanh,v3,2026-09-16 14:55:12
0cHIyeLFYOk_s0000684834_e0000689834,0cHIyeLFYOk_s0000684834_e0000689834.mp4,keep,,[],nguyenlamanh,v3,2026-09-16 23:14:47
gof2bUJhK3Y_s0000651842_e0000656606,gof2bUJhK3Y_s0000651842_e0000656606.mp4,reject,voiceover,"[{""start_ms"":0,""end_ms"":4780,""reason"":""voiceover""}]",nguyenlamanh,v3,2026-09-17 11:46:25
OCjAl_U1JMk_s0000717346_e0000722346,OCjAl_U1JMk_s0000717346_e0000722346.mp4,reject,mouth,"[{""start_ms"":936,""end_ms"":2362,""reason"":""mouth""}]",nguyenlamanh,v3,2026-09-16 20:46:49
7mvfCSW4SLw_s0000070786_e0000078526,7mvfCSW4SLw_s0000070786_e0000078526.mp4,reject,mouth,"[{""start_ms"":6630,""end_ms"":7031,""reason"":""mouth""}]",nguyenlamanh,v3,2026-09-17 11:16:38
5CNS_gaH16c_s0000426050_e0000434942,5CNS_gaH16c_s0000426050_e0000434942.mp4,reject,mouth,"[{""start_ms"":3238,""end_ms"":6492,""reason"":""mouth""}]",nguyenlamanh,v3,2026-09-17 11:21:17
7mvfCSW4SLw_s0000522498_e0000524542,7mvfCSW4SLw_s0000522498_e0000524542.mp4,reject,mouth,"[{""start_ms"":0,""end_ms"":120,""reason"":""mouth""}]",nguyenlamanh,v3,2026-09-17 11:44:58
KUVGZwkwd68_s0000137218_e0000139550,KUVGZwkwd68_s0000137218_e0000139550.mp4,keep,,[],nguyenlamanh,v3,2026-09-17 11:16:58
qy7VoECGCm8_s0000281570_e0000286654,qy7VoECGCm8_s0000281570_e0000286654.mp4,reject,voiceover,"[{""start_ms"":0,""end_ms"":2824,""reason"":""voiceover""},{""start_ms"":2990,""end_ms"":4256,""reason"":""mouth""}]",nguyenlamanh,v3,2026-09-16 20:49:22
5CNS_gaH16c_s0000029282_e0000034622,5CNS_gaH16c_s0000029282_e0000034622.mp4,keep,,[],nguyenlamanh,v3,2026-09-17 11:53:22
bcOT0JHr3Qc_s0000282850_e0000287850,bcOT0JHr3Qc_s0000282850_e0000287850.mp4,keep,,[],nguyenlamanh,v3,2026-09-16 16:16:44
xo3VtrivRjk_s0000401474_e0000411646,xo3VtrivRjk_s0000401474_e0000411646.mp4,keep,,[],nguyenlamanh,v3,2026-09-17 11:34:45
qy7VoECGCm8_s0000126114_e0000131114,qy7VoECGCm8_s0000126114_e0000131114.mp4,reject,mouth,"[{""start_ms"":0,""end_ms"":1451,""reason"":""mouth""}]",nguyenlamanh,v3,2026-09-16 15:47:31
JEgxmwvo7YY_s0000270242_e0000276734,JEgxmwvo7YY_s0000270242_e0000276734.mp4,reject,mouth,"[{""start_ms"":2455,""end_ms"":3066,""reason"":""mouth""}]",nguyenlamanh,v3,2026-09-16 10:58:47
gTTtVb-Q31w_s0000530914_e0000534942,gTTtVb-Q31w_s0000530914_e0000534942.mp4,keep,,[],nguyenlamanh,v3,2026-09-16 21:08:03
gTTtVb-Q31w_s0000634370_e0000641886,gTTtVb-Q31w_s0000634370_e0000641886.mp4,keep,,[],nguyenlamanh,v3,2026-09-17 11:49:59
bcOT0JHr3Qc_s0000200258_e0000202910,bcOT0JHr3Qc_s0000200258_e0000202910.mp4,keep,,[],nguyenlamanh,v3,2026-09-17 11:46:01
gof2bUJhK3Y_s0000016514_e0000022590,gof2bUJhK3Y_s0000016514_e0000022590.mp4,keep,,[],nguyenlamanh,v3,2026-09-16 16:16:55
gof2bUJhK3Y_s0000469922_e0000473374,gof2bUJhK3Y_s0000469922_e0000473374.mp4,reject,mouth,"[{""start_ms"":673,""end_ms"":2010,""reason"":""mouth""}]",nguyenlamanh,v3,2026-09-16 23:13:42
7mvfCSW4SLw_s0000658786_e0000663786,7mvfCSW4SLw_s0000658786_e0000663786.mp4,keep,,[],nguyenlamanh,v3,2026-09-16 16:19:31
bcOT0JHr3Qc_s0000092834_e0000098110,bcOT0JHr3Qc_s0000092834_e0000098110.mp4,reject,mouth,"[{""start_ms"":252,""end_ms"":661,""reason"":""mouth""}]",nguyenlamanh,v3,2026-09-17 11:43:09
OCjAl_U1JMk_s0001138146_e0001142270,OCjAl_U1JMk_s0001138146_e0001142270.mp4,keep,,[],nguyenlamanh,v3,2026-09-17 10:27:24
bcOT0JHr3Qc_s0000306274_e0000311134,bcOT0JHr3Qc_s0000306274_e0000311134.mp4,keep,,[],nguyenlamanh,v3,2026-09-17 11:37:46
3lHEAWJhKe8_s0000118914_e0000129630,3lHEAWJhKe8_s0000118914_e0000129630.mp4,reject,cut,"[{""start_ms"":4223,""end_ms"":4964,""reason"":""cut""}]",nguyenlamanh,v3,2026-09-16 11:26:40
2fqXC4RQyOw_s0000283810_e0000288810,2fqXC4RQyOw_s0000283810_e0000288810.mp4,reject,mouth,"[{""start_ms"":53,""end_ms"":4907,""reason"":""mouth""}]",nguyenlamanh,v3,2026-09-16 10:23:32
0cHIyeLFYOk_s0000902370_e0000905566,0cHIyeLFYOk_s0000902370_e0000905566.mp4,keep,,[],nguyenlamanh,v3,2026-09-17 11:47:15
xo3VtrivRjk_s0000505314_e0000510270,xo3VtrivRjk_s0000505314_e0000510270.mp4,keep,,[],nguyenlamanh,v3,2026-09-16 11:06:46
OCjAl_U1JMk_s0001327426_e0001335262,OCjAl_U1JMk_s0001327426_e0001335262.mp4,keep,,[],nguyenlamanh,v3,2026-09-17 10:10:28
5CNS_gaH16c_s0000765282_e0000772414,5CNS_gaH16c_s0000765282_e0000772414.mp4,reject,mouth,"[{""start_ms"":1981,""end_ms"":2497,""reason"":""mouth""}]",nguyenlamanh,v3,2026-09-17 12:26:03
5QPu-wDmeTA_s0000081154_e0000085054,5QPu-wDmeTA_s0000081154_e0000085054.mp4,keep,,[],nguyenlamanh,v3,2026-09-16 10:33:35
5CNS_gaH16c_s0000214594_e0000218974,5CNS_gaH16c_s0000214594_e0000218974.mp4,reject,voiceover,"[{""start_ms"":0,""end_ms"":4388,""reason"":""voiceover""}]",nguyenlamanh,v3,2026-09-16 21:10:16
WgzSaOvFKrc_s0000143106_e0000147678,WgzSaOvFKrc_s0000143106_e0000147678.mp4,reject,cut,"[{""start_ms"":3691,""end_ms"":4220,""reason"":""cut""}]",nguyenlamanh,v3,2026-09-17 11:49:46
5CNS_gaH16c_s0000330914_e0000333694,5CNS_gaH16c_s0000330914_e0000333694.mp4,reject,mouth,"[{""start_ms"":206,""end_ms"":1500,""reason"":""mouth""}]",nguyenlamanh,v3,2026-09-17 10:00:39
gTTtVb-Q31w_s0000598914_e0000601150,gTTtVb-Q31w_s0000598914_e0000601150.mp4,reject,mouth,"[{""start_ms"":119,""end_ms"":561,""reason"":""mouth""}]",nguyenlamanh,v3,2026-09-17 11:00:04
7mvfCSW4SLw_s0000568034_e0000570046,7mvfCSW4SLw_s0000568034_e0000570046.mp4,keep,,[],nguyenlamanh,v3,2026-09-14 14:34:24
bcOT0JHr3Qc_s0000567714_e0000572062,bcOT0JHr3Qc_s0000567714_e0000572062.mp4,keep,,[],nguyenlamanh,v3,2026-09-16 21:00:25
0cHIyeLFYOk_s0000040706_e0000043262,0cHIyeLFYOk_s0000040706_e0000043262.mp4,reject,mouth,"[{""start_ms"":1205,""end_ms"":1542,""reason"":""mouth""}]",nguyenlamanh,v3,2026-09-16 21:09:39
gof2bUJhK3Y_s0000324578_e0000331070,gof2bUJhK3Y_s0000324578_e0000331070.mp4,reject,mouth,"[{""start_ms"":3846,""end_ms"":5137,""reason"":""mouth""},{""start_ms"":6255,""end_ms"":6500,""reason"":""cut""}]",nguyenlamanh,v3,2026-09-17 10:28:56
5CNS_gaH16c_s0000131746_e0000139806,5CNS_gaH16c_s0000131746_e0000139806.mp4,reject,mouth,"[{""start_ms"":5983,""end_ms"":7071,""reason"":""mouth""}]",nguyenlamanh,v3,2026-09-16 20:56:14
j60KF89vXkg_s0000292130_e0000297566,j60KF89vXkg_s0000292130_e0000297566.mp4,reject,mouth,"[{""start_ms"":5327,""end_ms"":5440,""reason"":""mouth""}]",nguyenlamanh,v3,2026-09-17 11:02:53
bcOT0JHr3Qc_s0000605378_e0000608638,bcOT0JHr3Qc_s0000605378_e0000608638.mp4,keep,,[],nguyenlamanh,v3,2026-09-17 11:29:31
KUVGZwkwd68_s0000354562_e0000360094,KUVGZwkwd68_s0000354562_e0000360094.mp4,keep,,[],nguyenlamanh,v3,2026-09-17 11:45:12
JEgxmwvo7YY_s0000192770_e0000197310,JEgxmwvo7YY_s0000192770_e0000197310.mp4,reject,mouth,"[{""start_ms"":756,""end_ms"":3124,""reason"":""mouth""}]",nguyenlamanh,v3,2026-09-14 14:46:24
Pj0KGAllzfs_s0000040674_e0000044126,Pj0KGAllzfs_s0000040674_e0000044126.mp4,reject,cut,"[{""start_ms"":0,""end_ms"":294,""reason"":""cut""}]",nguyenlamanh,v3,2026-09-17 10:45:16
JEgxmwvo7YY_s0000553698_e0000557022,JEgxmwvo7YY_s0000553698_e0000557022.mp4,reject,mouth,"[{""start_ms"":970,""end_ms"":1713,""reason"":""mouth""}]",nguyenlamanh,v3,2026-09-17 12:23:44
2fqXC4RQyOw_s0000171458_e0000173662,2fqXC4RQyOw_s0000171458_e0000173662.mp4,keep,,[],nguyenlamanh,v3,2026-09-16 11:06:53
7mvfCSW4SLw_s0000027362_e0000032362,7mvfCSW4SLw_s0000027362_e0000032362.mp4,keep,,[],nguyenlamanh,v3,2026-09-16 10:58:08
j60KF89vXkg_s0000012930_e0000016094,j60KF89vXkg_s0000012930_e0000016094.mp4,reject,mouth,"[{""start_ms"":0,""end_ms"":186,""reason"":""mouth""}]",nguyenlamanh,v3,2026-09-17 10:47:04
2fqXC4RQyOw_s0000207874_e0000211134,2fqXC4RQyOw_s0000207874_e0000211134.mp4,reject,mouth,"[{""start_ms"":104,""end_ms"":588,""reason"":""mouth""}]",nguyenlamanh,v3,2026-09-16 21:09:55
OCjAl_U1JMk_s0000982050_e0000987134,OCjAl_U1JMk_s0000982050_e0000987134.mp4,keep,,[],nguyenlamanh,v3,2026-09-16 16:38:29
JEgxmwvo7YY_s0000847362_e0000852362,JEgxmwvo7YY_s0000847362_e0000852362.mp4,reject,small_face,"[{""start_ms"":0,""end_ms"":5005,""reason"":""small_face""}]",nguyenlamanh,v3,2026-09-17 11:28:56
OCjAl_U1JMk_s0000405922_e0000408126,OCjAl_U1JMk_s0000405922_e0000408126.mp4,keep,,[],nguyenlamanh,v3,2026-09-16 20:58:31
WgzSaOvFKrc_s0000468994_e0000472478,WgzSaOvFKrc_s0000468994_e0000472478.mp4,keep,,[],nguyenlamanh,v3,2026-09-16 15:22:07
bcOT0JHr3Qc_s0000572162_e0000574302,bcOT0JHr3Qc_s0000572162_e0000574302.mp4,keep,,[],nguyenlamanh,v3,2026-09-17 12:24:41
j60KF89vXkg_s0000560066_e0000564606,j60KF89vXkg_s0000560066_e0000564606.mp4,keep,,[],nguyenlamanh,v3,2026-09-17 11:08:26
gof2bUJhK3Y_s0000639906_e0000643550,gof2bUJhK3Y_s0000639906_e0000643550.mp4,keep,,[],nguyenlamanh,v3,2026-09-17 10:46:32
bcOT0JHr3Qc_s0000112770_e0000116190,bcOT0JHr3Qc_s0000112770_e0000116190.mp4,reject,mouth,"[{""start_ms"":1533,""end_ms"":2807,""reason"":""mouth""}]",nguyenlamanh,v3,2026-09-17 10:45:48
2fqXC4RQyOw_s0000396002_e0000401002,2fqXC4RQyOw_s0000396002_e0000401002.mp4,reject,mouth,"[{""start_ms"":3491,""end_ms"":4196,""reason"":""mouth""}]",nguyenlamanh,v3,2026-09-16 10:31:45
j60KF89vXkg_s0000074530_e0000076670,j60KF89vXkg_s0000074530_e0000076670.mp4,keep,,[],nguyenlamanh,v3,2026-09-16 11:03:26
gTTtVb-Q31w_s0000624898_e0000626910,gTTtVb-Q31w_s0000624898_e0000626910.mp4,keep,,[],nguyenlamanh,v3,2026-09-16 11:01:05
2fqXC4RQyOw_s0000617698_e0000622698,2fqXC4RQyOw_s0000617698_e0000622698.mp4,reject,mouth,"[{""start_ms"":0,""end_ms"":328,""reason"":""mouth""}]",nguyenlamanh,v3,2026-09-17 11:53:16
KUVGZwkwd68_s0000366594_e0000370014,KUVGZwkwd68_s0000366594_e0000370014.mp4,keep,,[],nguyenlamanh,v3,2026-09-17 11:29:01
KUVGZwkwd68_s0000378370_e0000381598,KUVGZwkwd68_s0000378370_e0000381598.mp4,keep,,[],nguyenlamanh,v3,2026-09-17 10:27:15
OCjAl_U1JMk_s0000533858_e0000538462,OCjAl_U1JMk_s0000533858_e0000538462.mp4,keep,,[],nguyenlamanh,v3,2026-09-17 11:32:36
gof2bUJhK3Y_s0000644354_e0000647326,gof2bUJhK3Y_s0000644354_e0000647326.mp4,keep,,[],nguyenlamanh,v3,2026-09-16 11:03:21
Pj0KGAllzfs_s0000249346_e0000253118,Pj0KGAllzfs_s0000249346_e0000253118.mp4,reject,mouth,"[{""start_ms"":0,""end_ms"":3780,""reason"":""mouth""}]",nguyenlamanh,v3,2026-09-16 20:52:39
3lHEAWJhKe8_s0000196226_e0000201226,3lHEAWJhKe8_s0000196226_e0000201226.mp4,reject,mouth,"[{""start_ms"":0,""end_ms"":5005,""reason"":""mouth""}]",nguyenlamanh,v3,2026-09-17 10:55:42
bcOT0JHr3Qc_s0000630498_e0000635390,bcOT0JHr3Qc_s0000630498_e0000635390.mp4,keep,,[],nguyenlamanh,v3,2026-09-17 11:49:53
JEgxmwvo7YY_s0000081154_e0000087134,JEgxmwvo7YY_s0000081154_e0000087134.mp4,keep,,[],nguyenlamanh,v3,2026-09-16 21:11:00
7mvfCSW4SLw_s0000487938_e0000490494,7mvfCSW4SLw_s0000487938_e0000490494.mp4,reject,mouth,"[{""start_ms"":0,""end_ms"":175,""reason"":""mouth""}]",nguyenlamanh,v3,2026-09-17 11:54:01
gof2bUJhK3Y_s0000852738_e0000857470,gof2bUJhK3Y_s0000852738_e0000857470.mp4,keep,,[],nguyenlamanh,v3,2026-09-17 11:43:29
Pj0KGAllzfs_s0001112770_e0001115166,Pj0KGAllzfs_s0001112770_e0001115166.mp4,reject,mouth,"[{""start_ms"":0,""end_ms"":2400,""reason"":""mouth""}]",nguyenlamanh,v3,2026-09-17 10:10:43
bcOT0JHr3Qc_s0000739554_e0000751486,bcOT0JHr3Qc_s0000739554_e0000751486.mp4,keep,,[],nguyenlamanh,v3,2026-09-16 11:11:34
7mvfCSW4SLw_s0000267042_e0000272894,7mvfCSW4SLw_s0000267042_e0000272894.mp4,reject,mouth,"[{""start_ms"":3154,""end_ms"":5093,""reason"":""mouth""}]",nguyenlamanh,v3,2026-09-17 11:57:19
gof2bUJhK3Y_s0000036066_e0000045342,gof2bUJhK3Y_s0000036066_e0000045342.mp4,reject,mouth,"[{""start_ms"":195,""end_ms"":542,""reason"":""mouth""}]",nguyenlamanh,v3,2026-09-16 16:21:39
qy7VoECGCm8_s0000463362_e0000468362,qy7VoECGCm8_s0000463362_e0000468362.mp4,keep,,[],nguyenlamanh,v3,2026-09-17 11:14:29
5CNS_gaH16c_s0000107138_e0000109374,5CNS_gaH16c_s0000107138_e0000109374.mp4,keep,,[],nguyenlamanh,v3,2026-09-16 16:35:16
j60KF89vXkg_s0000263970_e0000269374,j60KF89vXkg_s0000263970_e0000269374.mp4,keep,,[],nguyenlamanh,v3,2026-09-17 11:46:32
0cHIyeLFYOk_s0000456066_e0000458110,0cHIyeLFYOk_s0000456066_e0000458110.mp4,keep,,[],nguyenlamanh,v3,2026-09-16 11:06:49
KUVGZwkwd68_s0000122498_e0000127498,KUVGZwkwd68_s0000122498_e0000127498.mp4,keep,,[],nguyenlamanh,v3,2026-09-16 16:20:03
xo3VtrivRjk_s0000380962_e0000385982,xo3VtrivRjk_s0000380962_e0000385982.mp4,keep,,[],nguyenlamanh,v3,2026-09-17 11:19:45
xo3VtrivRjk_s0000487266_e0000496030,xo3VtrivRjk_s0000487266_e0000496030.mp4,keep,,[],nguyenlamanh,v3,2026-09-17 11:03:41
JEgxmwvo7YY_s0000835362_e0000840362,JEgxmwvo7YY_s0000835362_e0000840362.mp4,reject,mouth,"[{""start_ms"":865,""end_ms"":1256,""reason"":""mouth""}]",nguyenlamanh,v3,2026-09-16 16:19:53
j60KF89vXkg_s0000405250_e0000410302,j60KF89vXkg_s0000405250_e0000410302.mp4,keep,,[],nguyenlamanh,v3,2026-09-16 15:47:07
2fqXC4RQyOw_s0000315074_e0000319358,2fqXC4RQyOw_s0000315074_e0000319358.mp4,reject,mouth,"[{""start_ms"":1899,""end_ms"":3080,""reason"":""mouth""}]",nguyenlamanh,v3,2026-09-17 11:35:29
5CNS_gaH16c_s0000762978_e0000765150,5CNS_gaH16c_s0000762978_e0000765150.mp4,reject,mouth,"[{""start_ms"":760,""end_ms"":1080,""reason"":""mouth""}]",nguyenlamanh,v3,2026-09-17 12:06:09
5QPu-wDmeTA_s0000025090_e0000028990,5QPu-wDmeTA_s0000025090_e0000028990.mp4,reject,mouth,"[{""start_ms"":0,""end_ms"":3617,""reason"":""mouth""}]",nguyenlamanh,v3,2026-09-16 20:51:10
xo3VtrivRjk_s0000431938_e0000437854,xo3VtrivRjk_s0000431938_e0000437854.mp4,keep,,[],nguyenlamanh,v3,2026-09-16 20:49:29
KUVGZwkwd68_s0000139810_e0000143166,KUVGZwkwd68_s0000139810_e0000143166.mp4,keep,,[],nguyenlamanh,v3,2026-09-16 21:11:06
qy7VoECGCm8_s0000015874_e0000019422,qy7VoECGCm8_s0000015874_e0000019422.mp4,keep,,[],nguyenlamanh,v3,2026-09-16 20:54:22
5QPu-wDmeTA_s0000329026_e0000340926,5QPu-wDmeTA_s0000329026_e0000340926.mp4,keep,,[],nguyenlamanh,v3,2026-09-16 15:48:18
j60KF89vXkg_s0000849250_e0000851966,j60KF89vXkg_s0000849250_e0000851966.mp4,reject,mouth,"[{""start_ms"":1292,""end_ms"":2313,""reason"":""mouth""}]",nguyenlamanh,v3,2026-09-17 11:55:52
gTTtVb-Q31w_s0000087970_e0000092970,gTTtVb-Q31w_s0000087970_e0000092970.mp4,keep,,[],nguyenlamanh,v3,2026-09-16 11:11:42
7mvfCSW4SLw_s0000467746_e0000472542,7mvfCSW4SLw_s0000467746_e0000472542.mp4,keep,,[],nguyenlamanh,v3,2026-09-16 20:58:00
qy7VoECGCm8_s0000130114_e0000135114,qy7VoECGCm8_s0000130114_e0000135114.mp4,keep,,[],nguyenlamanh,v3,2026-09-17 10:23:37
gTTtVb-Q31w_s0000669762_e0000673790,gTTtVb-Q31w_s0000669762_e0000673790.mp4,keep,,[],nguyenlamanh,v3,2026-09-17 11:59:23
OCjAl_U1JMk_s0000087106_e0000091742,OCjAl_U1JMk_s0000087106_e0000091742.mp4,reject,cut,"[{""start_ms"":3639,""end_ms"":4248,""reason"":""cut""}]",nguyenlamanh,v3,2026-09-16 21:11:40
gof2bUJhK3Y_s0000914402_e0000920318,gof2bUJhK3Y_s0000914402_e0000920318.mp4,reject,mouth,"[{""start_ms"":1400,""end_ms"":2320,""reason"":""mouth""}]",nguyenlamanh,v3,2026-09-16 20:54:09
j60KF89vXkg_s0000655586_e0000661214,j60KF89vXkg_s0000655586_e0000661214.mp4,keep,,[],nguyenlamanh,v3,2026-09-17 11:38:36
5CNS_gaH16c_s0000653218_e0000658270,5CNS_gaH16c_s0000653218_e0000658270.mp4,keep,,[],nguyenlamanh,v3,2026-09-17 11:44:31
5QPu-wDmeTA_s0000727650_e0000730622,5QPu-wDmeTA_s0000727650_e0000730622.mp4,keep,,[],nguyenlamanh,v3,2026-09-17 11:05:05
5QPu-wDmeTA_s0000656642_e0000660414,5QPu-wDmeTA_s0000656642_e0000660414.mp4,reject,mouth,"[{""start_ms"":0,""end_ms"":803,""reason"":""mouth""}]",nguyenlamanh,v3,2026-09-17 11:53:38
xo3VtrivRjk_s0000510402_e0000514526,xo3VtrivRjk_s0000510402_e0000514526.mp4,keep,,[],nguyenlamanh,v3,2026-09-17 11:14:35
7mvfCSW4SLw_s0000609346_e0000614346,7mvfCSW4SLw_s0000609346_e0000614346.mp4,keep,,[],nguyenlamanh,v3,2026-09-17 10:08:02
71HzPcvxNJM_s0000054562_e0000059614,71HzPcvxNJM_s0000054562_e0000059614.mp4,keep,,[],nguyenlamanh,v3,2026-09-16 11:07:40
bcOT0JHr3Qc_s0000513090_e0000517566,bcOT0JHr3Qc_s0000513090_e0000517566.mp4,keep,,[],nguyenlamanh,v3,2026-09-14 14:48:46
KUVGZwkwd68_s0000468994_e0000473470,KUVGZwkwd68_s0000468994_e0000473470.mp4,keep,,[],nguyenlamanh,v3,2026-09-16 14:58:33
gof2bUJhK3Y_s0000729442_e0000734014,gof2bUJhK3Y_s0000729442_e0000734014.mp4,reject,voiceover,"[{""start_ms"":2803,""end_ms"":3173,""reason"":""cut""},{""start_ms"":3090,""end_ms"":4580,""reason"":""voiceover""}]",nguyenlamanh,v3,2026-09-17 11:02:31
j60KF89vXkg_s0000141762_e0000145214,j60KF89vXkg_s0000141762_e0000145214.mp4,keep,,[],nguyenlamanh,v3,2026-09-16 10:30:13
xo3VtrivRjk_s0000180450_e0000183838,xo3VtrivRjk_s0000180450_e0000183838.mp4,keep,,[],nguyenlamanh,v3,2026-09-16 10:30:55
WgzSaOvFKrc_s0000455074_e0000458142,WgzSaOvFKrc_s0000455074_e0000458142.mp4,keep,,[],nguyenlamanh,v3,2026-09-17 11:17:48
5CNS_gaH16c_s0000785346_e0000793598,5CNS_gaH16c_s0000785346_e0000793598.mp4,reject,small_face,"[{""start_ms"":0,""end_ms"":8258,""reason"":""small_face""}]",nguyenlamanh,v3,2026-09-17 10:39:39
71HzPcvxNJM_s0000169122_e0000172414,71HzPcvxNJM_s0000169122_e0000172414.mp4,reject,mouth,"[{""start_ms"":1386,""end_ms"":2062,""reason"":""mouth""}]",nguyenlamanh,v3,2026-09-16 23:18:36
xo3VtrivRjk_s0000314018_e0000320158,xo3VtrivRjk_s0000314018_e0000320158.mp4,reject,mouth,"[{""start_ms"":3036,""end_ms"":3822,""reason"":""mouth""}]",nguyenlamanh,v3,2026-09-16 23:14:39
3lHEAWJhKe8_s0000158882_e0000163882,3lHEAWJhKe8_s0000158882_e0000163882.mp4,reject,mouth,"[{""start_ms"":0,""end_ms"":5005,""reason"":""mouth""}]",nguyenlamanh,v3,2026-09-17 11:09:32
bcOT0JHr3Qc_s0000389474_e0000394474,bcOT0JHr3Qc_s0000389474_e0000394474.mp4,reject,mouth,"[{""start_ms"":3003,""end_ms"":3732,""reason"":""mouth""}]",nguyenlamanh,v3,2026-09-16 20:47:56
qy7VoECGCm8_s0000102114_e0000107114,qy7VoECGCm8_s0000102114_e0000107114.mp4,keep,,[],nguyenlamanh,v3,2026-09-16 16:26:11
7mvfCSW4SLw_s0000079970_e0000083198,7mvfCSW4SLw_s0000079970_e0000083198.mp4,reject,mouth,"[{""start_ms"":80,""end_ms"":1007,""reason"":""mouth""}]",nguyenlamanh,v3,2026-09-17 11:28:45
71HzPcvxNJM_s0000015778_e0000020126,71HzPcvxNJM_s0000015778_e0000020126.mp4,keep,,[],nguyenlamanh,v3,2026-09-17 11:47:58
Pj0KGAllzfs_s0001265858_e0001271006,Pj0KGAllzfs_s0001265858_e0001271006.mp4,keep,,[],nguyenlamanh,v3,2026-09-14 14:48:36
bcOT0JHr3Qc_s0000846082_e0000850334,bcOT0JHr3Qc_s0000846082_e0000850334.mp4,reject,small_face,"[{""start_ms"":0,""end_ms"":4271,""reason"":""small_face""}]",nguyenlamanh,v3,2026-09-17 11:59:18
KUVGZwkwd68_s0000435234_e0000442430,KUVGZwkwd68_s0000435234_e0000442430.mp4,reject,mouth,"[{""start_ms"":1174,""end_ms"":1677,""reason"":""mouth""}]",nguyenlamanh,v3,2026-09-17 12:23:58
2fqXC4RQyOw_s0000491554_e0000496554,2fqXC4RQyOw_s0000491554_e0000496554.mp4,reject,mouth,"[{""start_ms"":515,""end_ms"":1190,""reason"":""mouth""}]",nguyenlamanh,v3,2026-09-17 11:31:36
KUVGZwkwd68_s0000544354_e0000547390,KUVGZwkwd68_s0000544354_e0000547390.mp4,keep,,[],nguyenlamanh,v3,2026-09-16 20:52:07
qy7VoECGCm8_s0000479362_e0000482558,qy7VoECGCm8_s0000479362_e0000482558.mp4,reject,mouth,"[{""start_ms"":156,""end_ms"":1012,""reason"":""mouth""}]",nguyenlamanh,v3,2026-09-17 11:03:28
OCjAl_U1JMk_s0000948642_e0000955326,OCjAl_U1JMk_s0000948642_e0000955326.mp4,keep,,[],nguyenlamanh,v3,2026-09-16 10:28:28
2fqXC4RQyOw_s0000098658_e0000103358,2fqXC4RQyOw_s0000098658_e0000103358.mp4,reject,cut,"[{""start_ms"":3061,""end_ms"":3242,""reason"":""cut""}]",nguyenlamanh,v3,2026-09-16 20:55:13
KUVGZwkwd68_s0000547554_e0000550878,KUVGZwkwd68_s0000547554_e0000550878.mp4,reject,mouth,"[{""start_ms"":0,""end_ms"":159,""reason"":""mouth""}]",nguyenlamanh,v3,2026-09-17 11:48:52
7mvfCSW4SLw_s0000675842_e0000679454,7mvfCSW4SLw_s0000675842_e0000679454.mp4,keep,,[],nguyenlamanh,v3,2026-09-17 11:40:58
bcOT0JHr3Qc_s0000098306_e0000102590,bcOT0JHr3Qc_s0000098306_e0000102590.mp4,reject,mouth,"[{""start_ms"":826,""end_ms"":2137,""reason"":""mouth""}]",nguyenlamanh,v3,2026-09-17 11:18:28
gof2bUJhK3Y_s0000755298_e0000760094,gof2bUJhK3Y_s0000755298_e0000760094.mp4,keep,,[],nguyenlamanh,v3,2026-09-14 14:49:00
WgzSaOvFKrc_s0000412642_e0000416510,WgzSaOvFKrc_s0000412642_e0000416510.mp4,keep,,[],nguyenlamanh,v3,2026-09-16 16:16:36
JEgxmwvo7YY_s0000723458_e0000731454,JEgxmwvo7YY_s0000723458_e0000731454.mp4,reject,mouth,"[{""start_ms"":5778,""end_ms"":6713,""reason"":""mouth""}]",nguyenlamanh,v3,2026-09-17 11:06:37
WgzSaOvFKrc_s0000661730_e0000666046,WgzSaOvFKrc_s0000661730_e0000666046.mp4,reject,mouth,"[{""start_ms"":996,""end_ms"":1297,""reason"":""mouth""}]",nguyenlamanh,v3,2026-09-17 11:45:56
3lHEAWJhKe8_s0000110690_e0000118558,3lHEAWJhKe8_s0000110690_e0000118558.mp4,reject,cut,"[{""start_ms"":5095,""end_ms"":5426,""reason"":""cut""}]",nguyenlamanh,v3,2026-09-17 10:32:50
3lHEAWJhKe8_s0000274850_e0000279850,3lHEAWJhKe8_s0000274850_e0000279850.mp4,reject,mouth,"[{""start_ms"":0,""end_ms"":5005,""reason"":""mouth""}]",nguyenlamanh,v3,2026-09-16 20:44:30
5CNS_gaH16c_s0000420994_e0000425918,5CNS_gaH16c_s0000420994_e0000425918.mp4,reject,mouth,"[{""start_ms"":1410,""end_ms"":2433,""reason"":""mouth""}]",nguyenlamanh,v3,2026-09-16 11:07:28
JEgxmwvo7YY_s0000458306_e0000461758,JEgxmwvo7YY_s0000458306_e0000461758.mp4,keep,,[],nguyenlamanh,v3,2026-09-17 10:40:54
xo3VtrivRjk_s0000151842_e0000154206,xo3VtrivRjk_s0000151842_e0000154206.mp4,reject,mouth,"[{""start_ms"":1439,""end_ms"":2373,""reason"":""mouth""}]",nguyenlamanh,v3,2026-09-16 16:17:30
7mvfCSW4SLw_s0000119938_e0000126622,7mvfCSW4SLw_s0000119938_e0000126622.mp4,keep,,[],nguyenlamanh,v3,2026-09-17 10:26:49
qy7VoECGCm8_s0000450338_e0000454878,qy7VoECGCm8_s0000450338_e0000454878.mp4,keep,,[],nguyenlamanh,v3,2026-09-17 11:30:47
5CNS_gaH16c_s0000534978_e0000539978,5CNS_gaH16c_s0000534978_e0000539978.mp4,reject,mouth,"[{""start_ms"":3009,""end_ms"":3473,""reason"":""mouth""}]",nguyenlamanh,v3,2026-09-17 11:15:15
JEgxmwvo7YY_s0000734754_e0000737630,JEgxmwvo7YY_s0000734754_e0000737630.mp4,reject,mouth,"[{""start_ms"":0,""end_ms"":540,""reason"":""mouth""}]",nguyenlamanh,v3,2026-09-16 10:27:28
gof2bUJhK3Y_s0000817410_e0000826334,gof2bUJhK3Y_s0000817410_e0000826334.mp4,reject,mouth,"[{""start_ms"":3374,""end_ms"":4149,""reason"":""mouth""}]",nguyenlamanh,v3,2026-09-17 12:25:17
gTTtVb-Q31w_s0000259490_e0000262718,gTTtVb-Q31w_s0000259490_e0000262718.mp4,keep,,[],nguyenlamanh,v3,2026-09-16 23:13:21
Pj0KGAllzfs_s0000282306_e0000285534,Pj0KGAllzfs_s0000282306_e0000285534.mp4,reject,mouth,"[{""start_ms"":0,""end_ms"":3240,""reason"":""mouth""}]",nguyenlamanh,v3,2026-09-17 10:27:37
OCjAl_U1JMk_s0001182914_e0001184990,OCjAl_U1JMk_s0001182914_e0001184990.mp4,keep,,[],nguyenlamanh,v3,2026-09-17 11:45:15
OCjAl_U1JMk_s0000318530_e0000320638,OCjAl_U1JMk_s0000318530_e0000320638.mp4,keep,,[],nguyenlamanh,v3,2026-09-16 16:15:39
bcOT0JHr3Qc_s0000574402_e0000578526,bcOT0JHr3Qc_s0000574402_e0000578526.mp4,reject,mouth,"[{""start_ms"":984,""end_ms"":1955,""reason"":""mouth""}]",nguyenlamanh,v3,2026-09-17 11:07:52
71HzPcvxNJM_s0000390722_e0000395722,71HzPcvxNJM_s0000390722_e0000395722.mp4,keep,,[],nguyenlamanh,v3,2026-09-17 12:26:34
3lHEAWJhKe8_s0000149986_e0000154986,3lHEAWJhKe8_s0000149986_e0000154986.mp4,reject,mouth,"[{""start_ms"":0,""end_ms"":5005,""reason"":""mouth""}]",nguyenlamanh,v3,2026-09-16 21:10:06
5QPu-wDmeTA_s0000085282_e0000092350,5QPu-wDmeTA_s0000085282_e0000092350.mp4,reject,mouth,"[{""start_ms"":3805,""end_ms"":6405,""reason"":""mouth""}]",nguyenlamanh,v3,2026-09-16 21:10:39
5QPu-wDmeTA_s0000475650_e0000480990,5QPu-wDmeTA_s0000475650_e0000480990.mp4,reject,mouth,"[{""start_ms"":5236,""end_ms"":5340,""reason"":""mouth""}]",nguyenlamanh,v3,2026-09-17 11:27:47
OCjAl_U1JMk_s0001185954_e0001190954,OCjAl_U1JMk_s0001185954_e0001190954.mp4,keep,,[],nguyenlamanh,v3,2026-09-17 11:42:30
5CNS_gaH16c_s0000187554_e0000189918,5CNS_gaH16c_s0000187554_e0000189918.mp4,keep,,[],nguyenlamanh,v3,2026-09-16 15:48:16
0cHIyeLFYOk_s0000886658_e0000891658,0cHIyeLFYOk_s0000886658_e0000891658.mp4,keep,,[],nguyenlamanh,v3,2026-09-16 20:54:54
j60KF89vXkg_s0000348354_e0000352062,j60KF89vXkg_s0000348354_e0000352062.mp4,keep,,[],nguyenlamanh,v3,2026-09-16 23:14:03
0cHIyeLFYOk_s0000130434_e0000140574,0cHIyeLFYOk_s0000130434_e0000140574.mp4,keep,,[],nguyenlamanh,v3,2026-09-16 20:43:33
0cHIyeLFYOk_s0000147106_e0000152478,0cHIyeLFYOk_s0000147106_e0000152478.mp4,keep,,[],nguyenlamanh,v3,2026-09-17 11:56:04
OCjAl_U1JMk_s0000060162_e0000065162,OCjAl_U1JMk_s0000060162_e0000065162.mp4,reject,mouth,"[{""start_ms"":2657,""end_ms"":3060,""reason"":""mouth""}]",nguyenlamanh,v3,2026-09-17 12:24:23
KUVGZwkwd68_s0000298914_e0000303914,KUVGZwkwd68_s0000298914_e0000303914.mp4,keep,,[],nguyenlamanh,v3,2026-09-17 11:42:10
WgzSaOvFKrc_s0000496674_e0000499390,WgzSaOvFKrc_s0000496674_e0000499390.mp4,keep,,[],nguyenlamanh,v3,2026-09-14 14:48:41
xo3VtrivRjk_s0000539874_e0000543614,xo3VtrivRjk_s0000539874_e0000543614.mp4,keep,,[],nguyenlamanh,v3,2026-09-17 11:30:53
gTTtVb-Q31w_s0000012450_e0000015614,gTTtVb-Q31w_s0000012450_e0000015614.mp4,reject,voiceover,"[{""start_ms"":0,""end_ms"":3166,""reason"":""voiceover""}]",nguyenlamanh,v3,2026-09-17 11:18:46
71HzPcvxNJM_s0000286210_e0000289374,71HzPcvxNJM_s0000286210_e0000289374.mp4,keep,,[],nguyenlamanh,v3,2026-09-17 11:44:41
2fqXC4RQyOw_s0000388002_e0000393002,2fqXC4RQyOw_s0000388002_e0000393002.mp4,reject,mouth,"[{""start_ms"":2599,""end_ms"":3358,""reason"":""mouth""}]",nguyenlamanh,v3,2026-09-16 16:17:58
5QPu-wDmeTA_s0000013090_e0000018090,5QPu-wDmeTA_s0000013090_e0000018090.mp4,reject,mouth,"[{""start_ms"":274,""end_ms"":834,""reason"":""mouth""},{""start_ms"":1779,""end_ms"":4836,""reason"":""mouth""}]",nguyenlamanh,v3,2026-09-16 16:37:11
5QPu-wDmeTA_s0000228066_e0000231710,5QPu-wDmeTA_s0000228066_e0000231710.mp4,keep,,[],nguyenlamanh,v3,2026-09-14 14:34:15
5QPu-wDmeTA_s0000113794_e0000118430,5QPu-wDmeTA_s0000113794_e0000118430.mp4,keep,,[],nguyenlamanh,v3,2026-09-16 11:43:19
0cHIyeLFYOk_s0000030338_e0000035198,0cHIyeLFYOk_s0000030338_e0000035198.mp4,reject,mouth,"[{""start_ms"":4254,""end_ms"":4871,""reason"":""mouth""}]",nguyenlamanh,v3,2026-09-17 11:04:11
5CNS_gaH16c_s0000563586_e0000568586,5CNS_gaH16c_s0000563586_e0000568586.mp4,reject,mouth,"[{""start_ms"":3834,""end_ms"":4635,""reason"":""mouth""}]",nguyenlamanh,v3,2026-09-17 11:05:00
Pj0KGAllzfs_s0000234754_e0000239326,Pj0KGAllzfs_s0000234754_e0000239326.mp4,reject,small_face,"[{""start_ms"":0,""end_ms"":4580,""reason"":""small_face""}]",nguyenlamanh,v3,2026-09-17 11:42:45
OCjAl_U1JMk_s0000974306_e0000981950,OCjAl_U1JMk_s0000974306_e0000981950.mp4,keep,,[],nguyenlamanh,v3,2026-09-17 11:17:25
5QPu-wDmeTA_s0000673154_e0000675262,5QPu-wDmeTA_s0000673154_e0000675262.mp4,keep,,[],nguyenlamanh,v3,2026-09-16 10:24:32
j60KF89vXkg_s0000784898_e0000794462,j60KF89vXkg_s0000784898_e0000794462.mp4,keep,,[],nguyenlamanh,v3,2026-09-16 16:21:51
2fqXC4RQyOw_s0000017506_e0000020254,2fqXC4RQyOw_s0000017506_e0000020254.mp4,keep,,[],nguyenlamanh,v3,2026-09-17 10:32:15
xo3VtrivRjk_s0000553314_e0000560638,xo3VtrivRjk_s0000553314_e0000560638.mp4,reject,mouth,"[{""start_ms"":0,""end_ms"":1280,""reason"":""mouth""}]",nguyenlamanh,v3,2026-09-16 21:09:18
2fqXC4RQyOw_s0000086882_e0000098270,2fqXC4RQyOw_s0000086882_e0000098270.mp4,reject,voiceover,"[{""start_ms"":4457,""end_ms"":8331,""reason"":""voiceover""}]",nguyenlamanh,v3,2026-09-17 11:47:33
qy7VoECGCm8_s0000267394_e0000271838,qy7VoECGCm8_s0000267394_e0000271838.mp4,reject,mouth,"[{""start_ms"":0,""end_ms"":4471,""reason"":""mouth""}]",nguyenlamanh,v3,2026-09-16 21:09:00
qy7VoECGCm8_s0000483266_e0000486910,qy7VoECGCm8_s0000483266_e0000486910.mp4,keep,,[],nguyenlamanh,v3,2026-09-16 16:17:18
OCjAl_U1JMk_s0000806690_e0000809022,OCjAl_U1JMk_s0000806690_e0000809022.mp4,reject,mouth,"[{""start_ms"":235,""end_ms"":553,""reason"":""mouth""}]",nguyenlamanh,v3,2026-09-16 15:21:13
KUVGZwkwd68_s0000465730_e0000468702,KUVGZwkwd68_s0000465730_e0000468702.mp4,keep,,[],nguyenlamanh,v3,2026-09-16 20:58:27
WgzSaOvFKrc_s0000782466_e0000786590,WgzSaOvFKrc_s0000782466_e0000786590.mp4,reject,small_face,"[{""start_ms"":0,""end_ms"":4140,""reason"":""small_face""}]",nguyenlamanh,v3,2026-09-17 11:29:26
2fqXC4RQyOw_s0000400002_e0000405002,2fqXC4RQyOw_s0000400002_e0000405002.mp4,reject,mouth,"[{""start_ms"":1587,""end_ms"":2316,""reason"":""mouth""}]",nguyenlamanh,v3,2026-09-17 10:55:29
j60KF89vXkg_s0000032130_e0000035550,j60KF89vXkg_s0000032130_e0000035550.mp4,keep,,[],nguyenlamanh,v3,2026-09-17 11:34:26
7mvfCSW4SLw_s0000490818_e0000499294,7mvfCSW4SLw_s0000490818_e0000499294.mp4,reject,mouth,"[{""start_ms"":4227,""end_ms"":4493,""reason"":""mouth""}]",nguyenlamanh,v3,2026-09-16 10:27:03
5QPu-wDmeTA_s0000348674_e0000351582,5QPu-wDmeTA_s0000348674_e0000351582.mp4,reject,mouth,"[{""start_ms"":40,""end_ms"":353,""reason"":""mouth""}]",nguyenlamanh,v3,2026-09-17 10:01:03
3lHEAWJhKe8_s0000145986_e0000150986,3lHEAWJhKe8_s0000145986_e0000150986.mp4,keep,,[],nguyenlamanh,v3,2026-09-16 16:35:12
gTTtVb-Q31w_s0000337954_e0000341086,gTTtVb-Q31w_s0000337954_e0000341086.mp4,keep,,[],nguyenlamanh,v3,2026-09-16 16:16:48
xo3VtrivRjk_s0000184002_e0000186270,xo3VtrivRjk_s0000184002_e0000186270.mp4,keep,,[],nguyenlamanh,v3,2026-09-16 20:43:26
gTTtVb-Q31w_s0000271522_e0000277726,gTTtVb-Q31w_s0000271522_e0000277726.mp4,reject,cut,"[{""start_ms"":4633,""end_ms"":4888,""reason"":""cut""}]",nguyenlamanh,v3,2026-09-16 20:48:19
gof2bUJhK3Y_s0000303586_e0000311614,gof2bUJhK3Y_s0000303586_e0000311614.mp4,reject,mouth,"[{""start_ms"":2434,""end_ms"":3549,""reason"":""mouth""}]",nguyenlamanh,v3,2026-09-16 15:46:37
5QPu-wDmeTA_s0000150754_e0000152830,5QPu-wDmeTA_s0000150754_e0000152830.mp4,reject,mouth,"[{""start_ms"":0,""end_ms"":2080,""reason"":""mouth""}]",nguyenlamanh,v3,2026-09-17 11:31:57
71HzPcvxNJM_s0000750658_e0000758846,71HzPcvxNJM_s0000750658_e0000758846.mp4,keep,,[],nguyenlamanh,v3,2026-09-17 10:07:34
7mvfCSW4SLw_s0000515746_e0000518078,7mvfCSW4SLw_s0000515746_e0000518078.mp4,keep,,[],nguyenlamanh,v3,2026-09-17 11:10:58
0cHIyeLFYOk_s0000858242_e0000860734,0cHIyeLFYOk_s0000858242_e0000860734.mp4,reject,mouth,"[{""start_ms"":819,""end_ms"":1487,""reason"":""mouth""}]",nguyenlamanh,v3,2026-09-17 11:09:08
OCjAl_U1JMk_s0000987490_e0000990078,OCjAl_U1JMk_s0000987490_e0000990078.mp4,keep,,[],nguyenlamanh,v3,2026-09-17 11:29:05
xo3VtrivRjk_s0000531394_e0000533822,xo3VtrivRjk_s0000531394_e0000533822.mp4,keep,,[],nguyenlamanh,v3,2026-09-17 11:39:05
bcOT0JHr3Qc_s0000462498_e0000469342,bcOT0JHr3Qc_s0000462498_e0000469342.mp4,reject,mouth,"[{""start_ms"":1924,""end_ms"":2197,""reason"":""mouth""}]",nguyenlamanh,v3,2026-09-17 09:55:59
xo3VtrivRjk_s0000361410_e0000364190,xo3VtrivRjk_s0000361410_e0000364190.mp4,keep,,[],nguyenlamanh,v3,2026-09-17 11:08:54
2fqXC4RQyOw_s0000410402_e0000413790,2fqXC4RQyOw_s0000410402_e0000413790.mp4,keep,,[],nguyenlamanh,v3,2026-09-17 11:09:14
Pj0KGAllzfs_s0000840866_e0000844670,Pj0KGAllzfs_s0000840866_e0000844670.mp4,reject,small_face,"[{""start_ms"":0,""end_ms"":3820,""reason"":""small_face""}]",nguyenlamanh,v3,2026-09-17 12:24:33
3lHEAWJhKe8_s0000365730_e0000370730,3lHEAWJhKe8_s0000365730_e0000370730.mp4,reject,mouth,"[{""start_ms"":3594,""end_ms"":4612,""reason"":""mouth""},{""start_ms"":4612,""end_ms"":4937,""reason"":""cut""}]",nguyenlamanh,v3,2026-09-16 20:55:52
KUVGZwkwd68_s0000290914_e0000295914,KUVGZwkwd68_s0000290914_e0000295914.mp4,reject,mouth,"[{""start_ms"":1550,""end_ms"":2104,""reason"":""mouth""}]",nguyenlamanh,v3,2026-09-17 10:41:10
71HzPcvxNJM_s0000583490_e0000586590,71HzPcvxNJM_s0000583490_e0000586590.mp4,reject,mouth,"[{""start_ms"":0,""end_ms"":252,""reason"":""mouth""}]",nguyenlamanh,v3,2026-09-16 10:34:09
Pj0KGAllzfs_s0000157346_e0000160990,Pj0KGAllzfs_s0000157346_e0000160990.mp4,reject,mouth,"[{""start_ms"":2,""end_ms"":3660,""reason"":""mouth""}]",nguyenlamanh,v3,2026-09-16 16:20:35
2fqXC4RQyOw_s0000427042_e0000431166,2fqXC4RQyOw_s0000427042_e0000431166.mp4,reject,mouth,"[{""start_ms"":2727,""end_ms"":2985,""reason"":""mouth""}]",nguyenlamanh,v3,2026-09-17 11:39:45
2fqXC4RQyOw_s0000645346_e0000648542,2fqXC4RQyOw_s0000645346_e0000648542.mp4,keep,,[],nguyenlamanh,v3,2026-09-17 11:14:44
5CNS_gaH16c_s0000248194_e0000253438,5CNS_gaH16c_s0000248194_e0000253438.mp4,keep,,[],nguyenlamanh,v3,2026-09-16 20:50:39
WgzSaOvFKrc_s0000654210_e0000657278,WgzSaOvFKrc_s0000654210_e0000657278.mp4,keep,,[],nguyenlamanh,v3,2026-09-17 12:24:37
WgzSaOvFKrc_s0000514402_e0000521630,WgzSaOvFKrc_s0000514402_e0000521630.mp4,keep,,[],nguyenlamanh,v3,2026-09-17 10:58:09
j60KF89vXkg_s0000518626_e0000522942,j60KF89vXkg_s0000518626_e0000522942.mp4,reject,mouth,"[{""start_ms"":512,""end_ms"":1167,""reason"":""mouth""}]",nguyenlamanh,v3,2026-09-17 11:59:48
5QPu-wDmeTA_s0000216962_e0000223326,5QPu-wDmeTA_s0000216962_e0000223326.mp4,keep,,[],nguyenlamanh,v3,2026-09-17 11:40:29
71HzPcvxNJM_s0000629442_e0000631774,71HzPcvxNJM_s0000629442_e0000631774.mp4,keep,,[],nguyenlamanh,v3,2026-09-17 11:36:09
0cHIyeLFYOk_s0000669474_e0000671518,0cHIyeLFYOk_s0000669474_e0000671518.mp4,keep,,[],nguyenlamanh,v3,2026-09-17 11:14:38
gof2bUJhK3Y_s0000123458_e0000130494,gof2bUJhK3Y_s0000123458_e0000130494.mp4,reject,mouth,"[{""start_ms"":2767,""end_ms"":4046,""reason"":""mouth""}]",nguyenlamanh,v3,2026-09-17 11:50:27
j60KF89vXkg_s0000813794_e0000817886,j60KF89vXkg_s0000813794_e0000817886.mp4,keep,,[],nguyenlamanh,v3,2026-09-16 20:43:14
j60KF89vXkg_s0000623202_e0000626814,j60KF89vXkg_s0000623202_e0000626814.mp4,reject,cut,"[{""start_ms"":1880,""end_ms"":2225,""reason"":""cut""}]",nguyenlamanh,v3,2026-09-16 21:08:37
KUVGZwkwd68_s0000269826_e0000274366,KUVGZwkwd68_s0000269826_e0000274366.mp4,reject,cut,"[{""start_ms"":1445,""end_ms"":2309,""reason"":""cut""}]",nguyenlamanh,v3,2026-09-17 11:58:18
qy7VoECGCm8_s0000330306_e0000334558,qy7VoECGCm8_s0000330306_e0000334558.mp4,keep,,[],nguyenlamanh,v3,2026-09-17 11:43:39
WgzSaOvFKrc_s0000176450_e0000181118,WgzSaOvFKrc_s0000176450_e0000181118.mp4,reject,mouth,"[{""start_ms"":2003,""end_ms"":2267,""reason"":""mouth""}]",nguyenlamanh,v3,2026-09-17 11:13:07
Pj0KGAllzfs_s0000641538_e0000646974,Pj0KGAllzfs_s0000641538_e0000646974.mp4,reject,mouth,"[{""start_ms"":612,""end_ms"":1981,""reason"":""mouth""}]",nguyenlamanh,v3,2026-09-16 10:29:00
bcOT0JHr3Qc_s0000611746_e0000615198,bcOT0JHr3Qc_s0000611746_e0000615198.mp4,keep,,[],nguyenlamanh,v3,2026-09-17 10:27:59
5CNS_gaH16c_s0000063426_e0000073054,5CNS_gaH16c_s0000063426_e0000073054.mp4,keep,,[],nguyenlamanh,v3,2026-09-16 20:44:39
71HzPcvxNJM_s0000488322_e0000493982,71HzPcvxNJM_s0000488322_e0000493982.mp4,keep,,[],nguyenlamanh,v3,2026-09-16 10:24:39
5CNS_gaH16c_s0000617538_e0000624286,5CNS_gaH16c_s0000617538_e0000624286.mp4,reject,mouth,"[{""start_ms"":1094,""end_ms"":3534,""reason"":""mouth""}]",nguyenlamanh,v3,2026-09-17 11:09:46
Pj0KGAllzfs_s0000420546_e0000425118,Pj0KGAllzfs_s0000420546_e0000425118.mp4,reject,mouth,"[{""start_ms"":3090,""end_ms"":3360,""reason"":""mouth""}]",nguyenlamanh,v3,2026-09-16 20:59:02
Pj0KGAllzfs_s0000343618_e0000349854,Pj0KGAllzfs_s0000343618_e0000349854.mp4,keep,,[],nguyenlamanh,v3,2026-09-17 11:07:26
gof2bUJhK3Y_s0000075202_e0000077918,gof2bUJhK3Y_s0000075202_e0000077918.mp4,keep,,[],nguyenlamanh,v3,2026-09-17 11:08:19
JEgxmwvo7YY_s0000679458_e0000681470,JEgxmwvo7YY_s0000679458_e0000681470.mp4,keep,,[],nguyenlamanh,v3,2026-09-16 20:45:47
xo3VtrivRjk_s0000411842_e0000416446,xo3VtrivRjk_s0000411842_e0000416446.mp4,keep,,[],nguyenlamanh,v3,2026-09-17 10:47:32
0cHIyeLFYOk_s0000458274_e0000462238,0cHIyeLFYOk_s0000458274_e0000462238.mp4,keep,,[],nguyenlamanh,v3,2026-09-14 14:28:29
gof2bUJhK3Y_s0000581058_e0000583998,gof2bUJhK3Y_s0000581058_e0000583998.mp4,reject,mouth,"[{""start_ms"":411,""end_ms"":2445,""reason"":""mouth""}]",nguyenlamanh,v3,2026-09-16 11:11:56
0cHIyeLFYOk_s0000766626_e0000771626,0cHIyeLFYOk_s0000766626_e0000771626.mp4,reject,mouth,"[{""start_ms"":352,""end_ms"":684,""reason"":""mouth""}]",nguyenlamanh,v3,2026-09-17 09:59:47
2fqXC4RQyOw_s0000651298_e0000656298,2fqXC4RQyOw_s0000651298_e0000656298.mp4,reject,mouth,"[{""start_ms"":1256,""end_ms"":1828,""reason"":""mouth""}]",nguyenlamanh,v3,2026-09-17 11:44:23
gTTtVb-Q31w_s0000353922_e0000359966,gTTtVb-Q31w_s0000353922_e0000359966.mp4,reject,mouth,"[{""start_ms"":1588,""end_ms"":5894,""reason"":""mouth""}]",nguyenlamanh,v3,2026-09-16 10:29:57
5CNS_gaH16c_s0000312034_e0000314750,5CNS_gaH16c_s0000312034_e0000314750.mp4,keep,,[],nguyenlamanh,v3,2026-09-17 11:31:41
7mvfCSW4SLw_s0000453058_e0000457278,7mvfCSW4SLw_s0000453058_e0000457278.mp4,keep,,[],nguyenlamanh,v3,2026-09-16 20:45:42
71HzPcvxNJM_s0000591842_e0000596094,71HzPcvxNJM_s0000591842_e0000596094.mp4,reject,mouth,"[{""start_ms"":3,""end_ms"":4223,""reason"":""mouth""}]",nguyenlamanh,v3,2026-09-16 16:15:19
qy7VoECGCm8_s0000118114_e0000123114,qy7VoECGCm8_s0000118114_e0000123114.mp4,reject,mouth,"[{""start_ms"":0,""end_ms"":5005,""reason"":""mouth""}]",nguyenlamanh,v3,2026-09-16 10:30:49
xo3VtrivRjk_s0000473186_e0000478782,xo3VtrivRjk_s0000473186_e0000478782.mp4,reject,mouth,"[{""start_ms"":1358,""end_ms"":5600,""reason"":""mouth""}]",nguyenlamanh,v3,2026-09-17 11:52:46
JEgxmwvo7YY_s0000315618_e0000318206,JEgxmwvo7YY_s0000315618_e0000318206.mp4,reject,mouth,"[{""start_ms"":785,""end_ms"":1388,""reason"":""mouth""}]",nguyenlamanh,v3,2026-09-16 14:56:05
j60KF89vXkg_s0000029634_e0000031902,j60KF89vXkg_s0000029634_e0000031902.mp4,reject,mouth,"[{""start_ms"":0,""end_ms"":1974,""reason"":""mouth""}]",nguyenlamanh,v3,2026-09-16 16:17:13
j60KF89vXkg_s0000072290_e0000074398,j60KF89vXkg_s0000072290_e0000074398.mp4,keep,,[],nguyenlamanh,v3,2026-09-17 12:25:22
qy7VoECGCm8_s0000182978_e0000185598,qy7VoECGCm8_s0000182978_e0000185598.mp4,reject,cut,"[{""start_ms"":1664,""end_ms"":1969,""reason"":""cut""}]",nguyenlamanh,v3,2026-09-17 10:31:10
gof2bUJhK3Y_s0000431330_e0000434686,gof2bUJhK3Y_s0000431330_e0000434686.mp4,reject,mouth,"[{""start_ms"":2465,""end_ms"":3360,""reason"":""mouth""}]",nguyenlamanh,v3,2026-09-17 10:17:57
71HzPcvxNJM_s0000143522_e0000146014,71HzPcvxNJM_s0000143522_e0000146014.mp4,keep,,[],nguyenlamanh,v3,2026-09-16 16:19:20
gTTtVb-Q31w_s0000278210_e0000281118,gTTtVb-Q31w_s0000278210_e0000281118.mp4,keep,,[],nguyenlamanh,v3,2026-09-17 10:46:27
3lHEAWJhKe8_s0000097314_e0000102314,3lHEAWJhKe8_s0000097314_e0000102314.mp4,reject,cut,"[{""start_ms"":3268,""end_ms"":3461,""reason"":""cut""}]",nguyenlamanh,v3,2026-09-16 20:50:32
5QPu-wDmeTA_s0000055714_e0000062014,5QPu-wDmeTA_s0000055714_e0000062014.mp4,keep,,[],nguyenlamanh,v3,2026-09-17 11:56:32
71HzPcvxNJM_s0000482530_e0000485214,71HzPcvxNJM_s0000482530_e0000485214.mp4,keep,,[],nguyenlamanh,v3,2026-09-17 10:56:48
7mvfCSW4SLw_s0000165570_e0000167774,7mvfCSW4SLw_s0000165570_e0000167774.mp4,reject,voiceover,"[{""start_ms"":0,""end_ms"":1003,""reason"":""voiceover""}]",nguyenlamanh,v3,2026-09-16 23:18:52
KUVGZwkwd68_s0000413826_e0000418826,KUVGZwkwd68_s0000413826_e0000418826.mp4,reject,mouth,"[{""start_ms"":2326,""end_ms"":2988,""reason"":""mouth""}]",nguyenlamanh,v3,2026-09-17 11:37:00
bcOT0JHr3Qc_s0000763778_e0000767486,bcOT0JHr3Qc_s0000763778_e0000767486.mp4,reject,cut,"[{""start_ms"":3367,""end_ms"":3731,""reason"":""cut""}]",nguyenlamanh,v3,2026-09-16 20:53:10
gof2bUJhK3Y_s0000962306_e0000965918,gof2bUJhK3Y_s0000962306_e0000965918.mp4,reject,voiceover,"[{""start_ms"":2333,""end_ms"":2865,""reason"":""cut""},{""start_ms"":2865,""end_ms"":3620,""reason"":""voiceover""}]",nguyenlamanh,v3,2026-09-17 11:38:23
Pj0KGAllzfs_s0000361570_e0000371454,Pj0KGAllzfs_s0000361570_e0000371454.mp4,reject,mouth,"[{""start_ms"":197,""end_ms"":649,""reason"":""mouth""}]",nguyenlamanh,v3,2026-09-16 11:00:31
JEgxmwvo7YY_s0000538786_e0000543786,JEgxmwvo7YY_s0000538786_e0000543786.mp4,reject,voiceover,"[{""start_ms"":0,""end_ms"":4720,""reason"":""voiceover""}]",nguyenlamanh,v3,2026-09-16 16:38:05
gof2bUJhK3Y_s0000182114_e0000188190,gof2bUJhK3Y_s0000182114_e0000188190.mp4,keep,,[],nguyenlamanh,v3,2026-09-17 11:59:30
71HzPcvxNJM_s0000361762_e0000363806,71HzPcvxNJM_s0000361762_e0000363806.mp4,keep,,[],nguyenlamanh,v3,2026-09-17 12:17:08
OCjAl_U1JMk_s0000628354_e0000630654,OCjAl_U1JMk_s0000628354_e0000630654.mp4,reject,voiceover,"[{""start_ms"":0,""end_ms"":2300,""reason"":""voiceover""}]",nguyenlamanh,v3,2026-09-16 16:20:21
qy7VoECGCm8_s0000415170_e0000419934,qy7VoECGCm8_s0000415170_e0000419934.mp4,reject,mouth,"[{""start_ms"":1801,""end_ms"":2645,""reason"":""mouth""}]",nguyenlamanh,v3,2026-09-17 11:08:47
7mvfCSW4SLw_s0000716226_e0000718890,7mvfCSW4SLw_s0000716226_e0000718890.mp4,reject,small_face,"[{""start_ms"":0,""end_ms"":2664,""reason"":""small_face""}]",nguyenlamanh,v3,2026-09-17 12:17:22
71HzPcvxNJM_s0000746978_e0000750014,71HzPcvxNJM_s0000746978_e0000750014.mp4,keep,,[],nguyenlamanh,v3,2026-09-16 16:37:18
qy7VoECGCm8_s0000144098_e0000149098,qy7VoECGCm8_s0000144098_e0000149098.mp4,reject,mouth,"[{""start_ms"":0,""end_ms"":208,""reason"":""mouth""}]",nguyenlamanh,v3,2026-09-17 10:47:20
xo3VtrivRjk_s0000567010_e0000570910,xo3VtrivRjk_s0000567010_e0000570910.mp4,reject,mouth,"[{""start_ms"":2046,""end_ms"":3202,""reason"":""mouth""}]",nguyenlamanh,v3,2026-09-17 10:24:00
Pj0KGAllzfs_s0000244866_e0000247774,Pj0KGAllzfs_s0000244866_e0000247774.mp4,reject,small_face,"[{""start_ms"":0,""end_ms"":2920,""reason"":""small_face""}]",nguyenlamanh,v3,2026-09-17 11:33:08
0cHIyeLFYOk_s0000894658_e0000899658,0cHIyeLFYOk_s0000894658_e0000899658.mp4,keep,,[],nguyenlamanh,v3,2026-09-16 15:47:41
bcOT0JHr3Qc_s0000271490_e0000275998,bcOT0JHr3Qc_s0000271490_e0000275998.mp4,keep,,[],nguyenlamanh,v3,2026-09-16 15:22:14
JEgxmwvo7YY_s0000291778_e0000295166,JEgxmwvo7YY_s0000291778_e0000295166.mp4,keep,,[],nguyenlamanh,v3,2026-09-17 11:16:54
WgzSaOvFKrc_s0000330338_e0000335338,WgzSaOvFKrc_s0000330338_e0000335338.mp4,keep,,[],nguyenlamanh,v3,2026-09-17 11:33:15
xo3VtrivRjk_s0000103842_e0000107486,xo3VtrivRjk_s0000103842_e0000107486.mp4,reject,mouth,"[{""start_ms"":2182,""end_ms"":3143,""reason"":""mouth""}]",nguyenlamanh,v3,2026-09-16 20:54:43
KUVGZwkwd68_s0000540034_e0000544254,KUVGZwkwd68_s0000540034_e0000544254.mp4,keep,,[],nguyenlamanh,v3,2026-09-17 11:32:31
qy7VoECGCm8_s0000375810_e0000386782,qy7VoECGCm8_s0000375810_e0000386782.mp4,reject,voiceover,"[{""start_ms"":535,""end_ms"":10977,""reason"":""voiceover""}]",nguyenlamanh,v3,2026-09-17 09:58:36
Pj0KGAllzfs_s0000034402_e0000040286,Pj0KGAllzfs_s0000034402_e0000040286.mp4,reject,wrong_face,"[{""start_ms"":0,""end_ms"":5900,""reason"":""wrong_face""}]",nguyenlamanh,v3,2026-09-16 20:47:16
KUVGZwkwd68_s0000483842_e0000486974,KUVGZwkwd68_s0000483842_e0000486974.mp4,keep,,[],nguyenlamanh,v3,2026-09-16 11:10:25
5CNS_gaH16c_s0000167138_e0000169790,5CNS_gaH16c_s0000167138_e0000169790.mp4,keep,,[],nguyenlamanh,v3,2026-09-14 14:34:03
71HzPcvxNJM_s0000738338_e0000742622,71HzPcvxNJM_s0000738338_e0000742622.mp4,keep,,[],nguyenlamanh,v3,2026-09-17 11:05:27
gof2bUJhK3Y_s0000987426_e0000989950,gof2bUJhK3Y_s0000987426_e0000989950.mp4,keep,,[],nguyenlamanh,v3,2026-09-17 11:55:34
Pj0KGAllzfs_s0000924834_e0000931486,Pj0KGAllzfs_s0000924834_e0000931486.mp4,reject,small_face,"[{""start_ms"":0,""end_ms"":6660,""reason"":""small_face""}]",nguyenlamanh,v3,2026-09-17 11:29:16
2fqXC4RQyOw_s0000337122_e0000340478,2fqXC4RQyOw_s0000337122_e0000340478.mp4,reject,voiceover,"[{""start_ms"":0,""end_ms"":249,""reason"":""voiceover""}]",nguyenlamanh,v3,2026-09-17 12:00:24
gTTtVb-Q31w_s0000079970_e0000084970,gTTtVb-Q31w_s0000079970_e0000084970.mp4,reject,voiceover,"[{""start_ms"":0,""end_ms"":5000,""reason"":""voiceover""}]",nguyenlamanh,v3,2026-09-17 11:08:10
WgzSaOvFKrc_s0000326338_e0000331338,WgzSaOvFKrc_s0000326338_e0000331338.mp4,keep,,[],nguyenlamanh,v3,2026-09-17 12:36:02
0cHIyeLFYOk_s0000748226_e0000755390,0cHIyeLFYOk_s0000748226_e0000755390.mp4,keep,,[],nguyenlamanh,v3,2026-09-17 11:34:54
gof2bUJhK3Y_s0000780962_e0000784894,gof2bUJhK3Y_s0000780962_e0000784894.mp4,reject,mouth,"[{""start_ms"":2459,""end_ms"":2839,""reason"":""mouth""}]",nguyenlamanh,v3,2026-09-16 20:43:07
bcOT0JHr3Qc_s0000505250_e0000508222,bcOT0JHr3Qc_s0000505250_e0000508222.mp4,reject,mouth,"[{""start_ms"":2275,""end_ms"":2550,""reason"":""mouth""}]",nguyenlamanh,v3,2026-09-17 10:59:13
5QPu-wDmeTA_s0000712834_e0000717834,5QPu-wDmeTA_s0000712834_e0000717834.mp4,reject,mouth,"[{""start_ms"":2085,""end_ms"":4258,""reason"":""mouth""}]",nguyenlamanh,v3,2026-09-17 12:26:27
gTTtVb-Q31w_s0000500354_e0000503326,gTTtVb-Q31w_s0000500354_e0000503326.mp4,keep,,[],nguyenlamanh,v3,2026-09-16 16:21:20
gof2bUJhK3Y_s0000331234_e0000336254,gof2bUJhK3Y_s0000331234_e0000336254.mp4,reject,mouth,"[{""start_ms"":2166,""end_ms"":2970,""reason"":""mouth""}]",nguyenlamanh,v3,2026-09-17 11:29:58
bcOT0JHr3Qc_s0000793794_e0000799550,bcOT0JHr3Qc_s0000793794_e0000799550.mp4,reject,mouth,"[{""start_ms"":2262,""end_ms"":2519,""reason"":""mouth""}]",nguyenlamanh,v3,2026-09-16 20:42:42
gTTtVb-Q31w_s0000519170_e0000525822,gTTtVb-Q31w_s0000519170_e0000525822.mp4,keep,,[],nguyenlamanh,v3,2026-09-17 11:13:49
5CNS_gaH16c_s0000003074_e0000006174,5CNS_gaH16c_s0000003074_e0000006174.mp4,reject,mouth,"[{""start_ms"":0,""end_ms"":2963,""reason"":""mouth""}]",nguyenlamanh,v3,2026-09-16 23:18:10
WgzSaOvFKrc_s0000640194_e0000643038,WgzSaOvFKrc_s0000640194_e0000643038.mp4,keep,,[],nguyenlamanh,v3,2026-09-16 11:11:21
JEgxmwvo7YY_s0000795106_e0000797182,JEgxmwvo7YY_s0000795106_e0000797182.mp4,keep,,[],nguyenlamanh,v3,2026-09-16 23:18:56
KUVGZwkwd68_s0000565282_e0000572350,KUVGZwkwd68_s0000565282_e0000572350.mp4,keep,,[],nguyenlamanh,v3,2026-09-16 10:58:56
5QPu-wDmeTA_s0000558082_e0000560350,5QPu-wDmeTA_s0000558082_e0000560350.mp4,keep,,[],nguyenlamanh,v3,2026-09-16 16:19:16
KUVGZwkwd68_s0000276514_e0000282014,KUVGZwkwd68_s0000276514_e0000282014.mp4,reject,cut,"[{""start_ms"":3671,""end_ms"":4432,""reason"":""cut""}]",nguyenlamanh,v3,2026-09-17 10:09:57
7mvfCSW4SLw_s0000448482_e0000452926,7mvfCSW4SLw_s0000448482_e0000452926.mp4,keep,,[],nguyenlamanh,v3,2026-09-17 11:32:10
Pj0KGAllzfs_s0000543138_e0000546174,Pj0KGAllzfs_s0000543138_e0000546174.mp4,reject,mouth,"[{""start_ms"":148,""end_ms"":1723,""reason"":""mouth""}]",nguyenlamanh,v3,2026-09-16 11:11:17
71HzPcvxNJM_s0000461442_e0000465246,71HzPcvxNJM_s0000461442_e0000465246.mp4,reject,cut,"[{""start_ms"":2253,""end_ms"":2478,""reason"":""cut""}]",nguyenlamanh,v3,2026-09-17 11:56:49
Pj0KGAllzfs_s0000168738_e0000171038,Pj0KGAllzfs_s0000168738_e0000171038.mp4,reject,mouth,"[{""start_ms"":0,""end_ms"":2300,""reason"":""mouth""}]",nguyenlamanh,v3,2026-09-16 15:22:02
bcOT0JHr3Qc_s0000578850_e0000584734,bcOT0JHr3Qc_s0000578850_e0000584734.mp4,keep,,[],nguyenlamanh,v3,2026-09-17 11:55:26
