video_id,url,title,channel,program_id,episode_id,tier,canonical_source_id
,https://www.youtube.com/watch?v=bcOT0JHr3Qc&list=PLTtJ9WIYtzcQ28Ci7ddfcA9L1FEuRCse9&index=1&pp=iAQB,,,,,,
,https://www.youtube.com/watch?v=OCjAl_U1JMk&list=PLTtJ9WIYtzcQ28Ci7ddfcA9L1FEuRCse9&index=2&pp=iAQB,,,,,,
,https://www.youtube.com/watch?v=71HzPcvxNJM&list=PLTtJ9WIYtzcQ28Ci7ddfcA9L1FEuRCse9&index=3&pp=iAQB,,,,,,
,https://www.youtube.com/watch?v=2fqXC4RQyOw&list=PLTtJ9WIYtzcQ28Ci7ddfcA9L1FEuRCse9&index=4&pp=iAQB,,,,,,
,https://www.youtube.com/watch?v=xo3VtrivRjk&list=PLTtJ9WIYtzcQ28Ci7ddfcA9L1FEuRCse9&index=5&pp=iAQB,,,,,,
,https://www.youtube.com/watch?v=gof2bUJhK3Y&list=PLTtJ9WIYtzcQ28Ci7ddfcA9L1FEuRCse9&index=6&pp=iAQB,,,,,,
,https://www.youtube.com/watch?v=5CNS_gaH16c&list=PLTtJ9WIYtzcQ28Ci7ddfcA9L1FEuRCse9&index=7&pp=iAQB,,,,,,
,https://www.youtube.com/watch?v=7mvfCSW4SLw&list=PLTtJ9WIYtzcQ28Ci7ddfcA9L1FEuRCse9&index=8&pp=iAQB,,,,,,
,https://www.youtube.com/watch?v=0cHIyeLFYOk&list=PLTtJ9WIYtzcQ28Ci7ddfcA9L1FEuRCse9&index=9&pp=iAQB,,,,,,
,https://www.youtube.com/watch?v=JEgxmwvo7YY&list=PLTtJ9WIYtzcQ28Ci7ddfcA9L1FEuRCse9&index=10&pp=iAQB,,,,,,
,https://www.youtube.com/watch?v=5QPu-wDmeTA&list=PLTtJ9WIYtzcQ28Ci7ddfcA9L1FEuRCse9&index=11&pp=iAQB,,,,,,
,https://www.youtube.com/watch?v=Pj0KGAllzfs&list=PLTtJ9WIYtzcQ28Ci7ddfcA9L1FEuRCse9&index=12&pp=iAQB0gcJCf4LAYcqIYzv,,,,,,
,https://www.youtube.com/watch?v=WgzSaOvFKrc&list=PLTtJ9WIYtzcQ28Ci7ddfcA9L1FEuRCse9&index=13&pp=iAQB0gcJCf4LAYcqIYzv,,,,,,
,https://www.youtube.com/watch?v=3lHEAWJhKe8&list=PLTtJ9WIYtzcQ28Ci7ddfcA9L1FEuRCse9&index=14&pp=iAQB,,,,,,
,https://www.youtube.com/watch?v=qy7VoECGCm8&list=PLTtJ9WIYtzcQ28Ci7ddfcA9L1FEuRCse9&index=15&pp=iAQB,,,,,,
,https://www.youtube.com/watch?v=KUVGZwkwd68&list=PLTtJ9WIYtzcQ28Ci7ddfcA9L1FEuRCse9&index=16&pp=iAQB,,,,,,
,https://www.youtube.com/watch?v=j60KF89vXkg&list=PLTtJ9WIYtzcQ28Ci7ddfcA9L1FEuRCse9&index=17&pp=iAQB,,,,,,
,https://www.youtube.com/watch?v=gTTtVb-Q31w&list=PLTtJ9WIYtzcQ28Ci7ddfcA9L1FEuRCse9&index=18&pp=iAQB,,,,,,
