filename,source_video,accepted_clip_count,rejected_row_count,recovered_from
6826152287082171650.mp4,6826152287082171650,0,13,rejected
7204326198501969178.mp4,7204326198501969178,2,0,accepted
7204742891971808538.mp4,7204742891971808538,0,8,rejected
7205080159811013914.mp4,7205080159811013914,2,3,accepted+rejected
7205246013471280411.mp4,7205246013471280411,0,1,rejected
7206352729504009499.mp4,7206352729504009499,0,2,rejected
7207443019027500315.mp4,7207443019027500315,0,1,rejected
7207712752507391258.mp4,7207712752507391258,0,1,rejected
7209956857451007259.mp4,7209956857451007259,0,1,rejected
7210314310692736282.mp4,7210314310692736282,0,3,rejected
7211731588793650459.mp4,7211731588793650459,0,1,rejected
7213593152958074139.mp4,7213593152958074139,0,1,rejected
7215469803476241690.mp4,7215469803476241690,0,1,rejected
7215593030089313562.mp4,7215593030089313562,0,1,rejected
7219557252070509851.mp4,7219557252070509851,0,1,rejected
7220387590774541595.mp4,7220387590774541595,0,1,rejected
7220749556466666778.mp4,7220749556466666778,0,1,rejected
7221493524947045659.mp4,7221493524947045659,1,1,accepted+rejected
7222975119310785819.mp4,7222975119310785819,0,1,rejected
7226359641922424069.mp4,7226359641922424069,1,3,accepted+rejected
7228084083161582854.mp4,7228084083161582854,0,1,rejected
7229624230894275846.mp4,7229624230894275846,0,1,rejected
7236020169338932485.mp4,7236020169338932485,0,1,rejected
7247920295242157318.mp4,7247920295242157318,0,1,rejected
7254435634729831686.mp4,7254435634729831686,0,1,rejected
7256443852490411269.mp4,7256443852490411269,1,9,accepted+rejected
7256456113946692869.mp4,7256456113946692869,0,1,rejected
7261615781396466951.mp4,7261615781396466951,0,1,rejected
7267213805241912583.mp4,7267213805241912583,0,1,rejected
7272293407580638466.mp4,7272293407580638466,0,1,rejected
7279054149235395841.mp4,7279054149235395841,0,1,rejected
7282750891449486593.mp4,7282750891449486593,0,1,rejected
7285606987059023112.mp4,7285606987059023112,0,1,rejected
7302817800295419138.mp4,7302817800295419138,0,1,rejected
7304842079115431169.mp4,7304842079115431169,0,1,rejected
7306746950781603073.mp4,7306746950781603073,0,1,rejected
7310237495613050114.mp4,7310237495613050114,0,1,rejected
7315077824895798529.mp4,7315077824895798529,3,0,accepted
7324153622047067393.mp4,7324153622047067393,0,1,rejected
7325717842010066177.mp4,7325717842010066177,0,1,rejected
7328032152996662530.mp4,7328032152996662530,0,1,rejected
7328287325178432769.mp4,7328287325178432769,0,1,rejected
7338723019914824962.mp4,7338723019914824962,5,5,accepted+rejected
7342903904646040834.mp4,7342903904646040834,0,1,rejected
7346169902459325698.mp4,7346169902459325698,0,1,rejected
7347205393661152514.mp4,7347205393661152514,0,1,rejected
7347367217874488577.mp4,7347367217874488577,0,1,rejected
7355065221154753808.mp4,7355065221154753808,0,1,rejected
7356840994886733074.mp4,7356840994886733074,0,4,rejected
7357334143019126032.mp4,7357334143019126032,0,1,rejected
7360284225855032592.mp4,7360284225855032592,0,1,rejected
7365032505457544449.mp4,7365032505457544449,1,2,accepted+rejected
7365131749682122002.mp4,7365131749682122002,0,1,rejected
7365468245673004304.mp4,7365468245673004304,0,1,rejected
7365909061415570689.mp4,7365909061415570689,0,1,rejected
7368036393978694929.mp4,7368036393978694929,0,1,rejected
7369567016929201424.mp4,7369567016929201424,0,1,rejected
7375139901819358465.mp4,7375139901819358465,0,1,rejected
7377320963463073041.mp4,7377320963463073041,0,1,rejected
7378515044205743376.mp4,7378515044205743376,0,1,rejected
7379901983014030609.mp4,7379901983014030609,0,1,rejected
7380331356158496001.mp4,7380331356158496001,0,1,rejected
7383160509916253456.mp4,7383160509916253456,0,1,rejected
7383362567164497170.mp4,7383362567164497170,1,4,accepted+rejected
7388927663815068948.mp4,7388927663815068948,0,1,rejected
7395228958955949313.mp4,7395228958955949313,0,1,rejected
7397087876183346449.mp4,7397087876183346449,0,1,rejected
7406996759441968401.mp4,7406996759441968401,0,1,rejected
7407850281137999105.mp4,7407850281137999105,0,1,rejected
7410297195796106497.mp4,7410297195796106497,0,1,rejected
7411783979554114834.mp4,7411783979554114834,0,1,rejected
7415622308691201288.mp4,7415622308691201288,2,3,accepted+rejected
7416642831575567623.mp4,7416642831575567623,0,1,rejected
7418095330266270983.mp4,7418095330266270983,0,1,rejected
7418141950823468309.mp4,7418141950823468309,0,1,rejected
7418951340199513351.mp4,7418951340199513351,0,1,rejected
7419890644555943189.mp4,7419890644555943189,0,1,rejected
7421464658466458898.mp4,7421464658466458898,1,0,accepted
7425483891756043538.mp4,7425483891756043538,0,1,rejected
7427502210264648978.mp4,7427502210264648978,0,1,rejected
7428498107463175431.mp4,7428498107463175431,0,1,rejected
7431167718184815880.mp4,7431167718184815880,0,1,rejected
7431421091639282951.mp4,7431421091639282951,0,1,rejected
7432594114899627282.mp4,7432594114899627282,0,1,rejected
7434825793735249159.mp4,7434825793735249159,0,1,rejected
7439248144757443857.mp4,7439248144757443857,2,5,accepted+rejected
7442340571479395602.mp4,7442340571479395602,0,1,rejected
7443712914902584577.mp4,7443712914902584577,0,1,rejected
7444065242671320336.mp4,7444065242671320336,8,5,accepted+rejected
7444748628037586183.mp4,7444748628037586183,0,1,rejected
7444841413528882440.mp4,7444841413528882440,0,1,rejected
7445122258613341447.mp4,7445122258613341447,0,1,rejected
7445654965185416456.mp4,7445654965185416456,0,1,rejected
7447119342770081031.mp4,7447119342770081031,0,1,rejected
7447465460456639751.mp4,7447465460456639751,0,1,rejected
7449214787927428360.mp4,7449214787927428360,0,1,rejected
7451313278829055240.mp4,7451313278829055240,0,1,rejected
7453782359100394770.mp4,7453782359100394770,0,1,rejected
7454862074049531143.mp4,7454862074049531143,0,1,rejected
7457180126313254152.mp4,7457180126313254152,2,0,accepted
7460103719829392658.mp4,7460103719829392658,0,1,rejected
7460338871927360775.mp4,7460338871927360775,0,1,rejected
7460450489826561288.mp4,7460450489826561288,0,1,rejected
7460853842305879304.mp4,7460853842305879304,0,1,rejected
7461261252271050002.mp4,7461261252271050002,0,1,rejected
7461942898716691720.mp4,7461942898716691720,0,1,rejected
7462693853162867976.mp4,7462693853162867976,0,1,rejected
7463450004942785799.mp4,7463450004942785799,0,1,rejected
7463499240321469703.mp4,7463499240321469703,0,4,rejected
7464187464366787847.mp4,7464187464366787847,0,1,rejected
7465243274660384018.mp4,7465243274660384018,0,1,rejected
7465991062780185863.mp4,7465991062780185863,0,1,rejected
7467517397042236680.mp4,7467517397042236680,0,1,rejected
7467730343747980551.mp4,7467730343747980551,2,13,accepted+rejected
7468566341583129863.mp4,7468566341583129863,0,1,rejected
7469241803384950034.mp4,7469241803384950034,0,1,rejected
7469391379542707463.mp4,7469391379542707463,0,1,rejected
7469654612186811656.mp4,7469654612186811656,0,1,rejected
7469685653144407314.mp4,7469685653144407314,0,1,rejected
7470509227027516679.mp4,7470509227027516679,6,34,accepted+rejected
7470546344340409608.mp4,7470546344340409608,0,1,rejected
7470889391615921415.mp4,7470889391615921415,0,1,rejected
7471223493322034439.mp4,7471223493322034439,0,1,rejected
7471230479119830279.mp4,7471230479119830279,0,1,rejected
7471266712847912199.mp4,7471266712847912199,0,1,rejected
7471611563737238791.mp4,7471611563737238791,0,1,rejected
7472041670041750802.mp4,7472041670041750802,0,1,rejected
7472618572993514770.mp4,7472618572993514770,0,2,rejected
7472746059157097735.mp4,7472746059157097735,0,1,rejected
7473002484370345223.mp4,7473002484370345223,0,1,rejected
7473038472329039111.mp4,7473038472329039111,0,1,rejected
7473106792776535303.mp4,7473106792776535303,0,1,rejected
7473460849152249096.mp4,7473460849152249096,5,2,accepted+rejected
7474942302985719047.mp4,7474942302985719047,0,1,rejected
7474996849053601032.mp4,7474996849053601032,0,1,rejected
7475743245067390216.mp4,7475743245067390216,0,1,rejected
7476017843444698386.mp4,7476017843444698386,0,1,rejected
7476133252978314504.mp4,7476133252978314504,0,1,rejected
7476433253780425991.mp4,7476433253780425991,0,1,rejected
7477223506736876816.mp4,7477223506736876816,0,1,rejected
7477562710989868306.mp4,7477562710989868306,0,1,rejected
7478938325173292295.mp4,7478938325173292295,0,1,rejected
7479360346432490760.mp4,7479360346432490760,0,1,rejected
7479451710583262472.mp4,7479451710583262472,0,1,rejected
7479821987913731329.mp4,7479821987913731329,0,1,rejected
7480166207929306386.mp4,7480166207929306386,1,1,accepted+rejected
7480941588701646088.mp4,7480941588701646088,0,1,rejected
7481605555371494664.mp4,7481605555371494664,0,1,rejected
7482008604506082578.mp4,7482008604506082578,0,1,rejected
7482055462540643602.mp4,7482055462540643602,0,1,rejected
7482280085773487367.mp4,7482280085773487367,0,1,rejected
7482638421232569608.mp4,7482638421232569608,0,1,rejected
7483123814390304008.mp4,7483123814390304008,12,38,accepted+rejected
7484207012113403154.mp4,7484207012113403154,0,2,rejected
7484246747322092808.mp4,7484246747322092808,0,1,rejected
7484972588498701586.mp4,7484972588498701586,0,1,rejected
7484979323171065095.mp4,7484979323171065095,2,1,accepted+rejected
7485262953432796423.mp4,7485262953432796423,0,1,rejected
7485343091189140754.mp4,7485343091189140754,0,1,rejected
7485714397948628232.mp4,7485714397948628232,0,1,rejected
7485722525524053266.mp4,7485722525524053266,0,1,rejected
7486451379851119880.mp4,7486451379851119880,0,1,rejected
7486460627158945032.mp4,7486460627158945032,0,1,rejected
7486818995316755717.mp4,7486818995316755717,0,1,rejected
7487196138769009975.mp4,7487196138769009975,0,1,rejected
7487198367345396997.mp4,7487198367345396997,0,1,rejected
7487946758610226437.mp4,7487946758610226437,0,15,rejected
7488696515070905655.mp4,7488696515070905655,0,1,rejected
7489454077126954246.mp4,7489454077126954246,0,1,rejected
7489689574680169733.mp4,7489689574680169733,0,1,rejected
7489801278558719287.mp4,7489801278558719287,0,1,rejected
7490426025210383671.mp4,7490426025210383671,0,1,rejected
7491284887240985864.mp4,7491284887240985864,32,37,accepted+rejected
7491543482981453074.mp4,7491543482981453074,0,1,rejected
7492282253217647879.mp4,7492282253217647879,0,1,rejected
7492395100811709703.mp4,7492395100811709703,0,1,rejected
7492446197274168584.mp4,7492446197274168584,0,1,rejected
7492649707915775250.mp4,7492649707915775250,0,1,rejected
7492660858217090311.mp4,7492660858217090311,0,1,rejected
7492744712718175495.mp4,7492744712718175495,0,1,rejected
7492756105437891847.mp4,7492756105437891847,18,22,accepted+rejected
7494198771186715912.mp4,7494198771186715912,0,1,rejected
7494241159049514247.mp4,7494241159049514247,0,1,rejected
7494609420983422215.mp4,7494609420983422215,0,1,rejected
7494979317982645522.mp4,7494979317982645522,0,1,rejected
7495249566447439112.mp4,7495249566447439112,0,1,rejected
7495329230612417800.mp4,7495329230612417800,0,1,rejected
7495988908736498962.mp4,7495988908736498962,0,1,rejected
7496073370988006664.mp4,7496073370988006664,0,1,rejected
7496107138960444690.mp4,7496107138960444690,0,1,rejected
7496109969448652040.mp4,7496109969448652040,0,1,rejected
7496137545051393298.mp4,7496137545051393298,0,1,rejected
7496476693654211848.mp4,7496476693654211848,0,1,rejected
7496489779123571975.mp4,7496489779123571975,0,1,rejected
7496490446269566226.mp4,7496490446269566226,0,1,rejected
7496845506598030599.mp4,7496845506598030599,0,1,rejected
7497220607055023368.mp4,7497220607055023368,0,1,rejected
7497475162036653319.mp4,7497475162036653319,0,1,rejected
7498215495456328978.mp4,7498215495456328978,0,1,rejected
7498341013707115794.mp4,7498341013707115794,0,1,rejected
7499434816908184839.mp4,7499434816908184839,0,1,rejected
7499821237800013064.mp4,7499821237800013064,0,1,rejected
7500181683853888775.mp4,7500181683853888775,0,1,rejected
7500446399998348552.mp4,7500446399998348552,0,1,rejected
7500924651883728146.mp4,7500924651883728146,0,1,rejected
7500927961890131207.mp4,7500927961890131207,0,1,rejected
7501298467583593736.mp4,7501298467583593736,0,1,rejected
7501556031542070546.mp4,7501556031542070546,0,1,rejected
7501643165061975304.mp4,7501643165061975304,0,1,rejected
7501679559599983879.mp4,7501679559599983879,0,1,rejected
7502033888848514322.mp4,7502033888848514322,0,1,rejected
7502046594620050696.mp4,7502046594620050696,0,1,rejected
7502680530895326472.mp4,7502680530895326472,0,1,rejected
7502777580928404743.mp4,7502777580928404743,0,1,rejected
7502778113491864840.mp4,7502778113491864840,0,1,rejected
7502793857608781063.mp4,7502793857608781063,0,1,rejected
7503040733117713671.mp4,7503040733117713671,0,1,rejected
7503154414991985928.mp4,7503154414991985928,3,2,accepted+rejected
7503529628343078151.mp4,7503529628343078151,0,1,rejected
7503784562279861512.mp4,7503784562279861512,0,1,rejected
7503877787623705864.mp4,7503877787623705864,0,1,rejected
7503904094407494920.mp4,7503904094407494920,0,1,rejected
7504195526221450504.mp4,7504195526221450504,0,1,rejected
7504269996952997138.mp4,7504269996952997138,0,1,rejected
7504616745659813138.mp4,7504616745659813138,0,1,rejected
7504901787435076871.mp4,7504901787435076871,7,16,accepted+rejected
7505268373761117458.mp4,7505268373761117458,0,1,rejected
7505310629855579399.mp4,7505310629855579399,0,1,rejected
7505381242372689160.mp4,7505381242372689160,0,1,rejected
7505641010077256968.mp4,7505641010077256968,0,1,rejected
7506111977295613192.mp4,7506111977295613192,0,1,rejected
7506492679497239826.mp4,7506492679497239826,0,1,rejected
7506808985392074002.mp4,7506808985392074002,0,1,rejected
7506857419742498055.mp4,7506857419742498055,0,1,rejected
7507286098855398664.mp4,7507286098855398664,0,1,rejected
7507867050849619207.mp4,7507867050849619207,1,15,accepted+rejected
7507977742822952199.mp4,7507977742822952199,0,1,rejected
7509011603900140808.mp4,7509011603900140808,0,1,rejected
7509107060945128722.mp4,7509107060945128722,0,1,rejected
7509451315207097607.mp4,7509451315207097607,0,1,rejected
7509502311354420498.mp4,7509502311354420498,0,2,rejected
7509835000569711880.mp4,7509835000569711880,0,1,rejected
7510216055470443783.mp4,7510216055470443783,21,49,accepted+rejected
7510465218959445266.mp4,7510465218959445266,0,1,rejected
7510574351553432840.mp4,7510574351553432840,0,1,rejected
7511576148191513863.mp4,7511576148191513863,0,1,rejected
7511712771399077127.mp4,7511712771399077127,8,23,accepted+rejected
7512071380976897288.mp4,7512071380976897288,0,1,rejected
7512107344763882759.mp4,7512107344763882759,0,1,rejected
7512308634492112146.mp4,7512308634492112146,0,1,rejected
7512812902793940242.mp4,7512812902793940242,0,1,rejected
7513062369556204818.mp4,7513062369556204818,0,1,rejected
7513199391696555271.mp4,7513199391696555271,0,1,rejected
7513366284696931592.mp4,7513366284696931592,0,1,rejected
7513549745885957394.mp4,7513549745885957394,0,1,rejected
7513569163860823304.mp4,7513569163860823304,0,1,rejected
7514285900948409608.mp4,7514285900948409608,0,1,rejected
7514641151727570183.mp4,7514641151727570183,0,1,rejected
7514651734979955975.mp4,7514651734979955975,0,1,rejected
7515046352796142866.mp4,7515046352796142866,0,1,rejected
7515379470358957319.mp4,7515379470358957319,0,1,rejected
7515398783644077319.mp4,7515398783644077319,0,1,rejected
7515427017236450568.mp4,7515427017236450568,4,33,accepted+rejected
7515661101573360903.mp4,7515661101573360903,0,1,rejected
7516123426046758162.mp4,7516123426046758162,0,1,rejected
7516143373036735762.mp4,7516143373036735762,0,1,rejected
7516884018554539282.mp4,7516884018554539282,0,1,rejected
7517628437251493128.mp4,7517628437251493128,0,1,rejected
7517987665808067848.mp4,7517987665808067848,0,1,rejected
7518370610678910226.mp4,7518370610678910226,0,1,rejected
7518371948594793735.mp4,7518371948594793735,0,1,rejected
7518596256868896018.mp4,7518596256868896018,0,1,rejected
7518739483353779463.mp4,7518739483353779463,0,1,rejected
7519138969192254738.mp4,7519138969192254738,0,1,rejected
7519485726661168391.mp4,7519485726661168391,37,35,accepted+rejected
7520127002616024328.mp4,7520127002616024328,0,1,rejected
7520217251358985479.mp4,7520217251358985479,0,1,rejected
7520293319520439570.mp4,7520293319520439570,0,1,rejected
7520488112120745223.mp4,7520488112120745223,0,1,rejected
7520613984848989458.mp4,7520613984848989458,0,1,rejected
7521354431355522311.mp4,7521354431355522311,0,1,rejected
7521361208599907602.mp4,7521361208599907602,0,1,rejected
7521709083305561352.mp4,7521709083305561352,0,6,rejected
7522080500178046226.mp4,7522080500178046226,0,1,rejected
7522085096581565714.mp4,7522085096581565714,0,1,rejected
7522118758597479688.mp4,7522118758597479688,0,1,rejected
7522721152544804114.mp4,7522721152544804114,0,1,rejected
7522824070606425362.mp4,7522824070606425362,0,1,rejected
7522828312666737928.mp4,7522828312666737928,0,1,rejected
7523196342131379463.mp4,7523196342131379463,0,1,rejected
7523931817389395207.mp4,7523931817389395207,0,1,rejected
7526421442594884882.mp4,7526421442594884882,0,1,rejected
7527248763014909202.mp4,7527248763014909202,0,1,rejected
7527556954344967431.mp4,7527556954344967431,0,1,rejected
7527667777037929735.mp4,7527667777037929735,4,12,accepted+rejected
7528022175597530376.mp4,7528022175597530376,0,1,rejected
7528038270178020615.mp4,7528038270178020615,0,1,rejected
7528408578038844680.mp4,7528408578038844680,0,1,rejected
7529128699296222471.mp4,7529128699296222471,0,1,rejected
7529869977646599442.mp4,7529869977646599442,0,6,rejected
7529901257859894535.mp4,7529901257859894535,0,1,rejected
7530974757966073095.mp4,7530974757966073095,0,1,rejected
7531625235653643527.mp4,7531625235653643527,3,33,accepted+rejected
7531695825286630663.mp4,7531695825286630663,0,1,rejected
7532852688837463314.mp4,7532852688837463314,0,1,rejected
7533164592449588498.mp4,7533164592449588498,0,1,rejected
7534247060946570504.mp4,7534247060946570504,0,1,rejected
7534328797307424018.mp4,7534328797307424018,12,16,accepted+rejected
7534582245512711432.mp4,7534582245512711432,0,1,rejected
7534721568325274888.mp4,7534721568325274888,0,1,rejected
7534959518560587016.mp4,7534959518560587016,0,1,rejected
7535440262722571528.mp4,7535440262722571528,0,1,rejected
7535465870915685650.mp4,7535465870915685650,0,1,rejected
7535694537247837447.mp4,7535694537247837447,0,1,rejected
7535767333604838664.mp4,7535767333604838664,0,1,rejected
7535810200989601032.mp4,7535810200989601032,0,1,rejected
7536181515441425671.mp4,7536181515441425671,0,1,rejected
7536557576494796040.mp4,7536557576494796040,0,1,rejected
7536918466561871111.mp4,7536918466561871111,0,1,rejected
7537556505453759762.mp4,7537556505453759762,0,1,rejected
7537647689001995538.mp4,7537647689001995538,0,1,rejected
7537922619547356423.mp4,7537922619547356423,0,1,rejected
7538295141044423954.mp4,7538295141044423954,0,1,rejected
7538432913428335892.mp4,7538432913428335892,0,1,rejected
7538665920630181138.mp4,7538665920630181138,0,1,rejected
7538802228899958032.mp4,7538802228899958032,0,1,rejected
7539221348233645320.mp4,7539221348233645320,0,1,rejected
7540148818969677074.mp4,7540148818969677074,0,1,rejected
7540240420391996679.mp4,7540240420391996679,0,1,rejected
7540260813093752082.mp4,7540260813093752082,0,1,rejected
7540318906972409096.mp4,7540318906972409096,0,1,rejected
7540891555427634450.mp4,7540891555427634450,0,1,rejected
7541009674842148116.mp4,7541009674842148116,0,1,rejected
7542119536678440213.mp4,7542119536678440213,1,5,accepted+rejected
7542831719657819400.mp4,7542831719657819400,0,1,rejected
7543440536519167240.mp4,7543440536519167240,13,10,accepted+rejected
7544012773420813575.mp4,7544012773420813575,0,1,rejected
7544723202199538964.mp4,7544723202199538964,14,31,accepted+rejected
7545050756123053332.mp4,7545050756123053332,0,1,rejected
7545166950922505490.mp4,7545166950922505490,0,1,rejected
7545395533150571794.mp4,7545395533150571794,0,1,rejected
7545790592714820882.mp4,7545790592714820882,0,1,rejected
7546559980703386898.mp4,7546559980703386898,0,1,rejected
7546568233810201864.mp4,7546568233810201864,0,1,rejected
7546582624609815816.mp4,7546582624609815816,0,1,rejected
7546597846603123986.mp4,7546597846603123986,0,1,rejected
7546914142901292295.mp4,7546914142901292295,0,1,rejected
7547271773616704786.mp4,7547271773616704786,0,1,rejected
7547330199650684178.mp4,7547330199650684178,0,1,rejected
7547361658276941077.mp4,7547361658276941077,0,1,rejected
7547667433629256967.mp4,7547667433629256967,0,1,rejected
7547932343248358663.mp4,7547932343248358663,0,1,rejected
7548052424368459016.mp4,7548052424368459016,0,1,rejected
7548403094279802120.mp4,7548403094279802120,0,1,rejected
7548480340378094855.mp4,7548480340378094855,0,1,rejected
7548798767680539921.mp4,7548798767680539921,0,1,rejected
7549152877227396359.mp4,7549152877227396359,0,1,rejected
7549524683222191368.mp4,7549524683222191368,0,1,rejected
7549529622342421776.mp4,7549529622342421776,0,1,rejected
7549794310229593362.mp4,7549794310229593362,0,1,rejected
7549830648442227986.mp4,7549830648442227986,1,12,accepted+rejected
7549909835895147783.mp4,7549909835895147783,0,1,rejected
7549957002177301780.mp4,7549957002177301780,0,1,rejected
7550273294079937800.mp4,7550273294079937800,1,0,accepted
7550284396041997588.mp4,7550284396041997588,0,1,rejected
7551003168423808263.mp4,7551003168423808263,0,1,rejected
7551013890524564754.mp4,7551013890524564754,0,1,rejected
7551395128355736849.mp4,7551395128355736849,12,54,accepted+rejected
7551760305211165970.mp4,7551760305211165970,0,1,rejected
7552128245232192776.mp4,7552128245232192776,0,1,rejected
7552133106216504594.mp4,7552133106216504594,0,1,rejected
7552165270077459719.mp4,7552165270077459719,0,1,rejected
7552400069224434951.mp4,7552400069224434951,0,1,rejected
7552474488584178952.mp4,7552474488584178952,0,1,rejected
7552500062312516882.mp4,7552500062312516882,0,1,rejected
7552867432059112722.mp4,7552867432059112722,0,1,rejected
7553235348562677010.mp4,7553235348562677010,0,1,rejected
7553617883541097736.mp4,7553617883541097736,0,1,rejected
7553632924390804757.mp4,7553632924390804757,8,25,accepted+rejected
7553637015238069512.mp4,7553637015238069512,0,1,rejected
7554357555993201927.mp4,7554357555993201927,0,1,rejected
7554719638748138759.mp4,7554719638748138759,0,1,rejected
7554736345806146834.mp4,7554736345806146834,0,1,rejected
7554774342211472648.mp4,7554774342211472648,0,1,rejected
7554993142534065415.mp4,7554993142534065415,0,1,rejected
7555076586119204104.mp4,7555076586119204104,0,1,rejected
7555095596806294802.mp4,7555095596806294802,0,1,rejected
7555114346221866261.mp4,7555114346221866261,0,1,rejected
7555507084813667591.mp4,7555507084813667591,0,1,rejected
7555851918698990856.mp4,7555851918698990856,0,1,rejected
7555878582418033927.mp4,7555878582418033927,0,1,rejected
7555909386833546514.mp4,7555909386833546514,4,4,accepted+rejected
7556112278265859336.mp4,7556112278265859336,0,1,rejected
7556226654511598866.mp4,7556226654511598866,0,1,rejected
7556455917726813448.mp4,7556455917726813448,0,1,rejected
7556465041013329159.mp4,7556465041013329159,0,1,rejected
7556564474363170055.mp4,7556564474363170055,0,1,rejected
7556579773883911431.mp4,7556579773883911431,0,1,rejected
7556840664156196104.mp4,7556840664156196104,0,1,rejected
7556990515158224149.mp4,7556990515158224149,0,1,rejected
7557295992563879176.mp4,7557295992563879176,0,1,rejected
7557326516036570386.mp4,7557326516036570386,4,14,accepted+rejected
7557702784498355463.mp4,7557702784498355463,0,1,rejected
7557728336403762440.mp4,7557728336403762440,1,10,accepted+rejected
7558058435934309639.mp4,7558058435934309639,0,1,rejected
7558127239657721109.mp4,7558127239657721109,0,1,rejected
7558443454905191688.mp4,7558443454905191688,1,3,accepted+rejected
7558488123487898888.mp4,7558488123487898888,0,1,rejected
7558784427925490951.mp4,7558784427925490951,0,1,rejected
7558813306086034706.mp4,7558813306086034706,4,23,accepted+rejected
7559923814566595860.mp4,7559923814566595860,0,1,rejected
7559924514415545618.mp4,7559924514415545618,0,1,rejected
7560299936709938439.mp4,7560299936709938439,1,0,accepted
7560335200069258503.mp4,7560335200069258503,0,1,rejected
7560665132938956050.mp4,7560665132938956050,0,1,rejected
7561040224256560402.mp4,7561040224256560402,1,1,accepted+rejected
7561043466067692807.mp4,7561043466067692807,0,1,rejected
7561060298229058837.mp4,7561060298229058837,0,1,rejected
7561093992520404231.mp4,7561093992520404231,0,5,rejected
7561367987203230983.mp4,7561367987203230983,0,12,rejected
7561461589765901589.mp4,7561461589765901589,0,1,rejected
7562118192185838855.mp4,7562118192185838855,15,15,accepted+rejected
7562167018695167252.mp4,7562167018695167252,3,38,accepted+rejected
7562491740662418695.mp4,7562491740662418695,0,1,rejected
7562783233574849799.mp4,7562783233574849799,0,1,rejected
7562872744002538760.mp4,7562872744002538760,0,1,rejected
7562894763297426696.mp4,7562894763297426696,0,1,rejected
7563167225222286599.mp4,7563167225222286599,0,1,rejected
7563291498121399573.mp4,7563291498121399573,0,1,rejected
7563606777770675474.mp4,7563606777770675474,0,1,rejected
7563626051922922759.mp4,7563626051922922759,0,1,rejected
7563696398219234578.mp4,7563696398219234578,0,1,rejected
7563976815266548999.mp4,7563976815266548999,0,1,rejected
7564018589456436500.mp4,7564018589456436500,0,1,rejected
7564352817394191624.mp4,7564352817394191624,0,1,rejected
7564363905523404039.mp4,7564363905523404039,0,1,rejected
7564751125711277333.mp4,7564751125711277333,0,1,rejected
7565022669972802834.mp4,7565022669972802834,0,1,rejected
7565460050098097415.mp4,7565460050098097415,1,10,accepted+rejected
7565521935124237589.mp4,7565521935124237589,0,1,rejected
7565827555085896967.mp4,7565827555085896967,0,1,rejected
7566198948378021128.mp4,7566198948378021128,0,1,rejected
7566228355968732434.mp4,7566228355968732434,0,13,rejected
7566228763143310613.mp4,7566228763143310613,0,1,rejected
7566305954371734802.mp4,7566305954371734802,0,1,rejected
7566507379395726600.mp4,7566507379395726600,0,1,rejected
7566577119719951623.mp4,7566577119719951623,0,1,rejected
7566870186184166663.mp4,7566870186184166663,0,1,rejected
7567336495191756050.mp4,7567336495191756050,7,15,accepted+rejected
7567339438162906386.mp4,7567339438162906386,0,1,rejected
7567355365273111829.mp4,7567355365273111829,0,1,rejected
7567732322750041365.mp4,7567732322750041365,0,1,rejected
7568093943120841991.mp4,7568093943120841991,0,1,rejected
7568720706171833608.mp4,7568720706171833608,7,5,accepted+rejected
7568769553920953608.mp4,7568769553920953608,0,1,rejected
7568870653634284808.mp4,7568870653634284808,0,1,rejected
7568884118767799570.mp4,7568884118767799570,0,1,rejected
7569188902574017810.mp4,7569188902574017810,0,1,rejected
7569579839439605013.mp4,7569579839439605013,0,1,rejected
7569596968176061714.mp4,7569596968176061714,0,1,rejected
7569846799087717650.mp4,7569846799087717650,0,1,rejected
7569932251983531271.mp4,7569932251983531271,0,1,rejected
7570207554832305415.mp4,7570207554832305415,0,1,rejected
7570292982390263047.mp4,7570292982390263047,0,1,rejected
7570582212769434888.mp4,7570582212769434888,0,1,rejected
7571081149745859860.mp4,7571081149745859860,0,1,rejected
7571396092328201490.mp4,7571396092328201490,0,1,rejected
7571433652073155847.mp4,7571433652073155847,0,1,rejected
7571482263297199368.mp4,7571482263297199368,0,1,rejected
7571768530555751687.mp4,7571768530555751687,0,1,rejected
7572553728738266389.mp4,7572553728738266389,5,38,accepted+rejected
7572892932928195858.mp4,7572892932928195858,0,1,rejected
7573293195920952583.mp4,7573293195920952583,7,12,accepted+rejected
7573305399902833928.mp4,7573305399902833928,0,1,rejected
7573624963614248210.mp4,7573624963614248210,0,1,rejected
7573659605864107284.mp4,7573659605864107284,0,1,rejected
7573696997945773319.mp4,7573696997945773319,0,1,rejected
7574007391088332050.mp4,7574007391088332050,0,1,rejected
7574038263497870612.mp4,7574038263497870612,0,1,rejected
7574043460743728391.mp4,7574043460743728391,0,1,rejected
7574444267339402517.mp4,7574444267339402517,0,1,rejected
7574830717742501138.mp4,7574830717742501138,5,19,accepted+rejected
7575135969985219861.mp4,7575135969985219861,0,1,rejected
7575852275168496914.mp4,7575852275168496914,0,1,rejected
7575920601123065096.mp4,7575920601123065096,0,1,rejected
7576312022317534482.mp4,7576312022317534482,0,1,rejected
7576600525328715016.mp4,7576600525328715016,0,1,rejected
7576643864115563796.mp4,7576643864115563796,0,1,rejected
7576683785975090439.mp4,7576683785975090439,0,1,rejected
7576989262051134727.mp4,7576989262051134727,0,1,rejected
7577005807280082197.mp4,7577005807280082197,0,1,rejected
7577105513272462600.mp4,7577105513272462600,0,1,rejected
7577352285504769298.mp4,7577352285504769298,0,1,rejected
7577398141863922964.mp4,7577398141863922964,9,31,accepted+rejected
7577748683672866055.mp4,7577748683672866055,4,33,accepted+rejected
7578132903993888007.mp4,7578132903993888007,0,1,rejected
7578139623352732949.mp4,7578139623352732949,0,1,rejected
7578462941691841810.mp4,7578462941691841810,0,1,rejected
7579175836515863815.mp4,7579175836515863815,0,1,rejected
7579271147410246930.mp4,7579271147410246930,0,1,rejected
7579601652911672596.mp4,7579601652911672596,0,1,rejected
7579868068566928648.mp4,7579868068566928648,0,1,rejected
7580305798220352786.mp4,7580305798220352786,0,1,rejected
7580351823555448071.mp4,7580351823555448071,0,1,rejected
7580352653662702869.mp4,7580352653662702869,7,22,accepted+rejected
7580710567904546068.mp4,7580710567904546068,0,1,rejected
7580716927367023880.mp4,7580716927367023880,0,1,rejected
7580982717014084882.mp4,7580982717014084882,0,1,rejected
7581050051493907720.mp4,7581050051493907720,0,1,rejected
7581075018528918805.mp4,7581075018528918805,0,1,rejected
7581082862640696584.mp4,7581082862640696584,0,16,rejected
7581103365581524232.mp4,7581103365581524232,0,1,rejected
7581338702266338567.mp4,7581338702266338567,0,1,rejected
7581399068065156360.mp4,7581399068065156360,0,1,rejected
7581782589204188423.mp4,7581782589204188423,5,9,accepted+rejected
7581874147962211591.mp4,7581874147962211591,0,1,rejected
7582166148217572615.mp4,7582166148217572615,0,1,rejected
7582203906659241237.mp4,7582203906659241237,0,1,rejected
7582834891000253704.mp4,7582834891000253704,0,1,rejected
7582954072441998612.mp4,7582954072441998612,0,1,rejected
7583197884724612360.mp4,7583197884724612360,1,32,accepted+rejected
7583574671262534920.mp4,7583574671262534920,0,1,rejected
7583660080017444104.mp4,7583660080017444104,8,18,accepted+rejected
7583689803636411669.mp4,7583689803636411669,0,1,rejected
7583920351042620679.mp4,7583920351042620679,0,1,rejected
7583981165032279316.mp4,7583981165032279316,0,1,rejected
7584010200361815314.mp4,7584010200361815314,4,19,accepted+rejected
7584331589434232082.mp4,7584331589434232082,0,1,rejected
7584399998914268434.mp4,7584399998914268434,0,1,rejected
7584757195019947272.mp4,7584757195019947272,0,1,rejected
7585129884544945426.mp4,7585129884544945426,0,1,rejected
7585232611098807559.mp4,7585232611098807559,0,1,rejected
7585433821852536071.mp4,7585433821852536071,0,1,rejected
7585533727925800200.mp4,7585533727925800200,0,1,rejected
7585892011396336903.mp4,7585892011396336903,0,1,rejected
7585912099348434196.mp4,7585912099348434196,18,30,accepted+rejected
7585912681345961224.mp4,7585912681345961224,4,16,accepted+rejected
7586273678854196500.mp4,7586273678854196500,0,1,rejected
7586676068761783573.mp4,7586676068761783573,0,1,rejected
7587018011601587464.mp4,7587018011601587464,0,1,rejected
7587443617439042836.mp4,7587443617439042836,0,1,rejected
7587777570490387733.mp4,7587777570490387733,0,1,rejected
7588398553131732242.mp4,7588398553131732242,0,1,rejected
7588900122507922709.mp4,7588900122507922709,0,1,rejected
7589684407104015623.mp4,7589684407104015623,0,1,rejected
7589930851010350356.mp4,7589930851010350356,0,1,rejected
7590355120777448725.mp4,7590355120777448725,8,23,accepted+rejected
7591474691651538197.mp4,7591474691651538197,0,1,rejected
7591732291454471431.mp4,7591732291454471431,0,1,rejected
7591863550730325269.mp4,7591863550730325269,0,1,rejected
7591874382683802888.mp4,7591874382683802888,0,1,rejected
7592178248956644615.mp4,7592178248956644615,0,1,rejected
7592543011486141703.mp4,7592543011486141703,0,1,rejected
7592597259003464980.mp4,7592597259003464980,0,1,rejected
7593279307699604743.mp4,7593279307699604743,0,1,rejected
7593333972688473364.mp4,7593333972688473364,0,1,rejected
7593714470812126482.mp4,7593714470812126482,0,1,rejected
7594035036156857608.mp4,7594035036156857608,0,1,rejected
7594072003187903752.mp4,7594072003187903752,0,1,rejected
7594440720782511367.mp4,7594440720782511367,0,1,rejected
7594453282039532820.mp4,7594453282039532820,9,37,accepted+rejected
7594811031583493383.mp4,7594811031583493383,0,1,rejected
7594869814280064274.mp4,7594869814280064274,0,1,rejected
7595203251331403029.mp4,7595203251331403029,9,27,accepted+rejected
7595217624795991303.mp4,7595217624795991303,0,1,rejected
7595571805541125396.mp4,7595571805541125396,0,1,rejected
7595897958323719432.mp4,7595897958323719432,0,1,rejected
7595912895800560903.mp4,7595912895800560903,0,1,rejected
7596282266943327496.mp4,7596282266943327496,0,1,rejected
7596297528916692232.mp4,7596297528916692232,0,1,rejected
7596671289058987271.mp4,7596671289058987271,0,1,rejected
7596993277371419911.mp4,7596993277371419911,0,1,rejected
7597053702188338453.mp4,7597053702188338453,0,1,rejected
7597408010868215047.mp4,7597408010868215047,0,1,rejected
7597409273454333202.mp4,7597409273454333202,0,1,rejected
7597416870043471125.mp4,7597416870043471125,0,1,rejected
7597702355412454674.mp4,7597702355412454674,0,1,rejected
7597752640583240978.mp4,7597752640583240978,0,1,rejected
7597803680884083989.mp4,7597803680884083989,0,1,rejected
7598183338968485138.mp4,7598183338968485138,0,1,rejected
7598495938692353288.mp4,7598495938692353288,0,1,rejected
7598526212398468370.mp4,7598526212398468370,4,24,accepted+rejected
7598814525160279304.mp4,7598814525160279304,0,1,rejected
7598904185752489236.mp4,7598904185752489236,0,1,rejected
7599649313605569799.mp4,7599649313605569799,0,1,rejected
7599983295790730514.mp4,7599983295790730514,0,1,rejected
7600024346811223314.mp4,7600024346811223314,0,1,rejected
7600085054001401095.mp4,7600085054001401095,0,2,rejected
7600389249610861844.mp4,7600389249610861844,28,30,accepted+rejected
7601133861602364693.mp4,7601133861602364693,0,1,rejected
7601374790976376072.mp4,7601374790976376072,0,1,rejected
7601435115272785173.mp4,7601435115272785173,1,3,accepted+rejected
7602141405233876245.mp4,7602141405233876245,0,1,rejected
7602196256022154517.mp4,7602196256022154517,0,1,rejected
7602237399338437908.mp4,7602237399338437908,0,1,rejected
7602573297875766546.mp4,7602573297875766546,0,1,rejected
7602602548649807122.mp4,7602602548649807122,0,1,rejected
7602938244438789394.mp4,7602938244438789394,0,1,rejected
7603378923598023957.mp4,7603378923598023957,0,1,rejected
7603706707558108424.mp4,7603706707558108424,0,2,rejected
7604016260875062549.mp4,7604016260875062549,0,1,rejected
7604463316362104082.mp4,7604463316362104082,10,20,accepted+rejected
7605218436343500050.mp4,7605218436343500050,0,1,rejected
7605238938126552328.mp4,7605238938126552328,0,1,rejected
7605439201496141063.mp4,7605439201496141063,0,1,rejected
7605981118713679122.mp4,7605981118713679122,0,1,rejected
7606339598976863508.mp4,7606339598976863508,0,1,rejected
7606358436929965320.mp4,7606358436929965320,0,1,rejected
7606647476153486599.mp4,7606647476153486599,0,1,rejected
7606699987539430676.mp4,7606699987539430676,0,1,rejected
7607054812865383700.mp4,7607054812865383700,0,1,rejected
7607401614281854216.mp4,7607401614281854216,0,1,rejected
7607537195288726791.mp4,7607537195288726791,0,1,rejected
7607714674406067476.mp4,7607714674406067476,0,1,rejected
7607804080198569234.mp4,7607804080198569234,0,1,rejected
7608966764990450951.mp4,7608966764990450951,0,1,rejected
7609295432203652372.mp4,7609295432203652372,0,1,rejected
7609683215376321810.mp4,7609683215376321810,0,1,rejected
7610393364915129618.mp4,7610393364915129618,0,1,rejected
7610714669401083143.mp4,7610714669401083143,0,1,rejected
7611147474497064213.mp4,7611147474497064213,0,1,rejected
7611877846079917320.mp4,7611877846079917320,0,1,rejected
7611881604398484756.mp4,7611881604398484756,0,1,rejected
7613373716625411348.mp4,7613373716625411348,0,1,rejected
7613802111574363412.mp4,7613802111574363412,0,1,rejected
7614120408689822984.mp4,7614120408689822984,3,11,accepted+rejected
7614207381349633301.mp4,7614207381349633301,0,1,rejected
7614487649922845972.mp4,7614487649922845972,0,1,rejected
7614489329368304914.mp4,7614489329368304914,0,1,rejected
7614756232863157512.mp4,7614756232863157512,0,1,rejected
7614762972438727943.mp4,7614762972438727943,0,1,rejected
7615234412543757589.mp4,7615234412543757589,0,1,rejected
7616356159632575764.mp4,7616356159632575764,0,1,rejected
7616704452602449159.mp4,7616704452602449159,9,31,accepted+rejected
7616775855003503879.mp4,7616775855003503879,0,1,rejected
7617443735340829973.mp4,7617443735340829973,0,1,rejected
7617825541583916295.mp4,7617825541583916295,0,1,rejected
7618576678247206164.mp4,7618576678247206164,0,1,rejected
7618926836168477973.mp4,7618926836168477973,0,1,rejected
7618934722009271573.mp4,7618934722009271573,0,1,rejected
7619319388646247700.mp4,7619319388646247700,10,41,accepted+rejected
7619683019757997332.mp4,7619683019757997332,0,1,rejected
7620058092251761940.mp4,7620058092251761940,0,1,rejected
7620059535692156181.mp4,7620059535692156181,0,1,rejected
7621173726708616468.mp4,7621173726708616468,0,1,rejected
7621534598887001345.mp4,7621534598887001345,0,1,rejected
7621534603345464592.mp4,7621534603345464592,0,1,rejected
7621534607506296081.mp4,7621534607506296081,0,1,rejected
7621534607887928577.mp4,7621534607887928577,0,1,rejected
7621534619510312209.mp4,7621534619510312209,0,1,rejected
7621534624140758289.mp4,7621534624140758289,0,1,rejected
7621534625113853200.mp4,7621534625113853200,0,1,rejected
7621911689620901141.mp4,7621911689620901141,11,26,accepted+rejected
7622262085413506325.mp4,7622262085413506325,0,1,rejected
7622529164947672340.mp4,7622529164947672340,0,1,rejected
7622529178537331988.mp4,7622529178537331988,0,1,rejected
7623396417343671572.mp4,7623396417343671572,0,1,rejected
7623776225865092372.mp4,7623776225865092372,0,1,rejected
7623858421997096212.mp4,7623858421997096212,0,1,rejected
7624121003094035733.mp4,7624121003094035733,0,1,rejected
7624121007435025684.mp4,7624121007435025684,1,16,accepted+rejected
7624121008164785429.mp4,7624121008164785429,0,1,rejected
7624859145597914388.mp4,7624859145597914388,0,1,rejected
7624877195458006279.mp4,7624877195458006279,0,1,rejected
7624895996383726869.mp4,7624895996383726869,0,1,rejected
7624919664694398229.mp4,7624919664694398229,2,29,accepted+rejected
7625145365913799952.mp4,7625145365913799952,0,1,rejected
7625211681739689236.mp4,7625211681739689236,0,1,rejected
7625284776899104020.mp4,7625284776899104020,0,1,rejected
7625284777838513428.mp4,7625284777838513428,4,2,accepted+rejected
7625609060892544276.mp4,7625609060892544276,0,1,rejected
7625610194164157717.mp4,7625610194164157717,0,1,rejected
7625615971025259792.mp4,7625615971025259792,0,1,rejected
7625729390625983764.mp4,7625729390625983764,0,1,rejected
7625880120070311184.mp4,7625880120070311184,0,1,rejected
7625974376948632852.mp4,7625974376948632852,0,1,rejected
7625975365168663828.mp4,7625975365168663828,7,12,accepted+rejected
7625989357257641237.mp4,7625989357257641237,3,17,accepted+rejected
7626026704678505736.mp4,7626026704678505736,0,1,rejected
7626263186454383873.mp4,7626263186454383873,0,1,rejected
7626359047129763089.mp4,7626359047129763089,0,1,rejected
7626359347529960724.mp4,7626359347529960724,17,20,accepted+rejected
7626615186287234321.mp4,7626615186287234321,0,1,rejected
7626740931772861717.mp4,7626740931772861717,0,1,rejected
7626990390507277569.mp4,7626990390507277569,0,1,rejected
7627029881871666449.mp4,7627029881871666449,2,20,accepted+rejected
7627030342053940497.mp4,7627030342053940497,0,1,rejected
7627043170362215696.mp4,7627043170362215696,0,1,rejected
7627071359067114772.mp4,7627071359067114772,0,1,rejected
7627071362959445268.mp4,7627071362959445268,3,30,accepted+rejected
7627071363890646292.mp4,7627071363890646292,0,1,rejected
7627078473412037905.mp4,7627078473412037905,0,1,rejected
7627089948243496208.mp4,7627089948243496208,0,1,rejected
7627364569706433813.mp4,7627364569706433813,0,1,rejected
7627453794023935252.mp4,7627453794023935252,0,1,rejected
7627812110399048980.mp4,7627812110399048980,0,1,rejected
7627812116833111317.mp4,7627812116833111317,0,1,rejected
7627812121274830100.mp4,7627812121274830100,0,1,rejected
7627812121711086869.mp4,7627812121711086869,0,1,rejected
7627812122424102165.mp4,7627812122424102165,0,1,rejected
7627812122851806484.mp4,7627812122851806484,0,1,rejected
7627812128451218709.mp4,7627812128451218709,0,1,rejected
7627812132213558548.mp4,7627812132213558548,0,1,rejected
7627812134520409364.mp4,7627812134520409364,0,1,rejected
7627812135254494485.mp4,7627812135254494485,5,3,accepted+rejected
7627812137255193877.mp4,7627812137255193877,0,1,rejected
7627835618369752341.mp4,7627835618369752341,0,1,rejected
7627841394740055314.mp4,7627841394740055314,0,1,rejected
7627886981661478151.mp4,7627886981661478151,0,1,rejected
7627886983355845895.mp4,7627886983355845895,0,1,rejected
7627886990238747922.mp4,7627886990238747922,7,23,accepted+rejected
7627886996651805960.mp4,7627886996651805960,0,1,rejected
7628198311454903572.mp4,7628198311454903572,5,24,accepted+rejected
7628198891854302485.mp4,7628198891854302485,0,1,rejected
7628212141014715666.mp4,7628212141014715666,0,1,rejected
7628485140150340871.mp4,7628485140150340871,0,1,rejected
7628551914753658132.mp4,7628551914753658132,0,1,rejected
7628577576830782741.mp4,7628577576830782741,0,1,rejected
7628577581658328341.mp4,7628577581658328341,0,1,rejected
7628949507920629013.mp4,7628949507920629013,0,1,rejected
7629319220249103624.mp4,7629319220249103624,0,1,rejected
7629319224288185607.mp4,7629319224288185607,0,1,rejected
7629319225890409735.mp4,7629319225890409735,0,1,rejected
7629319227110968584.mp4,7629319227110968584,1,0,accepted
7629319229749120263.mp4,7629319229749120263,0,1,rejected
7629319230466444552.mp4,7629319230466444552,0,1,rejected
7629319230483303698.mp4,7629319230483303698,0,1,rejected
7629319231498128648.mp4,7629319231498128648,5,11,accepted+rejected
7629319232785829128.mp4,7629319232785829128,0,1,rejected
7629321559143894293.mp4,7629321559143894293,3,11,accepted+rejected
7629322422293990676.mp4,7629322422293990676,0,1,rejected
7629322907788889365.mp4,7629322907788889365,0,1,rejected
7629629388950146325.mp4,7629629388950146325,0,1,rejected
7629645233474522388.mp4,7629645233474522388,0,1,rejected
7629694361579785493.mp4,7629694361579785493,5,10,accepted+rejected
7629695831872032020.mp4,7629695831872032020,0,1,rejected
7629696765826026773.mp4,7629696765826026773,0,1,rejected
7629698176408210709.mp4,7629698176408210709,6,22,accepted+rejected
7629698179046444308.mp4,7629698179046444308,0,1,rejected
7629698189045648661.mp4,7629698189045648661,0,1,rejected
7629966819960360212.mp4,7629966819960360212,0,1,rejected
7630081836030479636.mp4,7630081836030479636,0,1,rejected
7630081840140864788.mp4,7630081840140864788,3,10,accepted+rejected
7630081843185995028.mp4,7630081843185995028,0,1,rejected
7630081845006191893.mp4,7630081845006191893,0,1,rejected
7630081845803257108.mp4,7630081845803257108,0,1,rejected
7630081846314929428.mp4,7630081846314929428,4,25,accepted+rejected
7630452201843887368.mp4,7630452201843887368,0,1,rejected
7630694439006080277.mp4,7630694439006080277,2,9,accepted+rejected
7630802326223080725.mp4,7630802326223080725,0,1,rejected
7630803614973365525.mp4,7630803614973365525,0,1,rejected
7630812530885152020.mp4,7630812530885152020,0,1,rejected
7631080246803959061.mp4,7631080246803959061,0,1,rejected
7631099206593154325.mp4,7631099206593154325,11,11,accepted+rejected
7631162630476008724.mp4,7631162630476008724,0,1,rejected
7631164074470018325.mp4,7631164074470018325,0,1,rejected
7631176711962381588.mp4,7631176711962381588,0,1,rejected
7631178242728201493.mp4,7631178242728201493,0,1,rejected
7631422973609757972.mp4,7631422973609757972,0,1,rejected
7631504268662443284.mp4,7631504268662443284,0,1,rejected
7631543057908862228.mp4,7631543057908862228,0,1,rejected
7631544309090864404.mp4,7631544309090864404,6,38,accepted+rejected
7631547765465664788.mp4,7631547765465664788,0,1,rejected
7631652089126456596.mp4,7631652089126456596,0,1,rejected
7631819783008275733.mp4,7631819783008275733,0,1,rejected
7631907654733942036.mp4,7631907654733942036,0,1,rejected
7631908956864089364.mp4,7631908956864089364,0,1,rejected
7631925086639082772.mp4,7631925086639082772,0,1,rejected
7632179824886320404.mp4,7632179824886320404,8,21,accepted+rejected
7632244732650900757.mp4,7632244732650900757,0,1,rejected
7632299091216649493.mp4,7632299091216649493,0,1,rejected
7632303550181248277.mp4,7632303550181248277,0,1,rejected
7632307131328253204.mp4,7632307131328253204,0,1,rejected
7632328977213902100.mp4,7632328977213902100,11,56,accepted+rejected
7632595770599836948.mp4,7632595770599836948,0,1,rejected
7632653596982660373.mp4,7632653596982660373,0,1,rejected
7632714866691755285.mp4,7632714866691755285,0,1,rejected
7632715672098835732.mp4,7632715672098835732,0,1,rejected
7632716617281113365.mp4,7632716617281113365,0,1,rejected
7632717148359576852.mp4,7632717148359576852,0,1,rejected
7632718117088677140.mp4,7632718117088677140,0,1,rejected
7632921713210133781.mp4,7632921713210133781,0,1,rejected
7632933057015713045.mp4,7632933057015713045,0,1,rejected
7633011644041383189.mp4,7633011644041383189,1,18,accepted+rejected
7633306419520916744.mp4,7633306419520916744,0,1,rejected
7633306425007099143.mp4,7633306425007099143,11,10,accepted+rejected
7633306428563836168.mp4,7633306428563836168,0,1,rejected
7633306429176253703.mp4,7633306429176253703,0,1,rejected
7633306429578841351.mp4,7633306429578841351,0,1,rejected
7633364445716073749.mp4,7633364445716073749,0,1,rejected
7633372428378377492.mp4,7633372428378377492,0,1,rejected
7633403408304590100.mp4,7633403408304590100,0,1,rejected
7633740021450755349.mp4,7633740021450755349,0,1,rejected
7633751744123587861.mp4,7633751744123587861,0,1,rejected
7633764611958836501.mp4,7633764611958836501,0,1,rejected
7633766304083627284.mp4,7633766304083627284,0,1,rejected
7633766985653947668.mp4,7633766985653947668,0,1,rejected
7633777244002979080.mp4,7633777244002979080,0,1,rejected
7634037605146971413.mp4,7634037605146971413,0,1,rejected
7634057971974130965.mp4,7634057971974130965,0,1,rejected
7634057972330679573.mp4,7634057972330679573,0,1,rejected
7634057974713077013.mp4,7634057974713077013,0,1,rejected
7634057974842936597.mp4,7634057974842936597,0,1,rejected
7634057975606365461.mp4,7634057975606365461,5,11,accepted+rejected
7634059729895050516.mp4,7634059729895050516,0,1,rejected
7634060084422839572.mp4,7634060084422839572,0,1,rejected
7634060087220538645.mp4,7634060087220538645,0,1,rejected
7634060089552358676.mp4,7634060089552358676,13,20,accepted+rejected
7634060092538735893.mp4,7634060092538735893,0,1,rejected
7634060093717400853.mp4,7634060093717400853,0,1,rejected
7634060095080402197.mp4,7634060095080402197,0,1,rejected
7634060095298489620.mp4,7634060095298489620,0,1,rejected
7634060095755668756.mp4,7634060095755668756,0,1,rejected
7634060096967806228.mp4,7634060096967806228,53,92,accepted+rejected
7634060099111144725.mp4,7634060099111144725,0,1,rejected
7634061188057386260.mp4,7634061188057386260,0,1,rejected
7634061189563125012.mp4,7634061189563125012,0,1,rejected
7634061190540414229.mp4,7634061190540414229,0,1,rejected
7634061192192953621.mp4,7634061192192953621,0,1,rejected
7634061195162455317.mp4,7634061195162455317,0,1,rejected
7634061196433362197.mp4,7634061196433362197,3,21,accepted+rejected
7634061202104143125.mp4,7634061202104143125,0,1,rejected
7634101471042096404.mp4,7634101471042096404,0,1,rejected
7634151450469305621.mp4,7634151450469305621,0,1,rejected
7634152642679213332.mp4,7634152642679213332,1,11,accepted+rejected
7634154299022445845.mp4,7634154299022445845,0,1,rejected
7634154819690794260.mp4,7634154819690794260,0,1,rejected
7634155950047317268.mp4,7634155950047317268,6,18,accepted+rejected
7634157161651637525.mp4,7634157161651637525,0,1,rejected
7634158015255629077.mp4,7634158015255629077,0,1,rejected
7634158576809839892.mp4,7634158576809839892,0,1,rejected
7634168912992587028.mp4,7634168912992587028,0,1,rejected
7634171328366464264.mp4,7634171328366464264,0,1,rejected
7634287441553280272.mp4,7634287441553280272,8,7,accepted+rejected
7634377065772371221.mp4,7634377065772371221,0,1,rejected
7634457197627362581.mp4,7634457197627362581,0,1,rejected
7634457794489355540.mp4,7634457794489355540,0,1,rejected
7634460303719140628.mp4,7634460303719140628,0,1,rejected
7634488083999722773.mp4,7634488083999722773,0,1,rejected
7634530512765242645.mp4,7634530512765242645,0,1,rejected
7634569344235654420.mp4,7634569344235654420,0,1,rejected
7634573298390568212.mp4,7634573298390568212,0,1,rejected
7634778126903495944.mp4,7634778126903495944,0,1,rejected
7634788611359100180.mp4,7634788611359100180,0,1,rejected
7634865418301213972.mp4,7634865418301213972,5,2,accepted+rejected
7634889203188321557.mp4,7634889203188321557,0,1,rejected
7634894778303368456.mp4,7634894778303368456,0,1,rejected
7634948335450721557.mp4,7634948335450721557,0,1,rejected
7635149491317886228.mp4,7635149491317886228,0,1,rejected
7635212211966807316.mp4,7635212211966807316,0,1,rejected
7635244119954165013.mp4,7635244119954165013,0,1,rejected
7635244120218357012.mp4,7635244120218357012,0,1,rejected
7635244121644420372.mp4,7635244121644420372,0,1,rejected
7635244125863972116.mp4,7635244125863972116,1,8,accepted+rejected
7635244130918075669.mp4,7635244130918075669,0,1,rejected
7635244133313137941.mp4,7635244133313137941,0,1,rejected
7635244133514251540.mp4,7635244133514251540,0,1,rejected
7635244134676073749.mp4,7635244134676073749,0,1,rejected
7635244136441842965.mp4,7635244136441842965,0,1,rejected
7635262792274087176.mp4,7635262792274087176,0,1,rejected
7635272202841115924.mp4,7635272202841115924,0,1,rejected
7635273476642786580.mp4,7635273476642786580,0,1,rejected
7635520940717395221.mp4,7635520940717395221,3,30,accepted+rejected
7635529781152435476.mp4,7635529781152435476,0,1,rejected
7635529797975805205.mp4,7635529797975805205,0,1,rejected
7635529803830971669.mp4,7635529803830971669,0,1,rejected
7635529807136099604.mp4,7635529807136099604,0,1,rejected
7635529809094855956.mp4,7635529809094855956,0,1,rejected
7635529809514351892.mp4,7635529809514351892,0,1,rejected
7635529810080501012.mp4,7635529810080501012,0,1,rejected
7635529815629499668.mp4,7635529815629499668,0,1,rejected
7635529818637028629.mp4,7635529818637028629,0,1,rejected
7635636709417372948.mp4,7635636709417372948,0,1,rejected
7635636716782505236.mp4,7635636716782505236,6,10,accepted+rejected
7635636717621349653.mp4,7635636717621349653,0,1,rejected
7635636717751454996.mp4,7635636717751454996,0,1,rejected
7635636720003861780.mp4,7635636720003861780,0,1,rejected
7635636722012917013.mp4,7635636722012917013,0,1,rejected
7635636728866344212.mp4,7635636728866344212,0,1,rejected
7635636729654824213.mp4,7635636729654824213,0,1,rejected
7635636730854378772.mp4,7635636730854378772,0,1,rejected
7635664044170431762.mp4,7635664044170431762,0,1,rejected
7635664047169424647.mp4,7635664047169424647,0,1,rejected
7635664047169473800.mp4,7635664047169473800,0,1,rejected
7635664048813575431.mp4,7635664048813575431,13,5,accepted+rejected
7635664049623092498.mp4,7635664049623092498,0,1,rejected
7635664050327735560.mp4,7635664050327735560,0,1,rejected
7635664054467529991.mp4,7635664054467529991,0,1,rejected
7635664055482584327.mp4,7635664055482584327,0,1,rejected
7635664058586369298.mp4,7635664058586369298,0,1,rejected
7635974018746600725.mp4,7635974018746600725,0,1,rejected
7635988598222867720.mp4,7635988598222867720,0,1,rejected
7635988598956772615.mp4,7635988598956772615,0,1,rejected
7635988600202595591.mp4,7635988600202595591,0,1,rejected
7635988603000147208.mp4,7635988603000147208,0,1,rejected
7635995714790755604.mp4,7635995714790755604,0,1,rejected
7636020401662872839.mp4,7636020401662872839,0,1,rejected
7636020411762822408.mp4,7636020411762822408,0,1,rejected
7636020413188934919.mp4,7636020413188934919,4,32,accepted+rejected
7636020415399234823.mp4,7636020415399234823,0,1,rejected
7636020415806098695.mp4,7636020415806098695,0,1,rejected
7636049221711416584.mp4,7636049221711416584,16,21,accepted+rejected
7636119749281336597.mp4,7636119749281336597,0,1,rejected
7636263928829349138.mp4,7636263928829349138,0,1,rejected
7636267471523089685.mp4,7636267471523089685,0,1,rejected
7636329455031422229.mp4,7636329455031422229,0,1,rejected
7636336201397439764.mp4,7636336201397439764,0,1,rejected
7636337623488859412.mp4,7636337623488859412,0,1,rejected
7636360934667177223.mp4,7636360934667177223,0,1,rejected
7636360936701431048.mp4,7636360936701431048,0,1,rejected
7636360946453122322.mp4,7636360946453122322,0,1,rejected
7636360947958861074.mp4,7636360947958861074,0,1,rejected
7636360950232222994.mp4,7636360950232222994,0,1,rejected
7636362338127449352.mp4,7636362338127449352,0,1,rejected
7636366944035294484.mp4,7636366944035294484,0,1,rejected
7636369660941716757.mp4,7636369660941716757,0,1,rejected
7636377962043968775.mp4,7636377962043968775,0,1,rejected
7636385717110836501.mp4,7636385717110836501,0,1,rejected
7636385732570909973.mp4,7636385732570909973,0,1,rejected
7636385733015555349.mp4,7636385733015555349,6,4,accepted+rejected
7636398757222927634.mp4,7636398757222927634,0,1,rejected
7636423340244143380.mp4,7636423340244143380,0,1,rejected
7636633635973565716.mp4,7636633635973565716,0,1,rejected
7636682087633833234.mp4,7636682087633833234,34,104,accepted+rejected
7636682088766344456.mp4,7636682088766344456,0,1,rejected
7636682088929905927.mp4,7636682088929905927,1,46,accepted+rejected
7636682091014524168.mp4,7636682091014524168,0,1,rejected
7636682093279366418.mp4,7636682093279366418,0,1,rejected
7636682097909927186.mp4,7636682097909927186,0,1,rejected
7636682098337697032.mp4,7636682098337697032,0,1,rejected
7636689448880721173.mp4,7636689448880721173,21,37,accepted+rejected
7636704975506246933.mp4,7636704975506246933,0,1,rejected
7636740035047476498.mp4,7636740035047476498,0,1,rejected
7636740837300358407.mp4,7636740837300358407,0,1,rejected
7636744537725242645.mp4,7636744537725242645,0,1,rejected
7636744894836411669.mp4,7636744894836411669,0,1,rejected
7636757911091383572.mp4,7636757911091383572,0,1,rejected
7636757924311764245.mp4,7636757924311764245,0,1,rejected
7636764694912584981.mp4,7636764694912584981,0,1,rejected
7637012256294800660.mp4,7637012256294800660,0,1,rejected
7637069043198889236.mp4,7637069043198889236,0,1,rejected
7637083268394880263.mp4,7637083268394880263,0,1,rejected
7637083269779049735.mp4,7637083269779049735,0,1,rejected
7637083270651366664.mp4,7637083270651366664,0,1,rejected
7637083271553158407.mp4,7637083271553158407,0,1,rejected
7637083276422679816.mp4,7637083276422679816,0,1,rejected
7637108471887940871.mp4,7637108471887940871,0,1,rejected
7637109087167073543.mp4,7637109087167073543,0,1,rejected
7637118875519208724.mp4,7637118875519208724,0,1,rejected
7637118949234101524.mp4,7637118949234101524,0,1,rejected
7637143221503560977.mp4,7637143221503560977,0,1,rejected
7637149008854666516.mp4,7637149008854666516,0,1,rejected
7637149017247321365.mp4,7637149017247321365,0,1,rejected
7637375709911993607.mp4,7637375709911993607,0,1,rejected
7637436441064115476.mp4,7637436441064115476,1,0,accepted
7637436441269751061.mp4,7637436441269751061,0,1,rejected
7637436443874430229.mp4,7637436443874430229,0,1,rejected
7637436446093200661.mp4,7637436446093200661,0,1,rejected
7637453524162432276.mp4,7637453524162432276,0,1,rejected
7637454133007617298.mp4,7637454133007617298,0,1,rejected
7637454137554128135.mp4,7637454137554128135,0,1,rejected
7637455612586118408.mp4,7637455612586118408,0,1,rejected
7637455626293038343.mp4,7637455626293038343,0,1,rejected
7637485897436400914.mp4,7637485897436400914,0,1,rejected
7637490771456707861.mp4,7637490771456707861,6,17,accepted+rejected
7637490999610182930.mp4,7637490999610182930,0,1,rejected
7637494375840337160.mp4,7637494375840337160,12,15,accepted+rejected
7637495337430633735.mp4,7637495337430633735,0,1,rejected
7637497280844680455.mp4,7637497280844680455,0,1,rejected
7637789763772091669.mp4,7637789763772091669,0,1,rejected
7637796480996183316.mp4,7637796480996183316,0,1,rejected
7637817659899268373.mp4,7637817659899268373,0,1,rejected
7637822957699517716.mp4,7637822957699517716,0,1,rejected
7637852672275647764.mp4,7637852672275647764,18,20,accepted+rejected
7637876132351659284.mp4,7637876132351659284,0,1,rejected
7637876138085338389.mp4,7637876138085338389,0,1,rejected
7637876138454437141.mp4,7637876138454437141,0,1,rejected
7637876139351903508.mp4,7637876139351903508,0,1,rejected
7638098973277965588.mp4,7638098973277965588,0,1,rejected
7638223777331137813.mp4,7638223777331137813,0,1,rejected
7638237155646573831.mp4,7638237155646573831,0,1,rejected
7638259890913365249.mp4,7638259890913365249,0,1,rejected
7638261672511065345.mp4,7638261672511065345,0,1,rejected
7638262561955269889.mp4,7638262561955269889,19,12,accepted+rejected
7638265558110145808.mp4,7638265558110145808,0,1,rejected
7638265762188168464.mp4,7638265762188168464,0,1,rejected
7638505781557546260.mp4,7638505781557546260,0,1,rejected
7638518699896343824.mp4,7638518699896343824,6,43,accepted+rejected
7638587093207239956.mp4,7638587093207239956,0,1,rejected
7638593797873519880.mp4,7638593797873519880,0,1,rejected
7638594849540771090.mp4,7638594849540771090,0,1,rejected
7638596207413054741.mp4,7638596207413054741,0,1,rejected
7638596363885874452.mp4,7638596363885874452,0,1,rejected
7638596367065173269.mp4,7638596367065173269,0,1,rejected
7638596370869341460.mp4,7638596370869341460,0,1,rejected
7638596371158666516.mp4,7638596371158666516,0,1,rejected
7638596373297810709.mp4,7638596373297810709,0,1,rejected
7638596373872446741.mp4,7638596373872446741,0,1,rejected
7638596375969582356.mp4,7638596375969582356,0,3,rejected
7638596379710868757.mp4,7638596379710868757,0,1,rejected
7638596379933478164.mp4,7638596379933478164,0,1,rejected
7638602199739796756.mp4,7638602199739796756,6,7,accepted+rejected
7638608334257523988.mp4,7638608334257523988,0,1,rejected
7638622210696940820.mp4,7638622210696940820,0,1,rejected
7638877172622511381.mp4,7638877172622511381,0,1,rejected
7638963825940778260.mp4,7638963825940778260,0,1,rejected
7638966129775430930.mp4,7638966129775430930,0,1,rejected
7638967108931456274.mp4,7638967108931456274,0,1,rejected
7638973946565610773.mp4,7638973946565610773,1,6,accepted+rejected
7638976627824659732.mp4,7638976627824659732,0,1,rejected
7638991582963830034.mp4,7638991582963830034,0,1,rejected
7639000777352088840.mp4,7639000777352088840,0,1,rejected
7639026089288944912.mp4,7639026089288944912,0,1,rejected
7639028463835335952.mp4,7639028463835335952,11,21,accepted+rejected
7639029276993473793.mp4,7639029276993473793,0,1,rejected
7639322718491462932.mp4,7639322718491462932,0,1,rejected
7639335708305509652.mp4,7639335708305509652,0,1,rejected
7639341064947797255.mp4,7639341064947797255,1,23,accepted+rejected
7639343404144512264.mp4,7639343404144512264,0,1,rejected
7639345496762453268.mp4,7639345496762453268,0,1,rejected
7639462163899337985.mp4,7639462163899337985,0,1,rejected
7639641424769715463.mp4,7639641424769715463,0,1,rejected
7639641427860884743.mp4,7639641427860884743,0,1,rejected
7639641430478146834.mp4,7639641430478146834,0,1,rejected
7639641433460198664.mp4,7639641433460198664,6,37,accepted+rejected
7639668611694497045.mp4,7639668611694497045,0,1,rejected
7639707910322310420.mp4,7639707910322310420,0,1,rejected
7639708986236800276.mp4,7639708986236800276,0,1,rejected
7639717247732256021.mp4,7639717247732256021,0,1,rejected
7639731955617058055.mp4,7639731955617058055,0,1,rejected
7639733012594232596.mp4,7639733012594232596,0,1,rejected
7639767726063488277.mp4,7639767726063488277,0,1,rejected
7639768264079379732.mp4,7639768264079379732,0,1,rejected
7639969827016281365.mp4,7639969827016281365,0,1,rejected
7640063825601105173.mp4,7640063825601105173,11,20,accepted+rejected
7640072170881830164.mp4,7640072170881830164,0,1,rejected
7640074381850348821.mp4,7640074381850348821,0,1,rejected
7640075704473767188.mp4,7640075704473767188,0,1,rejected
7640076740022390036.mp4,7640076740022390036,7,9,accepted+rejected
7640086892666473736.mp4,7640086892666473736,0,1,rejected
7640088142342884629.mp4,7640088142342884629,0,1,rejected
7640106729715387666.mp4,7640106729715387666,0,1,rejected
7640109350308138258.mp4,7640109350308138258,0,1,rejected
7640122060517231892.mp4,7640122060517231892,0,1,rejected
7640126347813211410.mp4,7640126347813211410,0,1,rejected
7640126653993127186.mp4,7640126653993127186,0,1,rejected
7640126949205167367.mp4,7640126949205167367,0,1,rejected
7640179895137602836.mp4,7640179895137602836,0,1,rejected
7640179897713020181.mp4,7640179897713020181,0,1,rejected
7640179902196485396.mp4,7640179902196485396,0,1,rejected
7640179907317861653.mp4,7640179907317861653,0,1,rejected
7640179908446129428.mp4,7640179908446129428,0,1,rejected
7640181038324600085.mp4,7640181038324600085,3,9,accepted+rejected
7640360696777166100.mp4,7640360696777166100,0,1,rejected
7640501692424932624.mp4,7640501692424932624,0,1,rejected
7640501711957757200.mp4,7640501711957757200,0,1,rejected
7640730696369048852.mp4,7640730696369048852,5,26,accepted+rejected
7640730729067875604.mp4,7640730729067875604,0,1,rejected
7640730732477877524.mp4,7640730732477877524,0,1,rejected
7640730733027298581.mp4,7640730733027298581,0,1,rejected
7640745968022883604.mp4,7640745968022883604,0,1,rejected
7640790272078564628.mp4,7640790272078564628,0,1,rejected
7640836247228878088.mp4,7640836247228878088,0,1,rejected
7640856112303983889.mp4,7640856112303983889,5,13,accepted+rejected
7641059818509208833.mp4,7641059818509208833,0,1,rejected
7641060020297157889.mp4,7641060020297157889,1,7,accepted+rejected
7641071342355238160.mp4,7641071342355238160,0,1,rejected
7641071505400532245.mp4,7641071505400532245,0,1,rejected
7641086261700070676.mp4,7641086261700070676,0,1,rejected
7641120618544516368.mp4,7641120618544516368,0,1,rejected
7641121949422341393.mp4,7641121949422341393,0,1,rejected
7641136380827012373.mp4,7641136380827012373,1,0,accepted
7641158134899232016.mp4,7641158134899232016,0,1,rejected
7641158625515392257.mp4,7641158625515392257,0,1,rejected
7641160381364194580.mp4,7641160381364194580,0,1,rejected
7641166211358936340.mp4,7641166211358936340,0,1,rejected
7641195762314972437.mp4,7641195762314972437,0,1,rejected
7641198602236267797.mp4,7641198602236267797,4,19,accepted+rejected
7641213151983176981.mp4,7641213151983176981,0,1,rejected
7641214719713381652.mp4,7641214719713381652,0,1,rejected
7641222845879586064.mp4,7641222845879586064,4,0,accepted
7641223010279492881.mp4,7641223010279492881,0,1,rejected
7641223153686940929.mp4,7641223153686940929,0,1,rejected
7641223733394345236.mp4,7641223733394345236,0,1,rejected
7641227500969856277.mp4,7641227500969856277,0,1,rejected
7641229461928545556.mp4,7641229461928545556,0,1,rejected
7641237129309211920.mp4,7641237129309211920,0,1,rejected
7641434012375928072.mp4,7641434012375928072,11,9,accepted+rejected
7641436170198568210.mp4,7641436170198568210,0,1,rejected
7641436672139218183.mp4,7641436672139218183,0,1,rejected
7641436676677487880.mp4,7641436676677487880,0,1,rejected
7641442011391839496.mp4,7641442011391839496,0,1,rejected
7641466267358072085.mp4,7641466267358072085,1,6,accepted+rejected
7641474592799821063.mp4,7641474592799821063,0,1,rejected
7641474931129093383.mp4,7641474931129093383,0,1,rejected
7641475225837784338.mp4,7641475225837784338,3,2,accepted+rejected
7641514033954229505.mp4,7641514033954229505,0,1,rejected
7641525997778636050.mp4,7641525997778636050,0,1,rejected
7641528179923897607.mp4,7641528179923897607,0,1,rejected
7641528545826688264.mp4,7641528545826688264,0,1,rejected
7641528779491282184.mp4,7641528779491282184,0,1,rejected
7641528931933375751.mp4,7641528931933375751,0,1,rejected
7641561610959572245.mp4,7641561610959572245,0,1,rejected
7641562675729681684.mp4,7641562675729681684,3,24,accepted+rejected
7641566305505561876.mp4,7641566305505561876,0,1,rejected
7641605638849694983.mp4,7641605638849694983,0,1,rejected
7641622851921022228.mp4,7641622851921022228,0,1,rejected
7641628668246134036.mp4,7641628668246134036,0,1,rejected
7641628668510752020.mp4,7641628668510752020,0,1,rejected
7641786063647706384.mp4,7641786063647706384,2,2,accepted+rejected
7641786220103601409.mp4,7641786220103601409,0,1,rejected
7641786410902621456.mp4,7641786410902621456,0,1,rejected
7641818786475117845.mp4,7641818786475117845,0,1,rejected
7641839527178423559.mp4,7641839527178423559,0,1,rejected
7641839768522837266.mp4,7641839768522837266,10,13,accepted+rejected
7641842256495807764.mp4,7641842256495807764,0,1,rejected
7641852274104388871.mp4,7641852274104388871,0,1,rejected
7641878533979016466.mp4,7641878533979016466,0,1,rejected
7641878768721677575.mp4,7641878768721677575,6,4,accepted+rejected
7641878920807157010.mp4,7641878920807157010,0,1,rejected
7641886390833335570.mp4,7641886390833335570,0,1,rejected
7641886399536450823.mp4,7641886399536450823,0,1,rejected
7641886400677186823.mp4,7641886400677186823,0,1,rejected
7641899342051298568.mp4,7641899342051298568,0,1,rejected
7641936358398790932.mp4,7641936358398790932,0,1,rejected
7641937582443547925.mp4,7641937582443547925,0,1,rejected
7641943613361917192.mp4,7641943613361917192,0,1,rejected
7641944351664360711.mp4,7641944351664360711,0,1,rejected
7641947217263086868.mp4,7641947217263086868,0,1,rejected
7641949724261584135.mp4,7641949724261584135,0,1,rejected
7641969051463388434.mp4,7641969051463388434,0,1,rejected
7642180836380511506.mp4,7642180836380511506,0,1,rejected
7642182835603852562.mp4,7642182835603852562,0,1,rejected
7642183083252387080.mp4,7642183083252387080,2,6,accepted+rejected
7642188717423103239.mp4,7642188717423103239,0,1,rejected
7642188974571769106.mp4,7642188974571769106,0,1,rejected
7642189430618361095.mp4,7642189430618361095,3,8,accepted+rejected
7642196007308053781.mp4,7642196007308053781,0,1,rejected
7642241283079146759.mp4,7642241283079146759,0,1,rejected
7642243820687772935.mp4,7642243820687772935,0,1,rejected
7642274546527259911.mp4,7642274546527259911,0,1,rejected
7642288246445116680.mp4,7642288246445116680,0,1,rejected
7642289000895565064.mp4,7642289000895565064,3,11,accepted+rejected
7642289493931871496.mp4,7642289493931871496,0,1,rejected
7642289880273472775.mp4,7642289880273472775,0,1,rejected
7642290737886792978.mp4,7642290737886792978,0,1,rejected
7642303380873956616.mp4,7642303380873956616,3,29,accepted+rejected
7642309105700441364.mp4,7642309105700441364,0,1,rejected
7642310110211083541.mp4,7642310110211083541,0,1,rejected
7642311316216040722.mp4,7642311316216040722,0,1,rejected
7642311318145404167.mp4,7642311318145404167,0,1,rejected
7642312496874884373.mp4,7642312496874884373,0,1,rejected
7642360672617106709.mp4,7642360672617106709,14,0,accepted
7642544384315116818.mp4,7642544384315116818,0,1,rejected
7642544802856258823.mp4,7642544802856258823,0,1,rejected
7642545252150037778.mp4,7642545252150037778,0,1,rejected
7642545628941176071.mp4,7642545628941176071,0,1,rejected
7642545905345760530.mp4,7642545905345760530,0,1,rejected
7642577149228043540.mp4,7642577149228043540,0,1,rejected
7642645521949150482.mp4,7642645521949150482,4,7,accepted+rejected
7642645700894887176.mp4,7642645700894887176,0,1,rejected
7642646337401392402.mp4,7642646337401392402,0,1,rejected
7642646718340812040.mp4,7642646718340812040,0,1,rejected
7642646990232358152.mp4,7642646990232358152,0,1,rejected
7642671015448890645.mp4,7642671015448890645,0,1,rejected
7642671437580373268.mp4,7642671437580373268,0,1,rejected
7642676024869932308.mp4,7642676024869932308,0,1,rejected
7642679230945332501.mp4,7642679230945332501,0,1,rejected
7642688090116590869.mp4,7642688090116590869,0,1,rejected
7642689688452484373.mp4,7642689688452484373,0,1,rejected
7642697375252778260.mp4,7642697375252778260,0,1,rejected
7642717198158531860.mp4,7642717198158531860,8,38,accepted+rejected
7642725878312504596.mp4,7642725878312504596,0,1,rejected
7642900784484715783.mp4,7642900784484715783,0,1,rejected
7642901099434757394.mp4,7642901099434757394,7,5,accepted+rejected
7642901312832621842.mp4,7642901312832621842,0,1,rejected
7642925781827570965.mp4,7642925781827570965,0,1,rejected
7642940640929647879.mp4,7642940640929647879,0,1,rejected
7642941596580990216.mp4,7642941596580990216,0,1,rejected
7642941876265291026.mp4,7642941876265291026,0,1,rejected
7643015652680305941.mp4,7643015652680305941,0,1,rejected
7643019538518314260.mp4,7643019538518314260,0,1,rejected
7643026650233425170.mp4,7643026650233425170,0,1,rejected
7643026878772563207.mp4,7643026878772563207,0,1,rejected
7643027509981891858.mp4,7643027509981891858,0,1,rejected
7643027674499173639.mp4,7643027674499173639,0,1,rejected
7643027871002414343.mp4,7643027871002414343,0,1,rejected
7643078233574984978.mp4,7643078233574984978,0,1,rejected
7643083519396171026.mp4,7643083519396171026,0,1,rejected
7643083920724036872.mp4,7643083920724036872,0,1,rejected
7643084152119627016.mp4,7643084152119627016,11,18,accepted+rejected
7643127101587000594.mp4,7643127101587000594,0,1,rejected
7643127101838626056.mp4,7643127101838626056,0,3,rejected
7643163278289423623.mp4,7643163278289423623,0,1,rejected
7643163279640071432.mp4,7643163279640071432,0,1,rejected
7643163280088796424.mp4,7643163280088796424,0,1,rejected
7643163282303388935.mp4,7643163282303388935,6,37,accepted+rejected
7643163282303405319.mp4,7643163282303405319,0,1,rejected
7643274510128418069.mp4,7643274510128418069,0,1,rejected
7643275178851634453.mp4,7643275178851634453,0,1,rejected
7643275371487513877.mp4,7643275371487513877,0,1,rejected
7643275987639127317.mp4,7643275987639127317,0,1,rejected
7643297767900630293.mp4,7643297767900630293,0,1,rejected
7643298083635301652.mp4,7643298083635301652,0,1,rejected
7643298342767709460.mp4,7643298342767709460,0,1,rejected
7643314747999374613.mp4,7643314747999374613,1,6,accepted+rejected
7643322353568566546.mp4,7643322353568566546,0,1,rejected
7643363030817836309.mp4,7643363030817836309,0,1,rejected
7643366507371711764.mp4,7643366507371711764,0,1,rejected
7643367720993541397.mp4,7643367720993541397,0,1,rejected
7643367990469119252.mp4,7643367990469119252,0,1,rejected
7643368278361984277.mp4,7643368278361984277,0,1,rejected
7643368490841279764.mp4,7643368490841279764,0,1,rejected
7643385660409154823.mp4,7643385660409154823,10,16,accepted+rejected
7643422452944555282.mp4,7643422452944555282,0,1,rejected
7643422461391850760.mp4,7643422461391850760,0,1,rejected
7643422464906743048.mp4,7643422464906743048,0,1,rejected
7643422466957659399.mp4,7643422466957659399,5,20,accepted+rejected
7643431774512549140.mp4,7643431774512549140,0,1,rejected
7643454151007030549.mp4,7643454151007030549,0,1,rejected
7643454357349895444.mp4,7643454357349895444,0,1,rejected
7643454719825874196.mp4,7643454719825874196,0,1,rejected
7643461537193037063.mp4,7643461537193037063,0,1,rejected
7643462309343481096.mp4,7643462309343481096,0,1,rejected
7643463111189564690.mp4,7643463111189564690,11,22,accepted+rejected
7643463595690446087.mp4,7643463595690446087,0,1,rejected
7643465531617512712.mp4,7643465531617512712,0,1,rejected
7643466384327888146.mp4,7643466384327888146,0,1,rejected
7643599072582061333.mp4,7643599072582061333,0,1,rejected
7643599386261490965.mp4,7643599386261490965,0,1,rejected
7643611005758573845.mp4,7643611005758573845,2,6,accepted+rejected
7643659459033582856.mp4,7643659459033582856,0,1,rejected
7643659694476643591.mp4,7643659694476643591,0,1,rejected
7643659910370102535.mp4,7643659910370102535,0,1,rejected
7643669661971729671.mp4,7643669661971729671,0,1,rejected
7643736580766682389.mp4,7643736580766682389,2,8,accepted+rejected
7643755948414192904.mp4,7643755948414192904,0,1,rejected
7643756253335833874.mp4,7643756253335833874,0,1,rejected
7643756460677172488.mp4,7643756460677172488,0,1,rejected
7643756703376329991.mp4,7643756703376329991,0,1,rejected
7643756942606863624.mp4,7643756942606863624,5,1,accepted+rejected
7643757236958809362.mp4,7643757236958809362,0,1,rejected
7643757476197780744.mp4,7643757476197780744,0,1,rejected
7643759356307066120.mp4,7643759356307066120,0,1,rejected
7643763430368808200.mp4,7643763430368808200,0,1,rejected
7643764273814048007.mp4,7643764273814048007,0,1,rejected
7643766217592818951.mp4,7643766217592818951,0,1,rejected
7643832565287226645.mp4,7643832565287226645,0,1,rejected
7643834087039454484.mp4,7643834087039454484,0,1,rejected
7643835277483478292.mp4,7643835277483478292,0,1,rejected
7644036065715571976.mp4,7644036065715571976,0,1,rejected
7644036312223223058.mp4,7644036312223223058,11,11,accepted+rejected
7644036486509153554.mp4,7644036486509153554,9,19,accepted+rejected
7644036648581221650.mp4,7644036648581221650,0,1,rejected
7644068484653206805.mp4,7644068484653206805,0,1,rejected
7644131467123117320.mp4,7644131467123117320,0,1,rejected
7644132315525860626.mp4,7644132315525860626,0,1,rejected
7644132499416698119.mp4,7644132499416698119,0,1,rejected
7644133374751198482.mp4,7644133374751198482,0,1,rejected
7644156216620453140.mp4,7644156216620453140,0,1,rejected
7644158849737379093.mp4,7644158849737379093,0,1,rejected
7644191366943231253.mp4,7644191366943231253,0,1,rejected
