clip_id,file_path,decision,ts
-jDBwP6g2tA_clip0000_t00000,E:\FPTU\PRJ\VN-AV-DF-Capstone\data\01_collect\cut_clips\tier1\0-100\tier1_v3_clips_0_100\-jDBwP6g2tA_clip0000_t00000.mp4,keep,2026-06-27 12:32:42
-jDBwP6g2tA_clip0001_t00005,E:\FPTU\PRJ\VN-AV-DF-Capstone\data\01_collect\cut_clips\tier1\0-100\tier1_v3_clips_0_100\-jDBwP6g2tA_clip0001_t00005.mp4,keep,2026-06-27 12:32:51
-jDBwP6g2tA_clip0002_t00009,E:\FPTU\PRJ\VN-AV-DF-Capstone\data\01_collect\cut_clips\tier1\0-100\tier1_v3_clips_0_100\-jDBwP6g2tA_clip0002_t00009.mp4,keep,2026-06-27 12:32:57
-jDBwP6g2tA_clip0003_t00013,E:\FPTU\PRJ\VN-AV-DF-Capstone\data\01_collect\cut_clips\tier1\0-100\tier1_v3_clips_0_100\-jDBwP6g2tA_clip0003_t00013.mp4,keep,2026-06-27 12:33:03
-jDBwP6g2tA_clip0004_t00017,E:\FPTU\PRJ\VN-AV-DF-Capstone\data\01_collect\cut_clips\tier1\0-100\tier1_v3_clips_0_100\-jDBwP6g2tA_clip0004_t00017.mp4,keep,2026-06-27 12:33:08
-jDBwP6g2tA_clip0005_t00021,E:\FPTU\PRJ\VN-AV-DF-Capstone\data\01_collect\cut_clips\tier1\0-100\tier1_v3_clips_0_100\-jDBwP6g2tA_clip0005_t00021.mp4,keep,2026-06-27 12:33:12
-jDBwP6g2tA_clip0006_t00024,E:\FPTU\PRJ\VN-AV-DF-Capstone\data\01_collect\cut_clips\tier1\0-100\tier1_v3_clips_0_100\-jDBwP6g2tA_clip0006_t00024.mp4,keep,2026-06-27 12:33:18
-jDBwP6g2tA_clip0007_t00037,E:\FPTU\PRJ\VN-AV-DF-Capstone\data\01_collect\cut_clips\tier1\0-100\tier1_v3_clips_0_100\-jDBwP6g2tA_clip0007_t00037.mp4,keep,2026-06-27 12:33:23
-jDBwP6g2tA_clip0008_t00041,E:\FPTU\PRJ\VN-AV-DF-Capstone\data\01_collect\cut_clips\tier1\0-100\tier1_v3_clips_0_100\-jDBwP6g2tA_clip0008_t00041.mp4,keep,2026-06-27 12:33:30
-jDBwP6g2tA_clip0009_t00045,E:\FPTU\PRJ\VN-AV-DF-Capstone\data\01_collect\cut_clips\tier1\0-100\tier1_v3_clips_0_100\-jDBwP6g2tA_clip0009_t00045.mp4,keep,2026-06-27 12:33:35
-jDBwP6g2tA_clip0010_t00049,E:\FPTU\PRJ\VN-AV-DF-Capstone\data\01_collect\cut_clips\tier1\0-100\tier1_v3_clips_0_100\-jDBwP6g2tA_clip0010_t00049.mp4,keep,2026-06-27 12:33:42
-jDBwP6g2tA_clip0011_t00053,E:\FPTU\PRJ\VN-AV-DF-Capstone\data\01_collect\cut_clips\tier1\0-100\tier1_v3_clips_0_100\-jDBwP6g2tA_clip0011_t00053.mp4,keep,2026-06-27 12:33:49
-jDBwP6g2tA_clip0012_t00058,E:\FPTU\PRJ\VN-AV-DF-Capstone\data\01_collect\cut_clips\tier1\0-100\tier1_v3_clips_0_100\-jDBwP6g2tA_clip0012_t00058.mp4,keep,2026-06-27 12:33:55
-jDBwP6g2tA_clip0013_t00079,E:\FPTU\PRJ\VN-AV-DF-Capstone\data\01_collect\cut_clips\tier1\0-100\tier1_v3_clips_0_100\-jDBwP6g2tA_clip0013_t00079.mp4,keep,2026-06-27 12:33:59
-jDBwP6g2tA_clip0014_t00085,E:\FPTU\PRJ\VN-AV-DF-Capstone\data\01_collect\cut_clips\tier1\0-100\tier1_v3_clips_0_100\-jDBwP6g2tA_clip0014_t00085.mp4,keep,2026-06-27 12:34:01
-jDBwP6g2tA_clip0015_t00094,E:\FPTU\PRJ\VN-AV-DF-Capstone\data\01_collect\cut_clips\tier1\0-100\tier1_v3_clips_0_100\-jDBwP6g2tA_clip0015_t00094.mp4,keep,2026-06-27 12:34:04
-jDBwP6g2tA_clip0016_t00099,E:\FPTU\PRJ\VN-AV-DF-Capstone\data\01_collect\cut_clips\tier1\0-100\tier1_v3_clips_0_100\-jDBwP6g2tA_clip0016_t00099.mp4,keep,2026-06-27 12:34:09
-jDBwP6g2tA_clip0017_t00104,E:\FPTU\PRJ\VN-AV-DF-Capstone\data\01_collect\cut_clips\tier1\0-100\tier1_v3_clips_0_100\-jDBwP6g2tA_clip0017_t00104.mp4,keep,2026-06-27 12:34:21
-jDBwP6g2tA_clip0018_t00116,E:\FPTU\PRJ\VN-AV-DF-Capstone\data\01_collect\cut_clips\tier1\0-100\tier1_v3_clips_0_100\-jDBwP6g2tA_clip0018_t00116.mp4,keep,2026-06-27 12:34:39
-jDBwP6g2tA_clip0019_t00128,E:\FPTU\PRJ\VN-AV-DF-Capstone\data\01_collect\cut_clips\tier1\0-100\tier1_v3_clips_0_100\-jDBwP6g2tA_clip0019_t00128.mp4,keep,2026-06-27 12:34:44
-jDBwP6g2tA_clip0020_t00132,E:\FPTU\PRJ\VN-AV-DF-Capstone\data\01_collect\cut_clips\tier1\0-100\tier1_v3_clips_0_100\-jDBwP6g2tA_clip0020_t00132.mp4,keep,2026-06-27 12:34:50
-jDBwP6g2tA_clip0021_t00136,E:\FPTU\PRJ\VN-AV-DF-Capstone\data\01_collect\cut_clips\tier1\0-100\tier1_v3_clips_0_100\-jDBwP6g2tA_clip0021_t00136.mp4,keep,2026-06-27 12:34:58
-jDBwP6g2tA_clip0022_t00144,E:\FPTU\PRJ\VN-AV-DF-Capstone\data\01_collect\cut_clips\tier1\0-100\tier1_v3_clips_0_100\-jDBwP6g2tA_clip0022_t00144.mp4,keep,2026-06-27 12:35:04
-jDBwP6g2tA_clip0023_t00149,E:\FPTU\PRJ\VN-AV-DF-Capstone\data\01_collect\cut_clips\tier1\0-100\tier1_v3_clips_0_100\-jDBwP6g2tA_clip0023_t00149.mp4,keep,2026-06-27 12:35:08
-jDBwP6g2tA_clip0024_t00152,E:\FPTU\PRJ\VN-AV-DF-Capstone\data\01_collect\cut_clips\tier1\0-100\tier1_v3_clips_0_100\-jDBwP6g2tA_clip0024_t00152.mp4,keep,2026-06-27 12:35:19
-jDBwP6g2tA_clip0025_t00157,E:\FPTU\PRJ\VN-AV-DF-Capstone\data\01_collect\cut_clips\tier1\0-100\tier1_v3_clips_0_100\-jDBwP6g2tA_clip0025_t00157.mp4,keep,2026-06-27 12:35:25
-jDBwP6g2tA_clip0026_t00159,E:\FPTU\PRJ\VN-AV-DF-Capstone\data\01_collect\cut_clips\tier1\0-100\tier1_v3_clips_0_100\-jDBwP6g2tA_clip0026_t00159.mp4,keep,2026-06-27 12:35:33
-jDBwP6g2tA_clip0027_t00164,E:\FPTU\PRJ\VN-AV-DF-Capstone\data\01_collect\cut_clips\tier1\0-100\tier1_v3_clips_0_100\-jDBwP6g2tA_clip0027_t00164.mp4,keep,2026-06-27 12:35:45
-jDBwP6g2tA_clip0028_t00170,E:\FPTU\PRJ\VN-AV-DF-Capstone\data\01_collect\cut_clips\tier1\0-100\tier1_v3_clips_0_100\-jDBwP6g2tA_clip0028_t00170.mp4,keep,2026-06-27 12:35:51
-jDBwP6g2tA_clip0029_t00176,E:\FPTU\PRJ\VN-AV-DF-Capstone\data\01_collect\cut_clips\tier1\0-100\tier1_v3_clips_0_100\-jDBwP6g2tA_clip0029_t00176.mp4,keep,2026-06-27 12:36:01
-jDBwP6g2tA_clip0030_t00181,E:\FPTU\PRJ\VN-AV-DF-Capstone\data\01_collect\cut_clips\tier1\0-100\tier1_v3_clips_0_100\-jDBwP6g2tA_clip0030_t00181.mp4,keep,2026-06-27 12:36:08
-jDBwP6g2tA_clip0031_t00184,E:\FPTU\PRJ\VN-AV-DF-Capstone\data\01_collect\cut_clips\tier1\0-100\tier1_v3_clips_0_100\-jDBwP6g2tA_clip0031_t00184.mp4,keep,2026-06-27 12:36:18
-jDBwP6g2tA_clip0032_t00190,E:\FPTU\PRJ\VN-AV-DF-Capstone\data\01_collect\cut_clips\tier1\0-100\tier1_v3_clips_0_100\-jDBwP6g2tA_clip0032_t00190.mp4,keep,2026-06-27 12:36:24
-jDBwP6g2tA_clip0033_t00195,E:\FPTU\PRJ\VN-AV-DF-Capstone\data\01_collect\cut_clips\tier1\0-100\tier1_v3_clips_0_100\-jDBwP6g2tA_clip0033_t00195.mp4,keep,2026-06-27 12:36:31
-jDBwP6g2tA_clip0034_t00198,E:\FPTU\PRJ\VN-AV-DF-Capstone\data\01_collect\cut_clips\tier1\0-100\tier1_v3_clips_0_100\-jDBwP6g2tA_clip0034_t00198.mp4,keep,2026-06-27 12:36:40
-jDBwP6g2tA_clip0035_t00200,E:\FPTU\PRJ\VN-AV-DF-Capstone\data\01_collect\cut_clips\tier1\0-100\tier1_v3_clips_0_100\-jDBwP6g2tA_clip0035_t00200.mp4,keep,2026-06-27 12:36:47
-jDBwP6g2tA_clip0036_t00209,E:\FPTU\PRJ\VN-AV-DF-Capstone\data\01_collect\cut_clips\tier1\0-100\tier1_v3_clips_0_100\-jDBwP6g2tA_clip0036_t00209.mp4,keep,2026-06-27 12:36:56
-jDBwP6g2tA_clip0037_t00215,E:\FPTU\PRJ\VN-AV-DF-Capstone\data\01_collect\cut_clips\tier1\0-100\tier1_v3_clips_0_100\-jDBwP6g2tA_clip0037_t00215.mp4,keep,2026-06-27 12:37:03
-jDBwP6g2tA_clip0038_t00218,E:\FPTU\PRJ\VN-AV-DF-Capstone\data\01_collect\cut_clips\tier1\0-100\tier1_v3_clips_0_100\-jDBwP6g2tA_clip0038_t00218.mp4,keep,2026-06-27 12:37:09
-jDBwP6g2tA_clip0039_t00223,E:\FPTU\PRJ\VN-AV-DF-Capstone\data\01_collect\cut_clips\tier1\0-100\tier1_v3_clips_0_100\-jDBwP6g2tA_clip0039_t00223.mp4,keep,2026-06-27 12:37:25
-jDBwP6g2tA_clip0040_t00233,E:\FPTU\PRJ\VN-AV-DF-Capstone\data\01_collect\cut_clips\tier1\0-100\tier1_v3_clips_0_100\-jDBwP6g2tA_clip0040_t00233.mp4,keep,2026-06-27 12:37:36
-jDBwP6g2tA_clip0041_t00238,E:\FPTU\PRJ\VN-AV-DF-Capstone\data\01_collect\cut_clips\tier1\0-100\tier1_v3_clips_0_100\-jDBwP6g2tA_clip0041_t00238.mp4,keep,2026-06-27 12:37:46
-jDBwP6g2tA_clip0042_t00243,E:\FPTU\PRJ\VN-AV-DF-Capstone\data\01_collect\cut_clips\tier1\0-100\tier1_v3_clips_0_100\-jDBwP6g2tA_clip0042_t00243.mp4,keep,2026-06-27 12:37:55
-jDBwP6g2tA_clip0043_t00246,E:\FPTU\PRJ\VN-AV-DF-Capstone\data\01_collect\cut_clips\tier1\0-100\tier1_v3_clips_0_100\-jDBwP6g2tA_clip0043_t00246.mp4,keep,2026-06-27 12:38:01
-jDBwP6g2tA_clip0044_t00252,E:\FPTU\PRJ\VN-AV-DF-Capstone\data\01_collect\cut_clips\tier1\0-100\tier1_v3_clips_0_100\-jDBwP6g2tA_clip0044_t00252.mp4,keep,2026-06-27 12:38:05
-jDBwP6g2tA_clip0045_t00261,E:\FPTU\PRJ\VN-AV-DF-Capstone\data\01_collect\cut_clips\tier1\0-100\tier1_v3_clips_0_100\-jDBwP6g2tA_clip0045_t00261.mp4,keep,2026-06-27 12:38:32
-jDBwP6g2tA_clip0046_t00269,E:\FPTU\PRJ\VN-AV-DF-Capstone\data\01_collect\cut_clips\tier1\0-100\tier1_v3_clips_0_100\-jDBwP6g2tA_clip0046_t00269.mp4,keep,2026-06-27 12:38:36
