video,start,end,reason
-PMVQo--JXE,0.322,4.222,ffmpeg_cut_failed
-PMVQo--JXE,4.642,5.47,segment_too_short
-PMVQo--JXE,5.634,7.614,segment_too_short
-PMVQo--JXE,7.81,9.95,ffmpeg_cut_failed
-PMVQo--JXE,10.146,12.638,ffmpeg_cut_failed
-PMVQo--JXE,12.77,14.366,segment_too_short
-PMVQo--JXE,14.754,15.262,segment_too_short
-PMVQo--JXE,15.426,16.51,segment_too_short
-PMVQo--JXE,16.61,19.198,ffmpeg_cut_failed
-PMVQo--JXE,21.154,25.502,scene_cut_detected
-PMVQo--JXE,25.73,28.478,ffmpeg_cut_failed
-PMVQo--JXE,29.25,34.27,face_density_low
-PMVQo--JXE,34.818,36.222,segment_too_short
-PMVQo--JXE,36.322,39.134,face_density_low
-PMVQo--JXE,39.906,46.43,scene_cut_detected
-PMVQo--JXE,46.594,48.254,segment_too_short
-PMVQo--JXE,48.482,52.51,face_density_low
-PMVQo--JXE,52.77,56.894,ffmpeg_cut_failed
-PMVQo--JXE,57.154,58.654,segment_too_short
-PMVQo--JXE,59.074,60.958,segment_too_short
-PMVQo--JXE,61.09,61.502,segment_too_short
-PMVQo--JXE,61.698,62.526,segment_too_short
-PMVQo--JXE,62.946,66.078,ffmpeg_cut_failed
-PMVQo--JXE,67.682,71.934,scene_cut_detected
-PMVQo--JXE,72.226,76.99,scene_cut_detected
-PMVQo--JXE,77.25,80.35,scene_cut_detected
-PMVQo--JXE,81.058,90.43,scene_cut_detected
-PMVQo--JXE,92.034,96.286,ffmpeg_cut_failed
-PMVQo--JXE,96.386,98.846,ffmpeg_cut_failed
-PMVQo--JXE,98.978,102.59,ffmpeg_cut_failed
-PMVQo--JXE,103.074,108.074,face_density_low
-PMVQo--JXE,107.074,112.074,face_density_low
-PMVQo--JXE,111.074,116.074,face_density_low
-PMVQo--JXE,115.074,118.334,face_density_low
-PMVQo--JXE,118.882,123.882,scene_cut_detected
-PMVQo--JXE,122.882,127.882,scene_cut_detected
-PMVQo--JXE,126.882,131.882,scene_cut_detected
-PMVQo--JXE,134.85,139.646,ffmpeg_cut_failed
-PMVQo--JXE,139.746,143.006,ffmpeg_cut_failed
-PMVQo--JXE,143.138,144.062,segment_too_short
-PMVQo--JXE,144.162,144.958,segment_too_short
-PMVQo--JXE,145.09,146.206,segment_too_short
-PMVQo--JXE,146.306,148.094,segment_too_short
-PMVQo--JXE,148.194,150.398,ffmpeg_cut_failed
-PMVQo--JXE,151.042,159.358,ffmpeg_cut_failed
-PMVQo--JXE,159.586,165.342,face_density_low
-PMVQo--JXE,165.538,167.23,segment_too_short
-PMVQo--JXE,167.586,172.542,scene_cut_detected
-PMVQo--JXE,172.77,177.822,scene_cut_detected
-PMVQo--JXE,178.05,183.646,ffmpeg_cut_failed
-PMVQo--JXE,183.778,188.734,ffmpeg_cut_failed
-PMVQo--JXE,196.002,196.862,segment_too_short
-PMVQo--JXE,196.994,201.63,ffmpeg_cut_failed
-PMVQo--JXE,201.73,203.262,segment_too_short
-PMVQo--JXE,203.362,204.574,segment_too_short
-PMVQo--JXE,204.738,207.134,ffmpeg_cut_failed
-PMVQo--JXE,208.066,211.454,scene_cut_detected
-PMVQo--JXE,211.618,216.734,scene_cut_detected
-PMVQo--JXE,216.93,219.838,scene_cut_detected
-PMVQo--JXE,220.354,225.118,scene_cut_detected
-PMVQo--JXE,225.218,229.534,ffmpeg_cut_failed
-PMVQo--JXE,229.954,237.982,scene_cut_detected
-PMVQo--JXE,238.338,241.022,ffmpeg_cut_failed
-PMVQo--JXE,241.154,244.446,scene_cut_detected
-PMVQo--JXE,244.674,246.366,segment_too_short
-PMVQo--JXE,246.658,256.446,ffmpeg_cut_failed
-PMVQo--JXE,257.442,260.35,ffmpeg_cut_failed
-PMVQo--JXE,260.482,262.622,ffmpeg_cut_failed
-PMVQo--JXE,262.914,265.374,ffmpeg_cut_failed
-PMVQo--JXE,265.474,267.166,segment_too_short
-PMVQo--JXE,267.298,268.382,segment_too_short
-PMVQo--JXE,268.642,273.278,ffmpeg_cut_failed
-PMVQo--JXE,275.01,280.958,ffmpeg_cut_failed
-PMVQo--JXE,281.218,287.742,scene_cut_detected
-PMVQo--JXE,288.098,291.422,scene_cut_detected
-PMVQo--JXE,291.714,297.278,scene_cut_detected
-PMVQo--JXE,297.41,302.334,scene_cut_detected
-PMVQo--JXE,303.522,308.542,ffmpeg_cut_failed
-PMVQo--JXE,308.994,309.822,segment_too_short
-PMVQo--JXE,310.05,310.91,segment_too_short
-PMVQo--JXE,311.138,313.086,segment_too_short
-PMVQo--JXE,313.346,318.462,ffmpeg_cut_failed
-PMVQo--JXE,318.69,323.806,scene_cut_detected
-PMVQo--JXE,324.162,329.246,ffmpeg_cut_failed
-PMVQo--JXE,329.538,330.878,segment_too_short
-PMVQo--JXE,331.01,333.246,ffmpeg_cut_failed
-PMVQo--JXE,333.89,338.89,scene_cut_detected
-PMVQo--JXE,337.89,342.89,ffmpeg_cut_failed
-PMVQo--JXE,341.89,346.89,scene_cut_detected
-PMVQo--JXE,345.89,349.374,scene_cut_detected
-PMVQo--JXE,349.506,352.318,ffmpeg_cut_failed
-PMVQo--JXE,352.482,354.974,face_density_low
-PMVQo--JXE,355.938,359.582,ffmpeg_cut_failed
-PMVQo--JXE,359.714,363.102,ffmpeg_cut_failed
-PMVQo--JXE,363.234,366.558,ffmpeg_cut_failed
-PMVQo--JXE,366.818,372.606,ffmpeg_cut_failed
-PMVQo--JXE,374.05,379.838,scene_cut_detected
-PMVQo--JXE,380.226,389.63,scene_cut_detected
-PMVQo--JXE,389.826,393.758,scene_cut_detected
-PMVQo--JXE,394.21,397.95,face_density_low
-PMVQo--JXE,398.21,407.198,scene_cut_detected
-PMVQo--JXE,408.002,409.534,segment_too_short
-PMVQo--JXE,409.89,412.318,ffmpeg_cut_failed
-PMVQo--JXE,412.546,414.846,ffmpeg_cut_failed
-PMVQo--JXE,415.202,416.766,segment_too_short
-PMVQo--JXE,417.058,418.75,segment_too_short
-PMVQo--JXE,419.074,421.566,ffmpeg_cut_failed
-PMVQo--JXE,421.986,426.686,ffmpeg_cut_failed
-PMVQo--JXE,426.85,428.19,segment_too_short
-PMVQo--JXE,428.354,428.862,segment_too_short
-PMVQo--JXE,429.186,431.198,ffmpeg_cut_failed
-PMVQo--JXE,432.194,437.194,scene_cut_detected
-PMVQo--JXE,436.194,441.194,scene_cut_detected
-PMVQo--JXE,440.194,445.194,scene_cut_detected
-PMVQo--JXE,444.194,448.702,ffmpeg_cut_failed
-PMVQo--JXE,448.834,450.782,segment_too_short
-PMVQo--JXE,451.042,458.142,scene_cut_detected
-PMVQo--JXE,458.274,458.942,segment_too_short
-PMVQo--JXE,460.578,463.646,ffmpeg_cut_failed
-PMVQo--JXE,463.746,469.694,ffmpeg_cut_failed
-PMVQo--JXE,469.794,473.022,ffmpeg_cut_failed
-PMVQo--JXE,474.338,475.742,segment_too_short
-PMVQo--JXE,475.906,477.214,segment_too_short
-PMVQo--JXE,477.538,481.598,scene_cut_detected
-PMVQo--JXE,481.698,485.246,scene_cut_detected
-PMVQo--JXE,485.57,487.454,segment_too_short
-PMVQo--JXE,487.554,490.398,scene_cut_detected
-PMVQo--JXE,490.658,492.99,ffmpeg_cut_failed
-PMVQo--JXE,493.154,494.59,segment_too_short
-PMVQo--JXE,494.69,496.094,segment_too_short
-PMVQo--JXE,496.45,496.99,segment_too_short
-PMVQo--JXE,497.122,502.846,face_density_low
-PMVQo--JXE,504.642,509.182,ffmpeg_cut_failed
-PMVQo--JXE,509.282,511.262,segment_too_short
-PMVQo--JXE,511.426,513.438,ffmpeg_cut_failed
-PMVQo--JXE,513.698,518.686,ffmpeg_cut_failed
-PMVQo--JXE,518.85,521.566,ffmpeg_cut_failed
-PMVQo--JXE,521.666,525.822,ffmpeg_cut_failed
-PMVQo--JXE,527.01,530.014,ffmpeg_cut_failed
-PMVQo--JXE,530.242,531.55,segment_too_short
-PMVQo--JXE,531.682,536.606,ffmpeg_cut_failed
-PMVQo--JXE,536.93,544.254,scene_cut_detected
-PMVQo--JXE,544.418,545.598,segment_too_short
-PMVQo--JXE,545.73,547.294,segment_too_short
-PMVQo--JXE,548.386,553.47,ffmpeg_cut_failed
-PMVQo--JXE,553.634,557.15,ffmpeg_cut_failed
-PMVQo--JXE,557.378,563.006,scene_cut_detected
-PMVQo--JXE,563.298,565.406,ffmpeg_cut_failed
-PMVQo--JXE,565.506,567.966,ffmpeg_cut_failed
-PMVQo--JXE,568.098,570.654,ffmpeg_cut_failed
-PMVQo--JXE,570.786,572.478,segment_too_short
-PMVQo--JXE,572.61,573.502,segment_too_short
-PMVQo--JXE,573.666,576.638,scene_cut_detected
-PMVQo--JXE,576.738,579.422,scene_cut_detected
-PMVQo--JXE,579.714,582.11,face_density_low
-PMVQo--JXE,582.242,584.03,segment_too_short
-PMVQo--JXE,585.986,589.278,ffmpeg_cut_failed
-PMVQo--JXE,589.41,591.262,segment_too_short
0v7Qt6dyGdY,,,video_decode_failed
3rpSKwNLpVA,,,video_decode_failed
-H3EY9_rfHQ,1.122,6.526,ffmpeg_cut_failed
-H3EY9_rfHQ,8.61,9.278,segment_too_short
-H3EY9_rfHQ,9.602,14.878,face_density_low
-H3EY9_rfHQ,16.93,19.838,face_density_low
-H3EY9_rfHQ,21.474,22.398,segment_too_short
-H3EY9_rfHQ,22.562,26.814,ffmpeg_cut_failed
-H3EY9_rfHQ,36.994,45.342,ffmpeg_cut_failed
-H3EY9_rfHQ,45.442,46.814,segment_too_short
-H3EY9_rfHQ,48.098,53.098,ffmpeg_cut_failed
-H3EY9_rfHQ,52.098,57.098,ffmpeg_cut_failed
-H3EY9_rfHQ,56.098,61.098,face_density_low
-H3EY9_rfHQ,60.098,62.654,face_density_low
-H3EY9_rfHQ,62.85,68.446,face_density_low
-H3EY9_rfHQ,68.994,75.902,face_density_low
-H3EY9_rfHQ,76.162,83.358,scene_cut_detected
-H3EY9_rfHQ,83.586,84.862,segment_too_short
-H3EY9_rfHQ,84.962,95.07,scene_cut_detected
-H3EY9_rfHQ,95.234,97.182,segment_too_short
-H3EY9_rfHQ,97.538,100.446,ffmpeg_cut_failed
-H3EY9_rfHQ,100.898,105.898,face_density_low
-H3EY9_rfHQ,104.898,109.898,face_density_low
-H3EY9_rfHQ,108.898,113.898,face_density_low
-H3EY9_rfHQ,112.898,117.898,scene_cut_detected
-H3EY9_rfHQ,119.362,120.766,segment_too_short
-H3EY9_rfHQ,120.898,126.238,scene_cut_detected
-H3EY9_rfHQ,126.402,132.062,face_density_low
-H3EY9_rfHQ,133.538,137.342,face_density_low
-H3EY9_rfHQ,137.602,139.134,segment_too_short
-H3EY9_rfHQ,139.234,145.214,scene_cut_detected
-H3EY9_rfHQ,145.41,148.83,ffmpeg_cut_failed
-H3EY9_rfHQ,148.93,150.782,segment_too_short
-H3EY9_rfHQ,150.946,152.83,segment_too_short
-H3EY9_rfHQ,153.058,155.71,ffmpeg_cut_failed
-H3EY9_rfHQ,156.226,157.726,segment_too_short
-H3EY9_rfHQ,157.954,163.07,ffmpeg_cut_failed
-H3EY9_rfHQ,163.554,166.366,face_density_low
-H3EY9_rfHQ,166.53,169.342,face_density_low
-H3EY9_rfHQ,169.506,172.062,ffmpeg_cut_failed
-H3EY9_rfHQ,172.482,175.87,scene_cut_detected
-H3EY9_rfHQ,176.098,182.078,face_density_low
-H3EY9_rfHQ,182.434,188.958,scene_cut_detected
-H3EY9_rfHQ,189.442,194.654,scene_cut_detected
-H3EY9_rfHQ,194.882,196.83,segment_too_short
-H3EY9_rfHQ,196.962,198.622,segment_too_short
-H3EY9_rfHQ,199.01,206.718,scene_cut_detected
-H3EY9_rfHQ,207.138,208.446,segment_too_short
-H3EY9_rfHQ,208.578,211.55,face_density_low
-H3EY9_rfHQ,211.714,215.966,scene_cut_detected
-H3EY9_rfHQ,216.258,226.974,face_density_low
-H3EY9_rfHQ,227.106,233.118,ffmpeg_cut_failed
-H3EY9_rfHQ,233.282,242.942,scene_cut_detected
-H3EY9_rfHQ,243.202,244.67,segment_too_short
-H3EY9_rfHQ,245.122,251.966,scene_cut_detected
-H3EY9_rfHQ,252.386,263.39,scene_cut_detected
-H3EY9_rfHQ,263.554,264.094,segment_too_short
-H3EY9_rfHQ,264.258,266.462,ffmpeg_cut_failed
-H3EY9_rfHQ,266.946,270.046,face_density_low
-H3EY9_rfHQ,270.242,273.502,face_density_low
-H3EY9_rfHQ,273.666,274.622,segment_too_short
-H3EY9_rfHQ,274.882,283.55,scene_cut_detected
-H3EY9_rfHQ,284.322,292.542,face_density_low
-H3EY9_rfHQ,292.706,294.43,segment_too_short
-H3EY9_rfHQ,294.85,296.638,segment_too_short
-H3EY9_rfHQ,296.962,305.726,face_density_low
-H3EY9_rfHQ,305.922,309.63,ffmpeg_cut_failed
-H3EY9_rfHQ,309.89,311.358,segment_too_short
-H3EY9_rfHQ,311.778,312.478,segment_too_short
-H3EY9_rfHQ,312.802,321.95,scene_cut_detected
-H3EY9_rfHQ,322.274,327.274,scene_cut_detected
-H3EY9_rfHQ,326.274,331.274,face_density_low
-H3EY9_rfHQ,330.274,335.274,face_density_low
-H3EY9_rfHQ,337.218,338.942,segment_too_short
-H3EY9_rfHQ,339.17,344.17,face_density_low
-H3EY9_rfHQ,343.17,348.17,face_density_low
-H3EY9_rfHQ,347.17,352.17,scene_cut_detected
-H3EY9_rfHQ,351.17,355.582,face_density_low
-H3EY9_rfHQ,356.418,365.086,scene_cut_detected
-H3EY9_rfHQ,365.25,367.102,segment_too_short
-H3EY9_rfHQ,367.202,370.366,scene_cut_detected
-H3EY9_rfHQ,370.722,373.182,face_density_low
-H3EY9_rfHQ,373.794,378.206,face_density_low
-H3EY9_rfHQ,378.466,382.878,scene_cut_detected
-H3EY9_rfHQ,383.01,390.206,ffmpeg_cut_failed
-H3EY9_rfHQ,390.306,393.79,face_density_low
-H3EY9_rfHQ,394.37,398.014,face_density_low
-H3EY9_rfHQ,398.434,404.03,scene_cut_detected
-H3EY9_rfHQ,404.226,406.654,face_density_low
-H3EY9_rfHQ,406.882,411.882,face_density_low
-H3EY9_rfHQ,410.882,415.882,scene_cut_detected
-H3EY9_rfHQ,414.882,419.882,face_density_low
-H3EY9_rfHQ,418.882,421.662,face_density_low
-H3EY9_rfHQ,423.394,429.214,face_density_low
-H3EY9_rfHQ,429.538,439.422,scene_cut_detected
-H3EY9_rfHQ,440.034,446.622,scene_cut_detected
-H3EY9_rfHQ,446.882,448.478,segment_too_short
-H3EY9_rfHQ,448.578,452.766,face_density_low
-H3EY9_rfHQ,452.898,454.878,segment_too_short
-H3EY9_rfHQ,455.042,456.35,segment_too_short
-H3EY9_rfHQ,456.61,457.534,segment_too_short
-H3EY9_rfHQ,458.21,463.614,face_density_low
-H3EY9_rfHQ,463.906,468.926,face_density_low
-H3EY9_rfHQ,469.058,470.558,segment_too_short
-H3EY9_rfHQ,470.946,476.83,scene_cut_detected
-H3EY9_rfHQ,477.186,485.886,scene_cut_detected
-H3EY9_rfHQ,486.05,488.734,face_density_low
-H3EY9_rfHQ,488.898,492.702,face_density_low
-H3EY9_rfHQ,492.802,494.91,face_density_low
-H3EY9_rfHQ,495.202,497.886,face_density_low
-H3EY9_rfHQ,498.05,500.67,face_density_low
-H3EY9_rfHQ,500.866,504.702,scene_cut_detected
-H3EY9_rfHQ,504.866,506.942,face_density_low
-H3EY9_rfHQ,507.17,509.342,face_density_low
-H3EY9_rfHQ,509.442,511.614,face_density_low
-H3EY9_rfHQ,511.938,514.398,scene_cut_detected
-H3EY9_rfHQ,514.53,519.358,ffmpeg_cut_failed
-H3EY9_rfHQ,520.066,531.614,scene_cut_detected
-H3EY9_rfHQ,531.746,535.07,face_density_low
-H3EY9_rfHQ,535.17,536.638,segment_too_short
-H3EY9_rfHQ,536.738,537.438,segment_too_short
-H3EY9_rfHQ,537.794,549.566,scene_cut_detected
-H3EY9_rfHQ,549.698,559.39,scene_cut_detected
-H3EY9_rfHQ,559.65,565.374,scene_cut_detected
-H3EY9_rfHQ,565.474,572.254,face_density_low
-H3EY9_rfHQ,572.45,576.094,scene_cut_detected
-H3EY9_rfHQ,576.258,586.526,scene_cut_detected
-H3EY9_rfHQ,586.754,597.886,scene_cut_detected
-H3EY9_rfHQ,598.146,608.542,scene_cut_detected
-H3EY9_rfHQ,608.674,618.942,scene_cut_detected
-H3EY9_rfHQ,619.106,622.142,face_density_low
-H3EY9_rfHQ,622.37,627.326,scene_cut_detected
-H3EY9_rfHQ,627.49,631.038,face_density_low
-H3EY9_rfHQ,631.17,634.014,face_density_low
-H3EY9_rfHQ,634.178,641.054,scene_cut_detected
-H3EY9_rfHQ,641.314,645.886,face_density_low
-H3EY9_rfHQ,646.37,649.63,scene_cut_detected
-H3EY9_rfHQ,649.762,652.926,face_density_low
-H3EY9_rfHQ,653.058,656.126,face_density_low
-H3EY9_rfHQ,656.226,658.878,face_density_low
-H3EY9_rfHQ,658.978,661.438,face_density_low
-H3EY9_rfHQ,661.986,665.022,face_density_low
-H3EY9_rfHQ,665.122,671.71,scene_cut_detected
-H3EY9_rfHQ,672.354,677.354,face_density_low
-H3EY9_rfHQ,676.354,681.354,scene_cut_detected
-H3EY9_rfHQ,680.354,685.354,ffmpeg_cut_failed
-H3EY9_rfHQ,684.354,689.354,ffmpeg_cut_failed
-H3EY9_rfHQ,688.354,693.354,scene_cut_detected
-H3EY9_rfHQ,692.354,697.354,face_density_low
-H3EY9_rfHQ,698.658,708.19,scene_cut_detected
-H3EY9_rfHQ,708.354,710.334,segment_too_short
-H3EY9_rfHQ,710.498,718.686,scene_cut_detected
-H3EY9_rfHQ,720.834,722.142,segment_too_short
-H3EY9_rfHQ,722.242,727.102,ffmpeg_cut_failed
-H3EY9_rfHQ,727.298,733.758,scene_cut_detected
-H3EY9_rfHQ,734.466,740.094,face_density_low
-H3EY9_rfHQ,740.354,744.062,scene_cut_detected
-H3EY9_rfHQ,744.322,746.078,segment_too_short
-H3EY9_rfHQ,746.498,752.958,ffmpeg_cut_failed
-H3EY9_rfHQ,753.154,754.782,segment_too_short
-H3EY9_rfHQ,755.458,759.486,ffmpeg_cut_failed
-H3EY9_rfHQ,759.618,762.206,ffmpeg_cut_failed
-H3EY9_rfHQ,762.658,766.11,scene_cut_detected
-H3EY9_rfHQ,766.21,767.486,segment_too_short
-H3EY9_rfHQ,767.682,769.054,segment_too_short
-H3EY9_rfHQ,769.25,771.038,segment_too_short
-H3EY9_rfHQ,771.362,772.446,segment_too_short
-H3EY9_rfHQ,772.61,773.854,segment_too_short
-H3EY9_rfHQ,773.986,777.342,scene_cut_detected
-H3EY9_rfHQ,777.634,780.766,face_density_low
-H3EY9_rfHQ,780.962,782.174,segment_too_short
-H3EY9_rfHQ,782.37,783.646,segment_too_short
-H3EY9_rfHQ,783.874,786.142,face_density_low
-H3EY9_rfHQ,786.306,788.254,segment_too_short
-H3EY9_rfHQ,788.61,790.526,segment_too_short
-H3EY9_rfHQ,790.818,795.454,face_density_low
-H3EY9_rfHQ,796.034,804.478,scene_cut_detected
-H3EY9_rfHQ,804.898,805.438,segment_too_short
-H3EY9_rfHQ,805.57,811.486,scene_cut_detected
-H3EY9_rfHQ,811.65,812.926,segment_too_short
-H3EY9_rfHQ,813.026,816.414,face_density_low
-H3EY9_rfHQ,816.578,819.006,face_density_low
-H3EY9_rfHQ,819.17,822.462,face_density_low
-H3EY9_rfHQ,822.562,823.774,segment_too_short
-H3EY9_rfHQ,824.162,827.87,face_density_low
-H3EY9_rfHQ,828.034,829.726,segment_too_short
-H3EY9_rfHQ,829.922,832.222,scene_cut_detected
-H3EY9_rfHQ,832.354,834.142,segment_too_short
-H3EY9_rfHQ,834.306,836.766,face_density_low
-H3EY9_rfHQ,836.962,838.206,segment_too_short
-H3EY9_rfHQ,838.37,839.87,segment_too_short
-H3EY9_rfHQ,840.034,841.566,segment_too_short
-H3EY9_rfHQ,842.146,842.878,segment_too_short
-H3EY9_rfHQ,843.074,846.11,face_density_low
-H3EY9_rfHQ,846.274,849.118,face_density_low
-H3EY9_rfHQ,849.378,851.646,face_density_low
-H3EY9_rfHQ,851.874,853.118,segment_too_short
-H3EY9_rfHQ,853.218,855.102,segment_too_short
-H3EY9_rfHQ,855.33,856.19,segment_too_short
-H3EY9_rfHQ,856.29,857.598,segment_too_short
-H3EY9_rfHQ,857.858,862.334,face_density_low
-H3EY9_rfHQ,862.498,864.798,face_density_low
-H3EY9_rfHQ,865.154,871.646,face_density_low
-H3EY9_rfHQ,871.842,874.462,face_density_low
-H3EY9_rfHQ,874.946,876.062,segment_too_short
-H3EY9_rfHQ,876.162,877.374,segment_too_short
-H3EY9_rfHQ,877.474,881.63,face_density_low
-H3EY9_rfHQ,882.082,883.582,segment_too_short
-H3EY9_rfHQ,883.778,889.79,face_density_low
-H3EY9_rfHQ,890.114,897.214,scene_cut_detected
-H3EY9_rfHQ,897.314,899.134,segment_too_short
-H3EY9_rfHQ,899.426,902.11,face_density_low
-H3EY9_rfHQ,902.306,903.902,segment_too_short
-H3EY9_rfHQ,904.098,907.166,face_density_low
-H3EY9_rfHQ,907.906,918.974,face_density_low
-H3EY9_rfHQ,919.394,925.31,face_density_low
-H3EY9_rfHQ,925.442,927.806,face_density_low
3XkN_ssg4c4,,,video_decode_failed
3yj-QISqF-M,,,video_decode_failed
4yrIyomRcF4,,,video_decode_failed
52zbpS52T2Y,,,video_decode_failed
4z13dBp-tck,,,video_decode_failed
6fusoIGRrrw,,,video_decode_failed
53a0TbqVLRc,,,video_decode_failed
6ObGN_UX1w8,,,video_decode_failed
6U9oyH1yosA,,,video_decode_failed
776P-39LnXw,,,video_decode_failed
7MXgzx8jqKA,,,video_decode_failed
8S7asZpwEdk,,,video_decode_failed
8aXhhJkDi0k,,,video_decode_failed
9SJG1K5oL4U,,,video_decode_failed
0PsGwmgAI-k,16.45,19.838,scene_cut_detected
0PsGwmgAI-k,21.602,25.022,scene_cut_detected
0PsGwmgAI-k,26.402,30.366,scene_cut_detected
0PsGwmgAI-k,31.458,36.51,scene_cut_detected
0PsGwmgAI-k,47.426,49.278,segment_too_short
0PsGwmgAI-k,50.978,61.822,scene_cut_detected
0PsGwmgAI-k,61.954,64.894,scene_cut_detected
0PsGwmgAI-k,64.994,66.11,segment_too_short
0PsGwmgAI-k,66.21,68.414,scene_cut_detected
0PsGwmgAI-k,68.514,69.214,segment_too_short
0PsGwmgAI-k,69.666,78.174,scene_cut_detected
0PsGwmgAI-k,87.906,97.406,scene_cut_detected
0PsGwmgAI-k,97.602,103.646,scene_cut_detected
0PsGwmgAI-k,122.146,133.726,scene_cut_detected
0PsGwmgAI-k,144.962,149.962,scene_cut_detected
0PsGwmgAI-k,148.962,153.962,face_density_low
0PsGwmgAI-k,152.962,156.926,face_density_low
0PsGwmgAI-k,157.058,161.374,scene_cut_detected
0PsGwmgAI-k,171.618,174.75,face_density_low
0PsGwmgAI-k,175.202,176.99,segment_too_short
0PsGwmgAI-k,177.09,186.494,scene_cut_detected
0PsGwmgAI-k,189.73,195.454,scene_cut_detected
0PsGwmgAI-k,195.906,204.318,scene_cut_detected
0PsGwmgAI-k,204.61,213.022,scene_cut_detected
0PsGwmgAI-k,214.818,221.95,scene_cut_detected
0PsGwmgAI-k,222.178,228.67,scene_cut_detected
0PsGwmgAI-k,230.37,237.214,scene_cut_detected
0PsGwmgAI-k,238.018,239.038,segment_too_short
0PsGwmgAI-k,242.978,244.478,segment_too_short
0PsGwmgAI-k,250.37,255.37,scene_cut_detected
0PsGwmgAI-k,254.37,259.37,scene_cut_detected
0PsGwmgAI-k,258.37,263.37,scene_cut_detected
0PsGwmgAI-k,265.346,266.142,segment_too_short
0PsGwmgAI-k,266.274,270.846,scene_cut_detected
0PsGwmgAI-k,271.074,278.558,scene_cut_detected
0PsGwmgAI-k,278.818,281.278,scene_cut_detected
0PsGwmgAI-k,281.474,285.63,scene_cut_detected
0PsGwmgAI-k,301.826,303.102,segment_too_short
0PsGwmgAI-k,304.866,314.846,scene_cut_detected
0PsGwmgAI-k,315.01,317.278,face_density_low
0PsGwmgAI-k,317.378,320.478,scene_cut_detected
0PsGwmgAI-k,320.962,325.962,scene_cut_detected
0PsGwmgAI-k,324.962,329.962,scene_cut_detected
0PsGwmgAI-k,328.962,333.962,scene_cut_detected
0PsGwmgAI-k,332.962,337.962,face_density_low
0PsGwmgAI-k,339.266,343.294,scene_cut_detected
0PsGwmgAI-k,343.426,345.182,segment_too_short
0PsGwmgAI-k,345.282,347.198,segment_too_short
0PsGwmgAI-k,347.65,350.622,face_density_low
0PsGwmgAI-k,350.786,354.142,scene_cut_detected
0PsGwmgAI-k,354.338,356.062,segment_too_short
0PsGwmgAI-k,356.354,361.31,scene_cut_detected
0PsGwmgAI-k,362.562,362.91,segment_too_short
0PsGwmgAI-k,363.33,364.542,segment_too_short
0PsGwmgAI-k,365.794,370.078,face_density_low
0PsGwmgAI-k,373.218,375.038,segment_too_short
0PsGwmgAI-k,375.138,377.598,scene_cut_detected
0PsGwmgAI-k,388.898,392.958,face_density_low
0PsGwmgAI-k,393.09,398.11,face_density_low
0PsGwmgAI-k,398.722,402.654,scene_cut_detected
0PsGwmgAI-k,402.85,408.83,scene_cut_detected
0PsGwmgAI-k,409.026,412.862,face_density_low
0PsGwmgAI-k,413.378,422.174,scene_cut_detected
0PsGwmgAI-k,422.306,425.214,face_density_low
0PsGwmgAI-k,436.706,444.254,face_density_low
0PsGwmgAI-k,470.274,476.606,scene_cut_detected
0PsGwmgAI-k,477.186,481.566,face_density_low
0PsGwmgAI-k,481.698,486.846,face_density_low
0PsGwmgAI-k,487.298,491.038,face_density_low
0PsGwmgAI-k,505.474,507.39,segment_too_short
0PsGwmgAI-k,509.538,512.158,face_density_low
0PsGwmgAI-k,512.29,518.942,face_density_low
0PsGwmgAI-k,519.138,520.894,segment_too_short
0PsGwmgAI-k,521.09,523.87,face_density_low
0PsGwmgAI-k,523.97,527.71,face_density_low
0PsGwmgAI-k,528.226,532.126,face_density_low
0PsGwmgAI-k,532.482,542.43,face_density_low
0PsGwmgAI-k,542.978,544.99,face_density_low
0PsGwmgAI-k,545.09,549.886,face_density_low
0PsGwmgAI-k,550.018,553.566,face_density_low
0PsGwmgAI-k,567.394,572.926,scene_cut_detected
0PsGwmgAI-k,573.122,578.782,face_density_low
0PsGwmgAI-k,579.234,590.238,face_density_low
0PsGwmgAI-k,590.658,596.51,face_density_low
0PsGwmgAI-k,597.09,599.806,scene_cut_detected
0PsGwmgAI-k,603.97,605.854,segment_too_short
0PsGwmgAI-k,606.21,611.902,scene_cut_detected
0PsGwmgAI-k,612.226,616.126,face_density_low
0PsGwmgAI-k,628.738,638.782,scene_cut_detected
0PsGwmgAI-k,639.266,643.582,scene_cut_detected
0PsGwmgAI-k,643.714,647.678,scene_cut_detected
0PsGwmgAI-k,648.002,651.806,face_density_low
0PsGwmgAI-k,652.354,654.558,face_density_low
0PsGwmgAI-k,654.754,657.63,face_density_low
0PsGwmgAI-k,658.082,662.078,scene_cut_detected
0PsGwmgAI-k,662.338,664.286,segment_too_short
0PsGwmgAI-k,666.402,667.614,segment_too_short
0PsGwmgAI-k,668.386,673.406,scene_cut_detected
0PsGwmgAI-k,676.322,679.87,face_density_low
0PsGwmgAI-k,708.514,713.514,scene_cut_detected
0PsGwmgAI-k,713.922,720.222,scene_cut_detected
0PsGwmgAI-k,720.674,726.846,scene_cut_detected
0PsGwmgAI-k,727.362,732.478,face_density_low
0PsGwmgAI-k,732.61,735.006,face_density_low
0PsGwmgAI-k,735.106,738.59,scene_cut_detected
0PsGwmgAI-k,760.834,765.834,face_density_low
0PsGwmgAI-k,764.834,769.834,face_density_low
0PsGwmgAI-k,768.834,773.834,scene_cut_detected
0PsGwmgAI-k,774.402,779.402,scene_cut_detected
0PsGwmgAI-k,778.402,783.402,face_density_low
0PsGwmgAI-k,782.402,787.402,scene_cut_detected
0PsGwmgAI-k,786.402,791.402,scene_cut_detected
0PsGwmgAI-k,790.402,794.014,face_density_low
0PsGwmgAI-k,794.114,797.566,scene_cut_detected
0PsGwmgAI-k,800.994,806.686,scene_cut_detected
0PsGwmgAI-k,806.818,811.518,face_density_low
0PsGwmgAI-k,813.602,821.182,scene_cut_detected
0PsGwmgAI-k,826.658,827.71,segment_too_short
0PsGwmgAI-k,830.626,832.67,scene_cut_detected
0PsGwmgAI-k,833.09,839.486,scene_cut_detected
0PsGwmgAI-k,839.746,840.958,segment_too_short
0PsGwmgAI-k,841.09,846.09,scene_cut_detected
0PsGwmgAI-k,845.09,850.09,scene_cut_detected
0PsGwmgAI-k,849.09,854.09,scene_cut_detected
0PsGwmgAI-k,853.09,858.09,scene_cut_detected
0PsGwmgAI-k,857.09,862.09,face_density_low
0PsGwmgAI-k,863.842,867.23,scene_cut_detected
0PsGwmgAI-k,867.33,870.27,scene_cut_detected
0PsGwmgAI-k,870.626,876.798,scene_cut_detected
0PsGwmgAI-k,892.802,894.27,segment_too_short
0PsGwmgAI-k,902.178,908.798,face_density_low
0PsGwmgAI-k,909.538,921.374,scene_cut_detected
0PsGwmgAI-k,921.57,929.822,scene_cut_detected
0PsGwmgAI-k,930.274,935.274,scene_cut_detected
0PsGwmgAI-k,934.274,939.274,scene_cut_detected
0PsGwmgAI-k,938.274,943.274,scene_cut_detected
0PsGwmgAI-k,943.778,948.19,scene_cut_detected
0PsGwmgAI-k,948.578,951.774,scene_cut_detected
0PsGwmgAI-k,952.066,957.406,scene_cut_detected
0PsGwmgAI-k,962.946,967.966,scene_cut_detected
0PsGwmgAI-k,977.538,979.87,face_density_low
0PsGwmgAI-k,980.002,985.022,face_density_low
0PsGwmgAI-k,985.282,988.062,scene_cut_detected
0PsGwmgAI-k,988.162,991.454,face_density_low
0PsGwmgAI-k,991.714,998.782,scene_cut_detected
0PsGwmgAI-k,999.298,1010.366,scene_cut_detected
0PsGwmgAI-k,1010.658,1019.998,scene_cut_detected
0PsGwmgAI-k,1020.162,1026.558,face_density_low
0PsGwmgAI-k,1026.978,1030.622,scene_cut_detected
0PsGwmgAI-k,1030.882,1033.982,face_density_low
0PsGwmgAI-k,1036.482,1041.482,scene_cut_detected
0PsGwmgAI-k,1044.482,1049.342,scene_cut_detected
0PsGwmgAI-k,1051.042,1057.47,face_density_low
0PsGwmgAI-k,1057.57,1059.23,segment_too_short
0PsGwmgAI-k,1071.874,1077.022,face_density_low
0PsGwmgAI-k,1077.122,1080.83,face_density_low
0PsGwmgAI-k,1081.186,1086.11,face_density_low
0PsGwmgAI-k,1086.274,1088.414,face_density_low
0PsGwmgAI-k,1097.378,1099.358,segment_too_short
0PsGwmgAI-k,1103.234,1114.398,face_density_low
0PsGwmgAI-k,1114.626,1117.63,face_density_low
0PsGwmgAI-k,1117.858,1127.134,scene_cut_detected
9rAqnPbXGiE,,,video_decode_failed
0rNleOYzisw,25.666,28.638,scene_cut_detected
0rNleOYzisw,36.162,39.774,scene_cut_detected
0rNleOYzisw,41.154,41.918,segment_too_short
0rNleOYzisw,42.018,44.318,face_density_low
0rNleOYzisw,52.802,54.526,segment_too_short
0rNleOYzisw,68.994,70.078,segment_too_short
0rNleOYzisw,70.274,71.614,segment_too_short
0rNleOYzisw,74.786,76.67,segment_too_short
0rNleOYzisw,77.058,79.134,scene_cut_detected
0rNleOYzisw,79.874,82.142,scene_cut_detected
0rNleOYzisw,82.562,87.838,scene_cut_detected
0rNleOYzisw,87.97,89.118,segment_too_short
0rNleOYzisw,89.602,90.078,segment_too_short
0rNleOYzisw,94.178,95.678,segment_too_short
0rNleOYzisw,95.874,97.118,segment_too_short
0rNleOYzisw,97.986,99.71,segment_too_short
0rNleOYzisw,100.898,102.078,segment_too_short
0rNleOYzisw,102.37,104.766,scene_cut_detected
0rNleOYzisw,104.898,108.318,scene_cut_detected
0rNleOYzisw,109.25,114.046,scene_cut_detected
0rNleOYzisw,118.37,119.262,segment_too_short
0rNleOYzisw,119.554,123.07,scene_cut_detected
0rNleOYzisw,123.202,125.566,face_density_low
0rNleOYzisw,125.922,128.798,scene_cut_detected
0rNleOYzisw,139.97,141.022,segment_too_short
0rNleOYzisw,146.242,147.006,segment_too_short
0rNleOYzisw,154.274,162.302,scene_cut_detected
0rNleOYzisw,162.562,165.79,scene_cut_detected
0rNleOYzisw,170.37,178.622,scene_cut_detected
0rNleOYzisw,185.026,190.026,scene_cut_detected
0rNleOYzisw,193.026,198.026,scene_cut_detected
0rNleOYzisw,215.458,223.07,scene_cut_detected
0rNleOYzisw,238.562,247.294,scene_cut_detected
0rNleOYzisw,253.794,257.598,scene_cut_detected
0rNleOYzisw,258.306,269.182,scene_cut_detected
0rNleOYzisw,269.73,271.454,segment_too_short
0rNleOYzisw,271.586,281.342,scene_cut_detected
0rNleOYzisw,286.882,290.814,scene_cut_detected
0rNleOYzisw,291.106,298.11,scene_cut_detected
0rNleOYzisw,301.41,307.902,scene_cut_detected
0rNleOYzisw,321.762,327.294,scene_cut_detected
0rNleOYzisw,328.194,331.678,face_density_low
0rNleOYzisw,332.226,334.558,face_density_low
0rNleOYzisw,334.658,337.886,scene_cut_detected
0rNleOYzisw,338.786,341.054,face_density_low
0rNleOYzisw,341.186,344.254,face_density_low
0rNleOYzisw,344.546,351.262,scene_cut_detected
0rNleOYzisw,351.714,356.446,scene_cut_detected
0rNleOYzisw,357.218,362.11,scene_cut_detected
0rNleOYzisw,362.434,364.126,segment_too_short
0rNleOYzisw,364.258,367.966,face_density_low
0rNleOYzisw,368.546,373.598,face_density_low
0rNleOYzisw,374.306,376.254,segment_too_short
0rNleOYzisw,376.354,380.99,face_density_low
0rNleOYzisw,384.29,385.854,segment_too_short
0rNleOYzisw,396.354,398.462,face_density_low
0rNleOYzisw,398.562,399.71,segment_too_short
0rNleOYzisw,427.97,428.638,segment_too_short
0rNleOYzisw,429.634,435.198,face_density_low
0rNleOYzisw,435.298,438.078,face_density_low
0rNleOYzisw,438.274,440.318,face_density_low
0rNleOYzisw,441.25,441.758,segment_too_short
0rNleOYzisw,441.986,446.11,scene_cut_detected
0rNleOYzisw,446.37,448.414,face_density_low
0rNleOYzisw,448.578,450.206,segment_too_short
0rNleOYzisw,451.33,451.806,segment_too_short
0rNleOYzisw,452.002,457.15,face_density_low
0rNleOYzisw,457.25,458.686,segment_too_short
0rNleOYzisw,459.906,464.318,face_density_low
0rNleOYzisw,464.514,469.118,scene_cut_detected
0rNleOYzisw,469.25,471.966,face_density_low
0rNleOYzisw,472.61,474.078,segment_too_short
0rNleOYzisw,474.21,478.27,scene_cut_detected
0rNleOYzisw,479.202,483.166,scene_cut_detected
0rNleOYzisw,483.298,485.086,segment_too_short
0rNleOYzisw,493.058,493.758,segment_too_short
0rNleOYzisw,496.738,497.438,segment_too_short
0rNleOYzisw,497.538,499.006,segment_too_short
0rNleOYzisw,501.954,513.182,scene_cut_detected
0rNleOYzisw,514.082,523.934,scene_cut_detected
0rNleOYzisw,531.042,532.286,segment_too_short
0rNleOYzisw,532.674,538.718,scene_cut_detected
0rNleOYzisw,538.978,539.774,segment_too_short
0rNleOYzisw,540.034,542.654,scene_cut_detected
0rNleOYzisw,542.754,544.222,segment_too_short
0rNleOYzisw,545.122,551.198,scene_cut_detected
0rNleOYzisw,551.394,558.622,scene_cut_detected
0rNleOYzisw,574.242,582.462,face_density_low
0rNleOYzisw,582.722,590.686,scene_cut_detected
0rNleOYzisw,590.946,596.126,face_density_low
0rNleOYzisw,596.226,599.678,face_density_low
0rNleOYzisw,599.97,606.014,scene_cut_detected
0rNleOYzisw,621.826,623.486,segment_too_short
0rNleOYzisw,628.322,633.374,face_density_low
0rNleOYzisw,638.242,638.846,segment_too_short
0rNleOYzisw,641.282,643.39,face_density_low
0rNleOYzisw,643.49,644.734,segment_too_short
0rNleOYzisw,645.762,649.566,scene_cut_detected
0rNleOYzisw,649.666,651.422,segment_too_short
0rNleOYzisw,651.554,653.726,face_density_low
0rNleOYzisw,653.826,655.006,segment_too_short
0rNleOYzisw,660.738,662.334,segment_too_short
0rNleOYzisw,670.562,675.71,face_density_low
0rNleOYzisw,675.81,677.79,segment_too_short
0rNleOYzisw,678.37,684.958,face_density_low
0rNleOYzisw,685.186,690.622,face_density_low
0rNleOYzisw,691.01,692.702,segment_too_short
0rNleOYzisw,693.122,696.958,scene_cut_detected
0rNleOYzisw,697.442,699.102,segment_too_short
0rNleOYzisw,699.202,700.862,segment_too_short
0rNleOYzisw,701.442,708.99,face_density_low
0rNleOYzisw,709.73,716.286,scene_cut_detected
0rNleOYzisw,716.514,719.934,scene_cut_detected
0rNleOYzisw,737.538,746.046,face_density_low
0rNleOYzisw,746.178,753.854,scene_cut_detected
0rNleOYzisw,758.722,766.782,scene_cut_detected
0rNleOYzisw,767.074,773.47,scene_cut_detected
0rNleOYzisw,777.506,785.374,scene_cut_detected
0rNleOYzisw,800.418,803.614,face_density_low
0rNleOYzisw,803.714,813.278,scene_cut_detected
0rNleOYzisw,818.818,825.086,scene_cut_detected
0rNleOYzisw,825.73,831.646,scene_cut_detected
0rNleOYzisw,832.258,835.774,scene_cut_detected
0rNleOYzisw,836.29,846.046,scene_cut_detected
0rNleOYzisw,848.834,850.206,segment_too_short
0rNleOYzisw,851.394,855.742,scene_cut_detected
0rNleOYzisw,858.914,862.174,scene_cut_detected
0rNleOYzisw,881.89,888.51,scene_cut_detected
0rNleOYzisw,888.802,899.102,scene_cut_detected
0rNleOYzisw,899.234,907.326,scene_cut_detected
0rNleOYzisw,908.098,915.55,scene_cut_detected
0rNleOYzisw,915.874,918.878,face_density_low
0rNleOYzisw,919.042,927.358,scene_cut_detected
0rNleOYzisw,927.586,931.646,face_density_low
0rNleOYzisw,932.002,936.414,scene_cut_detected
0rNleOYzisw,936.514,943.294,face_density_low
0rNleOYzisw,965.698,966.558,segment_too_short
0rNleOYzisw,972.738,978.334,scene_cut_detected
0rNleOYzisw,979.138,983.358,scene_cut_detected
0rNleOYzisw,988.514,993.534,scene_cut_detected
0rNleOYzisw,993.986,997.47,scene_cut_detected
0rNleOYzisw,997.634,999.71,face_density_low
0rNleOYzisw,1000.354,1004.734,scene_cut_detected
0rNleOYzisw,1005.666,1010.814,scene_cut_detected
0rNleOYzisw,1010.946,1015.07,face_density_low
0rNleOYzisw,1018.434,1027.294,scene_cut_detected
0rNleOYzisw,1034.978,1043.038,scene_cut_detected
0rNleOYzisw,1043.394,1049.598,face_density_low
0rNleOYzisw,1050.018,1060.606,scene_cut_detected
0rNleOYzisw,1061.09,1069.63,scene_cut_detected
0rNleOYzisw,1070.082,1075.134,face_density_low
0rNleOYzisw,1075.394,1086.046,face_density_low
0rNleOYzisw,1086.562,1091.582,face_density_low
0rNleOYzisw,1094.37,1099.37,scene_cut_detected
0rNleOYzisw,1132.322,1137.31,face_density_low
0rNleOYzisw,1137.442,1139.55,face_density_low
0rNleOYzisw,1157.73,1159.358,segment_too_short
AG-6WUGZcPA,,,video_decode_failed
AVigy3YWI6I,,,video_decode_failed
BIBGKbBteHY,,,video_decode_failed
C4u-8yJ97Zc,,,video_decode_failed
c7BNx09IkfE,,,video_decode_failed
AJ7t8LnesSA,5.154,6.142,segment_too_short
AJ7t8LnesSA,18.85,22.27,scene_cut_detected
AJ7t8LnesSA,22.37,23.806,segment_too_short
AJ7t8LnesSA,27.362,29.246,segment_too_short
AJ7t8LnesSA,29.378,34.878,face_density_low
AJ7t8LnesSA,35.01,41.79,scene_cut_detected
AJ7t8LnesSA,42.082,42.91,segment_too_short
AJ7t8LnesSA,43.01,44.254,segment_too_short
AJ7t8LnesSA,44.386,53.086,scene_cut_detected
AJ7t8LnesSA,53.378,63.582,scene_cut_detected
AJ7t8LnesSA,63.746,69.982,scene_cut_detected
AJ7t8LnesSA,83.234,86.59,scene_cut_detected
AJ7t8LnesSA,86.786,90.142,face_density_low
AJ7t8LnesSA,90.402,92.094,segment_too_short
AJ7t8LnesSA,92.258,93.662,segment_too_short
AJ7t8LnesSA,93.762,95.038,segment_too_short
AJ7t8LnesSA,95.138,98.494,scene_cut_detected
AJ7t8LnesSA,98.754,99.774,segment_too_short
AJ7t8LnesSA,99.906,101.63,segment_too_short
AJ7t8LnesSA,101.762,102.366,segment_too_short
AJ7t8LnesSA,102.466,105.374,scene_cut_detected
AJ7t8LnesSA,105.634,106.814,segment_too_short
AJ7t8LnesSA,106.914,111.742,scene_cut_detected
AJ7t8LnesSA,111.906,112.958,segment_too_short
AJ7t8LnesSA,113.058,114.11,segment_too_short
AJ7t8LnesSA,114.21,117.534,face_density_low
AJ7t8LnesSA,117.73,119.422,segment_too_short
AJ7t8LnesSA,119.65,121.726,face_density_low
AJ7t8LnesSA,121.826,124.766,scene_cut_detected
AJ7t8LnesSA,125.09,126.91,segment_too_short
AJ7t8LnesSA,127.01,130.334,scene_cut_detected
AJ7t8LnesSA,130.53,131.454,segment_too_short
AJ7t8LnesSA,131.618,133.022,segment_too_short
AJ7t8LnesSA,133.282,135.358,face_density_low
AJ7t8LnesSA,135.458,137.246,segment_too_short
AJ7t8LnesSA,137.442,140.03,face_density_low
AJ7t8LnesSA,140.29,141.662,segment_too_short
AJ7t8LnesSA,141.794,145.342,scene_cut_detected
AJ7t8LnesSA,145.538,147.39,segment_too_short
AJ7t8LnesSA,147.49,149.118,segment_too_short
AJ7t8LnesSA,149.218,152.99,scene_cut_detected
AJ7t8LnesSA,161.954,166.014,face_density_low
AJ7t8LnesSA,166.114,168.254,scene_cut_detected
AJ7t8LnesSA,168.354,169.886,segment_too_short
AJ7t8LnesSA,170.146,171.742,segment_too_short
AJ7t8LnesSA,171.906,176.318,face_density_low
AJ7t8LnesSA,176.642,177.214,segment_too_short
AJ7t8LnesSA,177.378,179.294,segment_too_short
AJ7t8LnesSA,179.426,181.15,segment_too_short
AJ7t8LnesSA,181.346,184.382,face_density_low
AJ7t8LnesSA,184.546,186.686,face_density_low
AJ7t8LnesSA,186.882,188.702,segment_too_short
AJ7t8LnesSA,188.802,190.814,scene_cut_detected
AJ7t8LnesSA,190.914,192.414,segment_too_short
AJ7t8LnesSA,192.546,193.342,segment_too_short
AJ7t8LnesSA,193.442,194.846,segment_too_short
AJ7t8LnesSA,194.946,197.854,scene_cut_detected
AJ7t8LnesSA,198.178,201.246,face_density_low
AJ7t8LnesSA,202.978,211.166,scene_cut_detected
AJ7t8LnesSA,232.354,235.998,scene_cut_detected
AJ7t8LnesSA,236.386,242.718,scene_cut_detected
AJ7t8LnesSA,243.17,249.406,face_density_low
AJ7t8LnesSA,249.762,252.862,scene_cut_detected
AJ7t8LnesSA,252.994,255.486,face_density_low
AJ7t8LnesSA,255.618,259.294,scene_cut_detected
AJ7t8LnesSA,274.562,282.75,scene_cut_detected
AJ7t8LnesSA,286.37,287.39,segment_too_short
AJ7t8LnesSA,287.49,288.574,segment_too_short
AJ7t8LnesSA,302.498,303.102,segment_too_short
AJ7t8LnesSA,303.298,305.214,segment_too_short
AJ7t8LnesSA,305.634,306.27,segment_too_short
AJ7t8LnesSA,318.37,324.798,scene_cut_detected
AJ7t8LnesSA,324.898,327.102,scene_cut_detected
AJ7t8LnesSA,327.394,331.262,scene_cut_detected
AJ7t8LnesSA,332.066,333.63,segment_too_short
AJ7t8LnesSA,333.73,337.406,scene_cut_detected
AJ7t8LnesSA,337.538,341.374,scene_cut_detected
AJ7t8LnesSA,341.922,346.91,scene_cut_detected
AJ7t8LnesSA,369.026,376.574,scene_cut_detected
AJ7t8LnesSA,376.866,380.286,scene_cut_detected
AJ7t8LnesSA,380.45,383.678,scene_cut_detected
AJ7t8LnesSA,384.194,390.398,scene_cut_detected
AJ7t8LnesSA,392.866,399.038,scene_cut_detected
AJ7t8LnesSA,399.426,403.326,scene_cut_detected
AJ7t8LnesSA,403.49,404.734,segment_too_short
AJ7t8LnesSA,404.866,409.866,scene_cut_detected
AJ7t8LnesSA,408.866,413.866,scene_cut_detected
AJ7t8LnesSA,412.866,417.866,scene_cut_detected
AJ7t8LnesSA,418.37,420.766,scene_cut_detected
AJ7t8LnesSA,435.042,442.75,scene_cut_detected
AJ7t8LnesSA,442.85,444.67,segment_too_short
AJ7t8LnesSA,444.834,449.278,scene_cut_detected
AJ7t8LnesSA,449.474,451.454,segment_too_short
AJ7t8LnesSA,451.938,458.462,scene_cut_detected
AJ7t8LnesSA,458.562,460.286,segment_too_short
AJ7t8LnesSA,460.674,463.518,face_density_low
AJ7t8LnesSA,465.09,466.046,segment_too_short
AJ7t8LnesSA,473.474,474.334,segment_too_short
AJ7t8LnesSA,477.73,481.246,scene_cut_detected
AJ7t8LnesSA,486.978,488.478,segment_too_short
AJ7t8LnesSA,488.642,490.014,segment_too_short
AJ7t8LnesSA,490.946,497.534,scene_cut_detected
AJ7t8LnesSA,497.73,499.102,segment_too_short
AJ7t8LnesSA,499.234,499.806,segment_too_short
AJ7t8LnesSA,499.906,501.726,segment_too_short
AJ7t8LnesSA,522.466,525.79,face_density_low
AJ7t8LnesSA,529.346,530.494,segment_too_short
AJ7t8LnesSA,530.594,533.726,face_density_low
AJ7t8LnesSA,534.018,535.518,segment_too_short
AJ7t8LnesSA,535.618,537.918,scene_cut_detected
AJ7t8LnesSA,538.914,540.478,segment_too_short
AJ7t8LnesSA,540.61,542.206,segment_too_short
AJ7t8LnesSA,549.602,550.686,segment_too_short
AJ7t8LnesSA,550.882,552.798,segment_too_short
AJ7t8LnesSA,553.314,555.902,face_density_low
AJ7t8LnesSA,556.002,564.702,scene_cut_detected
AJ7t8LnesSA,564.834,566.366,segment_too_short
AJ7t8LnesSA,566.466,568.382,segment_too_short
AJ7t8LnesSA,577.826,584.926,scene_cut_detected
AJ7t8LnesSA,585.026,585.79,segment_too_short
AJ7t8LnesSA,586.69,587.07,segment_too_short
cRgc2Ma0B8c,,,video_decode_failed
crJH7Etan0s,,,video_decode_failed
Cwd153VqnbI,,,video_decode_failed
dEN94T0XGR0,,,video_decode_failed
DICZJmg4feU,,,video_decode_failed
DFxOwY72IR0,,,video_decode_failed
Dl9Zr4dGF2M,,,video_decode_failed
E--4dxW9vL0,,,video_decode_failed
Eh_cHnsn3cw,,,video_decode_failed
EAPAzfG1Bb4,,,video_decode_failed
cVabKjWav-Y,34.562,39.562,scene_cut_detected
cVabKjWav-Y,40.13,52.03,scene_cut_detected
cVabKjWav-Y,56.258,61.258,scene_cut_detected
cVabKjWav-Y,60.258,65.086,scene_cut_detected
cVabKjWav-Y,65.282,71.518,scene_cut_detected
cVabKjWav-Y,71.618,81.118,scene_cut_detected
cVabKjWav-Y,81.282,88.03,scene_cut_detected
cVabKjWav-Y,88.162,88.702,segment_too_short
cVabKjWav-Y,102.306,107.306,scene_cut_detected
cVabKjWav-Y,106.306,111.306,scene_cut_detected
cVabKjWav-Y,119.458,124.458,scene_cut_detected
cVabKjWav-Y,123.458,128.458,scene_cut_detected
cVabKjWav-Y,127.458,132.458,scene_cut_detected
cVabKjWav-Y,131.458,136.458,scene_cut_detected
cVabKjWav-Y,137.058,143.838,scene_cut_detected
cVabKjWav-Y,161.73,166.73,face_density_low
cVabKjWav-Y,165.73,170.73,face_density_low
cVabKjWav-Y,173.73,178.73,scene_cut_detected
cVabKjWav-Y,179.234,182.558,scene_cut_detected
cVabKjWav-Y,213.25,216.702,scene_cut_detected
cVabKjWav-Y,216.834,219.486,face_density_low
cVabKjWav-Y,219.618,224.618,face_density_low
cVabKjWav-Y,223.618,228.618,face_density_low
cVabKjWav-Y,227.618,232.618,face_density_low
cVabKjWav-Y,233.954,236.894,scene_cut_detected
cVabKjWav-Y,240.13,241.182,segment_too_short
cVabKjWav-Y,241.378,243.006,segment_too_short
cVabKjWav-Y,243.682,244.894,segment_too_short
cVabKjWav-Y,248.482,252.67,scene_cut_detected
cVabKjWav-Y,252.866,254.686,segment_too_short
cVabKjWav-Y,255.81,257.214,segment_too_short
cVabKjWav-Y,257.314,259.262,segment_too_short
cVabKjWav-Y,259.362,260.734,segment_too_short
cVabKjWav-Y,260.962,262.302,segment_too_short
cVabKjWav-Y,262.434,263.838,segment_too_short
cVabKjWav-Y,263.97,268.97,scene_cut_detected
cVabKjWav-Y,271.97,276.97,scene_cut_detected
cVabKjWav-Y,275.97,280.97,scene_cut_detected
cVabKjWav-Y,281.57,288.702,scene_cut_detected
cVabKjWav-Y,289.698,291.838,scene_cut_detected
cVabKjWav-Y,304.706,311.646,scene_cut_detected
cVabKjWav-Y,315.458,316.83,segment_too_short
cVabKjWav-Y,317.058,317.598,segment_too_short
cVabKjWav-Y,317.954,318.654,segment_too_short
cVabKjWav-Y,327.81,332.81,face_density_low
cVabKjWav-Y,331.81,336.81,face_density_low
cVabKjWav-Y,335.81,340.81,scene_cut_detected
cVabKjWav-Y,339.81,344.81,scene_cut_detected
cVabKjWav-Y,362.178,367.178,scene_cut_detected
cVabKjWav-Y,366.178,370.43,scene_cut_detected
cVabKjWav-Y,370.562,381.054,scene_cut_detected
cVabKjWav-Y,381.378,389.79,scene_cut_detected
cVabKjWav-Y,391.97,403.454,scene_cut_detected
cVabKjWav-Y,404.898,409.898,scene_cut_detected
cVabKjWav-Y,408.898,413.898,face_density_low
cVabKjWav-Y,412.898,417.898,scene_cut_detected
cVabKjWav-Y,426.114,434.046,scene_cut_detected
cVabKjWav-Y,434.306,437.054,face_density_low
cVabKjWav-Y,437.282,441.534,scene_cut_detected
cVabKjWav-Y,444.61,445.662,segment_too_short
cVabKjWav-Y,467.074,472.074,scene_cut_detected
cVabKjWav-Y,471.074,476.074,scene_cut_detected
cVabKjWav-Y,477.73,480.03,face_density_low
cVabKjWav-Y,480.226,485.566,scene_cut_detected
cVabKjWav-Y,485.89,488.446,scene_cut_detected
cVabKjWav-Y,488.994,490.75,segment_too_short
cVabKjWav-Y,490.978,493.598,scene_cut_detected
cVabKjWav-Y,508.898,514.622,scene_cut_detected
cVabKjWav-Y,528.802,529.886,segment_too_short
cVabKjWav-Y,529.986,531.71,segment_too_short
cVabKjWav-Y,531.874,532.574,segment_too_short
cVabKjWav-Y,561.474,562.59,segment_too_short
cVabKjWav-Y,565.858,570.858,scene_cut_detected
cVabKjWav-Y,569.858,574.858,scene_cut_detected
cVabKjWav-Y,573.858,578.858,scene_cut_detected
cVabKjWav-Y,581.122,582.43,segment_too_short
cVabKjWav-Y,582.562,585.278,face_density_low
cVabKjWav-Y,592.162,602.206,scene_cut_detected
cVabKjWav-Y,602.466,603.838,segment_too_short
cVabKjWav-Y,604.002,604.99,segment_too_short
cVabKjWav-Y,605.346,616.286,scene_cut_detected
cVabKjWav-Y,616.482,617.278,segment_too_short
cVabKjWav-Y,617.378,625.374,scene_cut_detected
cVabKjWav-Y,640.322,640.862,segment_too_short
cVabKjWav-Y,641.314,651.422,scene_cut_detected
cVabKjWav-Y,651.65,654.43,scene_cut_detected
cVabKjWav-Y,654.53,658.142,face_density_low
cVabKjWav-Y,658.37,660.766,face_density_low
cVabKjWav-Y,660.994,665.726,scene_cut_detected
cVabKjWav-Y,668.738,670.558,segment_too_short
cVabKjWav-Y,670.786,673.342,face_density_low
cVabKjWav-Y,673.666,678.494,face_density_low
cVabKjWav-Y,703.426,710.27,scene_cut_detected
cVabKjWav-Y,710.754,715.55,scene_cut_detected
cVabKjWav-Y,715.65,718.046,scene_cut_detected
cVabKjWav-Y,718.37,722.526,scene_cut_detected
cVabKjWav-Y,722.882,732.574,scene_cut_detected
cVabKjWav-Y,741.218,743.102,segment_too_short
cVabKjWav-Y,746.402,747.71,segment_too_short
cVabKjWav-Y,747.81,748.51,segment_too_short
cVabKjWav-Y,748.738,750.654,segment_too_short
cVabKjWav-Y,759.938,761.758,segment_too_short
cVabKjWav-Y,763.33,764.03,segment_too_short
cVabKjWav-Y,798.882,800.638,segment_too_short
cVabKjWav-Y,800.77,802.11,segment_too_short
cVabKjWav-Y,804.674,806.462,segment_too_short
cVabKjWav-Y,821.826,826.174,scene_cut_detected
cVabKjWav-Y,826.338,829.214,face_density_low
cVabKjWav-Y,829.314,833.598,scene_cut_detected
cVabKjWav-Y,834.082,835.902,segment_too_short
cVabKjWav-Y,839.01,842.206,scene_cut_detected
cVabKjWav-Y,842.338,846.238,scene_cut_detected
cVabKjWav-Y,846.53,852.734,scene_cut_detected
cVabKjWav-Y,852.898,855.102,face_density_low
cVabKjWav-Y,856.002,857.246,segment_too_short
cVabKjWav-Y,857.378,859.102,segment_too_short
cVabKjWav-Y,859.874,862.142,face_density_low
cVabKjWav-Y,862.306,864.03,segment_too_short
EQk4UHhtyao,,,video_decode_failed
eWIdsUuw6Wg,,,video_decode_failed
GVqpmowl8bg,,,video_decode_failed
b9_oesdIz-M,0.322,1.15,segment_too_short
b9_oesdIz-M,1.378,5.79,scene_cut_detected
b9_oesdIz-M,16.546,20.574,face_density_low
b9_oesdIz-M,69.57,72.958,scene_cut_detected
b9_oesdIz-M,75.81,83.71,scene_cut_detected
b9_oesdIz-M,84.13,92.798,scene_cut_detected
b9_oesdIz-M,92.898,95.422,scene_cut_detected
b9_oesdIz-M,95.778,97.726,segment_too_short
b9_oesdIz-M,97.826,103.326,face_density_low
b9_oesdIz-M,106.562,113.95,scene_cut_detected
b9_oesdIz-M,142.562,144.382,segment_too_short
b9_oesdIz-M,219.138,222.686,face_density_low
b9_oesdIz-M,232.578,233.726,segment_too_short
b9_oesdIz-M,239.458,249.374,scene_cut_detected
b9_oesdIz-M,249.666,255.646,scene_cut_detected
b9_oesdIz-M,255.938,259.134,scene_cut_detected
b9_oesdIz-M,259.362,266.014,scene_cut_detected
b9_oesdIz-M,268.994,269.438,segment_too_short
b9_oesdIz-M,296.386,298.462,scene_cut_detected
b9_oesdIz-M,298.594,300.19,segment_too_short
b9_oesdIz-M,300.674,303.678,face_density_low
b9_oesdIz-M,303.938,305.374,segment_too_short
b9_oesdIz-M,305.474,307.742,face_density_low
b9_oesdIz-M,307.842,309.15,segment_too_short
b9_oesdIz-M,309.314,315.358,scene_cut_detected
b9_oesdIz-M,332.194,337.194,face_density_low
b9_oesdIz-M,336.194,341.194,face_density_low
b9_oesdIz-M,340.194,345.194,face_density_low
b9_oesdIz-M,344.194,349.086,scene_cut_detected
b9_oesdIz-M,361.922,366.11,scene_cut_detected
b9_oesdIz-M,366.53,375.678,face_density_low
b9_oesdIz-M,429.25,430.718,segment_too_short
b9_oesdIz-M,453.058,456.126,face_density_low
b9_oesdIz-M,456.45,460.478,face_density_low
b9_oesdIz-M,460.706,461.918,segment_too_short
b9_oesdIz-M,462.146,464.19,face_density_low
b9_oesdIz-M,464.482,471.902,face_density_low
b9_oesdIz-M,472.034,473.534,segment_too_short
b9_oesdIz-M,473.698,474.782,segment_too_short
b9_oesdIz-M,475.202,477.662,face_density_low
b9_oesdIz-M,477.762,478.814,segment_too_short
b9_oesdIz-M,478.914,480.958,face_density_low
b9_oesdIz-M,481.282,481.854,segment_too_short
b9_oesdIz-M,482.146,485.374,face_density_low
b9_oesdIz-M,485.602,495.934,face_density_low
b9_oesdIz-M,496.066,497.054,segment_too_short
b9_oesdIz-M,509.762,511.07,segment_too_short
b9_oesdIz-M,521.666,522.718,segment_too_short
b9_oesdIz-M,548.322,549.662,segment_too_short
b9_oesdIz-M,606.37,609.214,face_density_low
b9_oesdIz-M,609.314,612.766,scene_cut_detected
b9_oesdIz-M,612.93,616.702,face_density_low
b9_oesdIz-M,616.994,619.774,scene_cut_detected
b9_oesdIz-M,623.714,625.566,segment_too_short
b9_oesdIz-M,625.922,634.654,scene_cut_detected
b9_oesdIz-M,634.914,640.638,scene_cut_detected
b9_oesdIz-M,641.954,645.054,scene_cut_detected
b9_oesdIz-M,645.282,646.238,segment_too_short
b9_oesdIz-M,649.538,654.846,scene_cut_detected
b9_oesdIz-M,659.362,665.886,scene_cut_detected
b9_oesdIz-M,666.114,674.91,scene_cut_detected
b9_oesdIz-M,675.138,675.806,segment_too_short
b9_oesdIz-M,675.906,677.886,segment_too_short
b9_oesdIz-M,678.21,681.118,scene_cut_detected
b9_oesdIz-M,688.61,689.918,segment_too_short
b9_oesdIz-M,690.05,690.558,segment_too_short
b9_oesdIz-M,691.106,691.582,segment_too_short
b9_oesdIz-M,696.322,696.83,segment_too_short
b9_oesdIz-M,697.634,698.078,segment_too_short
b9_oesdIz-M,698.53,699.934,segment_too_short
b9_oesdIz-M,700.258,701.47,segment_too_short
b9_oesdIz-M,701.634,703.07,segment_too_short
b9_oesdIz-M,703.298,705.214,segment_too_short
b9_oesdIz-M,705.602,706.27,segment_too_short
b9_oesdIz-M,706.658,716.958,scene_cut_detected
b9_oesdIz-M,717.378,718.462,segment_too_short
b9_oesdIz-M,718.818,719.326,segment_too_short
b9_oesdIz-M,723.426,724.67,segment_too_short
b9_oesdIz-M,724.77,725.822,segment_too_short
b9_oesdIz-M,729.666,731.198,segment_too_short
b9_oesdIz-M,731.426,732.03,segment_too_short
b9_oesdIz-M,732.162,732.574,segment_too_short
b9_oesdIz-M,739.298,741.022,segment_too_short
b9_oesdIz-M,741.954,746.954,scene_cut_detected
b9_oesdIz-M,745.954,750.954,scene_cut_detected
b9_oesdIz-M,761.506,762.75,segment_too_short
b9_oesdIz-M,762.85,768.35,scene_cut_detected
b9_oesdIz-M,774.658,775.422,segment_too_short
b9_oesdIz-M,780.77,781.726,segment_too_short
b9_oesdIz-M,781.89,782.91,segment_too_short
b9_oesdIz-M,795.106,795.838,segment_too_short
b9_oesdIz-M,796.034,797.822,segment_too_short
b9_oesdIz-M,798.018,798.974,segment_too_short
b9_oesdIz-M,801.378,803.23,segment_too_short
b9_oesdIz-M,807.586,808.606,segment_too_short
b9_oesdIz-M,814.626,817.662,scene_cut_detected
b9_oesdIz-M,817.826,821.886,face_density_low
b9_oesdIz-M,826.498,829.822,face_density_low
b9_oesdIz-M,829.922,831.102,segment_too_short
b9_oesdIz-M,831.266,834.046,face_density_low
b9_oesdIz-M,834.178,838.558,face_density_low
b9_oesdIz-M,859.33,863.55,face_density_low
b9_oesdIz-M,863.714,870.494,face_density_low
b9_oesdIz-M,870.594,873.822,face_density_low
b9_oesdIz-M,874.21,881.822,face_density_low
b9_oesdIz-M,881.922,884.318,scene_cut_detected
b9_oesdIz-M,884.45,885.886,segment_too_short
b9_oesdIz-M,886.562,891.518,scene_cut_detected
H7ldlmhYH8Q,,,video_decode_failed
hKtZfCSqnKg,,,video_decode_failed
I9lBWevPyRU,,,video_decode_failed
ig4M5j_5fAc,,,video_decode_failed
IxgMK4U3HXA,,,video_decode_failed
iJhFZ5c54e0,,,video_decode_failed
iXhJfXM0a2c,,,video_decode_failed
jfoftIhK4bU,,,video_decode_failed
jKPka1_AAiQ,,,video_decode_failed
jqVfbBB7hXo,,,video_decode_failed
k6PKevdH3HM,,,video_decode_failed
KHDxLY-i7d8,,,video_decode_failed
kpS1jsxxXWQ,,,video_decode_failed
l6smXR8daKM,,,video_decode_failed
LHw2tpC_1iA,,,video_decode_failed
LUMI7mbUafc,,,video_decode_failed
M1NcVJ1i5Ks,,,video_decode_failed
I-uqcg6HtaQ,5.57,10.814,scene_cut_detected
I-uqcg6HtaQ,51.458,56.458,scene_cut_detected
I-uqcg6HtaQ,60.002,61.758,segment_too_short
I-uqcg6HtaQ,71.01,80.094,scene_cut_detected
I-uqcg6HtaQ,80.354,85.354,face_density_low
I-uqcg6HtaQ,84.354,89.354,face_density_low
I-uqcg6HtaQ,88.354,93.354,scene_cut_detected
I-uqcg6HtaQ,92.354,95.358,scene_cut_detected
I-uqcg6HtaQ,95.682,101.79,scene_cut_detected
I-uqcg6HtaQ,101.986,103.934,segment_too_short
I-uqcg6HtaQ,104.29,107.294,face_density_low
I-uqcg6HtaQ,107.426,115.614,scene_cut_detected
I-uqcg6HtaQ,135.586,141.886,scene_cut_detected
I-uqcg6HtaQ,174.338,176.094,segment_too_short
I-uqcg6HtaQ,217.858,222.858,scene_cut_detected
I-uqcg6HtaQ,221.858,226.858,face_density_low
I-uqcg6HtaQ,225.858,230.858,scene_cut_detected
I-uqcg6HtaQ,236.738,241.738,scene_cut_detected
I-uqcg6HtaQ,240.738,245.738,scene_cut_detected
I-uqcg6HtaQ,248.738,252.062,scene_cut_detected
I-uqcg6HtaQ,252.194,255.742,scene_cut_detected
I-uqcg6HtaQ,255.97,260.97,scene_cut_detected
I-uqcg6HtaQ,259.97,264.97,scene_cut_detected
I-uqcg6HtaQ,322.978,329.022,scene_cut_detected
I-uqcg6HtaQ,329.314,338.782,face_density_low
I-uqcg6HtaQ,338.914,340.67,segment_too_short
I-uqcg6HtaQ,341.058,343.934,face_density_low
I-uqcg6HtaQ,344.066,352.766,scene_cut_detected
I-uqcg6HtaQ,353.282,353.854,segment_too_short
I-uqcg6HtaQ,353.954,354.526,segment_too_short
I-uqcg6HtaQ,355.074,355.966,segment_too_short
I-uqcg6HtaQ,360.77,361.214,segment_too_short
I-uqcg6HtaQ,362.626,364.318,segment_too_short
I-uqcg6HtaQ,364.578,365.79,segment_too_short
I-uqcg6HtaQ,369.762,370.526,segment_too_short
I-uqcg6HtaQ,371.234,372.51,segment_too_short
I-uqcg6HtaQ,372.834,373.47,segment_too_short
I-uqcg6HtaQ,373.922,374.878,segment_too_short
I-uqcg6HtaQ,375.17,376.446,segment_too_short
I-uqcg6HtaQ,377.026,378.75,segment_too_short
I-uqcg6HtaQ,379.202,380.126,segment_too_short
I-uqcg6HtaQ,380.226,381.374,segment_too_short
I-uqcg6HtaQ,381.762,382.334,segment_too_short
I-uqcg6HtaQ,382.786,384.67,segment_too_short
I-uqcg6HtaQ,384.866,386.782,segment_too_short
I-uqcg6HtaQ,388.066,389.054,segment_too_short
I-uqcg6HtaQ,389.186,390.206,segment_too_short
I-uqcg6HtaQ,390.882,391.934,segment_too_short
I-uqcg6HtaQ,392.322,394.526,scene_cut_detected
I-uqcg6HtaQ,395.394,396.606,segment_too_short
I-uqcg6HtaQ,397.314,399.486,face_density_low
I-uqcg6HtaQ,399.586,400.574,segment_too_short
I-uqcg6HtaQ,400.994,404.126,scene_cut_detected
I-uqcg6HtaQ,411.362,413.214,segment_too_short
I-uqcg6HtaQ,414.498,423.646,face_density_low
I-uqcg6HtaQ,423.906,428.906,face_density_low
I-uqcg6HtaQ,427.906,432.906,scene_cut_detected
I-uqcg6HtaQ,437.282,446.014,scene_cut_detected
I-uqcg6HtaQ,452.386,453.95,segment_too_short
I-uqcg6HtaQ,462.274,463.838,segment_too_short
I-uqcg6HtaQ,464.418,465.79,segment_too_short
I-uqcg6HtaQ,466.338,468.062,segment_too_short
I-uqcg6HtaQ,468.514,468.99,segment_too_short
I-uqcg6HtaQ,469.25,470.75,segment_too_short
I-uqcg6HtaQ,475.586,476.094,segment_too_short
I-uqcg6HtaQ,476.322,477.47,segment_too_short
I-uqcg6HtaQ,477.954,478.782,segment_too_short
I-uqcg6HtaQ,479.074,479.614,segment_too_short
I-uqcg6HtaQ,480.066,481.79,segment_too_short
I-uqcg6HtaQ,485.442,486.462,segment_too_short
I-uqcg6HtaQ,486.978,488.286,segment_too_short
I-uqcg6HtaQ,494.146,494.814,segment_too_short
I-uqcg6HtaQ,497.57,498.398,segment_too_short
I-uqcg6HtaQ,504.514,505.598,segment_too_short
I-uqcg6HtaQ,507.554,512.554,scene_cut_detected
I-uqcg6HtaQ,515.554,520.554,scene_cut_detected
I-uqcg6HtaQ,519.554,523.806,scene_cut_detected
I-uqcg6HtaQ,528.706,533.706,scene_cut_detected
I-uqcg6HtaQ,532.706,537.706,scene_cut_detected
I-uqcg6HtaQ,536.706,541.706,scene_cut_detected
I-uqcg6HtaQ,555.202,560.202,scene_cut_detected
I-uqcg6HtaQ,559.202,564.202,face_density_low
I-uqcg6HtaQ,563.202,568.202,face_density_low
I-uqcg6HtaQ,567.202,570.238,face_density_low
I-uqcg6HtaQ,570.498,574.846,face_density_low
I-uqcg6HtaQ,574.946,580.286,face_density_low
I-uqcg6HtaQ,597.698,608.958,scene_cut_detected
I-uqcg6HtaQ,609.122,613.342,face_density_low
I-uqcg6HtaQ,613.73,621.374,face_density_low
I-uqcg6HtaQ,621.538,625.118,scene_cut_detected
I-uqcg6HtaQ,625.314,634.398,scene_cut_detected
I-uqcg6HtaQ,649.57,651.454,segment_too_short
I-uqcg6HtaQ,651.618,652.446,segment_too_short
I-uqcg6HtaQ,653.506,664.862,scene_cut_detected
I-uqcg6HtaQ,665.314,676.99,scene_cut_detected
I-uqcg6HtaQ,677.602,682.602,face_density_low
I-uqcg6HtaQ,681.602,686.602,scene_cut_detected
I-uqcg6HtaQ,685.602,690.602,scene_cut_detected
I-uqcg6HtaQ,691.554,696.446,face_density_low
I-uqcg6HtaQ,698.914,700.638,segment_too_short
I-uqcg6HtaQ,724.61,725.15,segment_too_short
I-uqcg6HtaQ,728.674,729.214,segment_too_short
I-uqcg6HtaQ,734.21,739.21,scene_cut_detected
I-uqcg6HtaQ,738.21,743.21,scene_cut_detected
I-uqcg6HtaQ,742.21,747.21,scene_cut_detected
I-uqcg6HtaQ,746.21,751.21,scene_cut_detected
I-uqcg6HtaQ,750.21,755.21,scene_cut_detected
I-uqcg6HtaQ,754.21,758.046,scene_cut_detected
I-uqcg6HtaQ,758.722,764.862,scene_cut_detected
I-uqcg6HtaQ,764.962,773.246,scene_cut_detected
I-uqcg6HtaQ,773.634,782.494,scene_cut_detected
I-uqcg6HtaQ,812.93,817.93,scene_cut_detected
I-uqcg6HtaQ,816.93,821.93,scene_cut_detected
I-uqcg6HtaQ,820.93,825.374,scene_cut_detected
I-uqcg6HtaQ,825.474,832.318,face_density_low
I-uqcg6HtaQ,838.978,845.63,scene_cut_detected
I-uqcg6HtaQ,845.826,850.846,scene_cut_detected
I-uqcg6HtaQ,852.034,853.118,segment_too_short
I-uqcg6HtaQ,853.25,854.558,segment_too_short
I-uqcg6HtaQ,858.722,860.222,segment_too_short
I-uqcg6HtaQ,860.93,870.366,scene_cut_detected
I-uqcg6HtaQ,870.658,875.422,scene_cut_detected
I-uqcg6HtaQ,875.842,884.062,scene_cut_detected
I-uqcg6HtaQ,885.634,886.59,segment_too_short
I-uqcg6HtaQ,886.882,887.87,segment_too_short
I-uqcg6HtaQ,888.834,889.822,segment_too_short
I-uqcg6HtaQ,891.842,892.35,segment_too_short
I-uqcg6HtaQ,892.61,899.742,scene_cut_detected
I-uqcg6HtaQ,899.842,901.438,segment_too_short
I-uqcg6HtaQ,901.634,908.638,scene_cut_detected
I-uqcg6HtaQ,923.746,925.662,segment_too_short
I-uqcg6HtaQ,926.21,931.21,scene_cut_detected
I-uqcg6HtaQ,930.21,935.21,scene_cut_detected
I-uqcg6HtaQ,934.21,939.21,scene_cut_detected
I-uqcg6HtaQ,938.21,943.21,scene_cut_detected
McDpBE5nj6k,,,video_decode_failed
Mdb7_9uq1No,,,video_decode_failed
mpGa91lLuDg,,,video_decode_failed
FufWLL1IIrQ,5.858,8.862,scene_cut_detected
FufWLL1IIrQ,9.122,12.862,scene_cut_detected
FufWLL1IIrQ,13.25,17.438,scene_cut_detected
FufWLL1IIrQ,44.194,45.47,segment_too_short
FufWLL1IIrQ,63.586,65.534,segment_too_short
FufWLL1IIrQ,80.738,81.278,segment_too_short
FufWLL1IIrQ,91.554,93.086,segment_too_short
FufWLL1IIrQ,107.458,108.126,segment_too_short
FufWLL1IIrQ,115.842,116.478,segment_too_short
FufWLL1IIrQ,144.066,144.862,segment_too_short
FufWLL1IIrQ,195.714,199.07,scene_cut_detected
FufWLL1IIrQ,199.458,200.542,segment_too_short
FufWLL1IIrQ,223.458,225.118,segment_too_short
FufWLL1IIrQ,238.37,239.422,segment_too_short
FufWLL1IIrQ,252.066,253.982,segment_too_short
FufWLL1IIrQ,258.946,259.486,segment_too_short
FufWLL1IIrQ,267.042,268.926,segment_too_short
FufWLL1IIrQ,290.978,291.934,segment_too_short
FufWLL1IIrQ,298.498,304.382,scene_cut_detected
FufWLL1IIrQ,304.802,305.342,segment_too_short
FufWLL1IIrQ,312.034,312.734,segment_too_short
FufWLL1IIrQ,325.73,326.526,segment_too_short
FufWLL1IIrQ,326.626,335.166,scene_cut_detected
FufWLL1IIrQ,336.034,336.894,segment_too_short
FufWLL1IIrQ,341.858,346.846,scene_cut_detected
FufWLL1IIrQ,359.458,364.19,scene_cut_detected
FufWLL1IIrQ,365.058,365.918,segment_too_short
FufWLL1IIrQ,366.082,369.79,scene_cut_detected
FufWLL1IIrQ,384.066,385.15,segment_too_short
FufWLL1IIrQ,391.746,396.286,scene_cut_detected
FufWLL1IIrQ,401.506,402.014,segment_too_short
FufWLL1IIrQ,424.642,425.438,segment_too_short
FufWLL1IIrQ,438.498,440.094,segment_too_short
FufWLL1IIrQ,448.802,449.438,segment_too_short
FufWLL1IIrQ,514.882,516.318,segment_too_short
FufWLL1IIrQ,584.354,585.438,segment_too_short
FufWLL1IIrQ,590.914,591.486,segment_too_short
FufWLL1IIrQ,615.97,617.47,segment_too_short
n8HGQqE7jfs,,,video_decode_failed
nE3nD8QCwmY,,,video_decode_failed
NvhUfp3l6YI,,,video_decode_failed
NR_fjj7_qJM,,,video_decode_failed
OcRiZTVHpjE,,,video_decode_failed
oFExNoc0Z8o,,,video_decode_failed
OJgtzZcNPSU,,,video_decode_failed
oUCPGNbZtrk,,,video_decode_failed
p8ibCIzy68s,,,video_decode_failed
pdhfeN13bkk,,,video_decode_failed
Pen-RdVi1Jw,,,video_decode_failed
PomWcACA7lU,,,video_decode_failed
Pqll2AW9tu8,,,video_decode_failed
qt8JDgmJ84g,,,video_decode_failed
qRUwzFWpaVo,,,video_decode_failed
mHTLamr-Zqk,11.202,16.202,scene_cut_detected
mHTLamr-Zqk,15.202,20.202,face_density_low
mHTLamr-Zqk,19.202,24.062,face_density_low
mHTLamr-Zqk,24.226,32.222,face_density_low
mHTLamr-Zqk,32.386,40.542,face_density_low
mHTLamr-Zqk,53.762,55.358,segment_too_short
mHTLamr-Zqk,55.522,60.522,face_density_low
mHTLamr-Zqk,59.522,64.522,face_density_low
mHTLamr-Zqk,63.522,68.522,face_density_low
mHTLamr-Zqk,69.506,72.926,face_density_low
mHTLamr-Zqk,73.186,81.214,face_density_low
mHTLamr-Zqk,91.746,96.746,scene_cut_detected
mHTLamr-Zqk,115.778,120.778,scene_cut_detected
mHTLamr-Zqk,119.778,124.778,scene_cut_detected
mHTLamr-Zqk,123.778,128.778,scene_cut_detected
mHTLamr-Zqk,144.546,149.546,scene_cut_detected
mHTLamr-Zqk,148.546,153.546,face_density_low
mHTLamr-Zqk,152.546,157.546,scene_cut_detected
mHTLamr-Zqk,156.546,161.546,face_density_low
mHTLamr-Zqk,160.546,163.134,face_density_low
mHTLamr-Zqk,180.034,181.534,segment_too_short
mHTLamr-Zqk,181.826,183.39,segment_too_short
mHTLamr-Zqk,183.49,194.718,face_density_low
mHTLamr-Zqk,194.818,201.022,scene_cut_detected
mHTLamr-Zqk,219.746,224.746,scene_cut_detected
mHTLamr-Zqk,223.746,228.746,scene_cut_detected
mHTLamr-Zqk,227.746,232.746,scene_cut_detected
mHTLamr-Zqk,231.746,236.746,scene_cut_detected
mHTLamr-Zqk,240.226,245.226,scene_cut_detected
mHTLamr-Zqk,244.226,249.226,scene_cut_detected
mHTLamr-Zqk,248.226,253.226,scene_cut_detected
mHTLamr-Zqk,291.234,296.234,scene_cut_detected
mHTLamr-Zqk,299.234,304.234,scene_cut_detected
mHTLamr-Zqk,319.234,324.234,scene_cut_detected
mHTLamr-Zqk,323.234,328.234,scene_cut_detected
mHTLamr-Zqk,354.626,359.626,scene_cut_detected
mHTLamr-Zqk,362.626,367.626,scene_cut_detected
mHTLamr-Zqk,366.626,371.626,face_density_low
mHTLamr-Zqk,373.09,374.91,segment_too_short
mHTLamr-Zqk,382.498,383.358,segment_too_short
mHTLamr-Zqk,386.274,387.358,segment_too_short
mHTLamr-Zqk,394.786,395.71,segment_too_short
mHTLamr-Zqk,399.81,404.81,scene_cut_detected
mHTLamr-Zqk,403.81,408.81,scene_cut_detected
mHTLamr-Zqk,411.81,416.81,scene_cut_detected
mHTLamr-Zqk,422.114,427.114,face_density_low
mHTLamr-Zqk,426.114,431.114,face_density_low
mHTLamr-Zqk,430.114,434.206,face_density_low
mHTLamr-Zqk,436.258,437.694,segment_too_short
mHTLamr-Zqk,441.73,442.078,segment_too_short
mHTLamr-Zqk,442.594,443.134,segment_too_short
mHTLamr-Zqk,443.778,445.438,segment_too_short
mHTLamr-Zqk,445.57,447.262,segment_too_short
mHTLamr-Zqk,447.746,449.022,segment_too_short
mHTLamr-Zqk,450.178,451.582,segment_too_short
mHTLamr-Zqk,451.682,452.894,segment_too_short
mHTLamr-Zqk,453.154,453.726,segment_too_short
mHTLamr-Zqk,453.922,455.038,segment_too_short
mHTLamr-Zqk,455.234,456.286,segment_too_short
mHTLamr-Zqk,457.218,458.078,segment_too_short
mHTLamr-Zqk,475.586,480.586,face_density_low
mHTLamr-Zqk,479.586,484.586,face_density_low
mHTLamr-Zqk,483.586,488.586,scene_cut_detected
mHTLamr-Zqk,487.586,492.586,scene_cut_detected
mHTLamr-Zqk,491.586,496.586,scene_cut_detected
mHTLamr-Zqk,499.586,504.586,scene_cut_detected
mHTLamr-Zqk,503.586,506.174,face_density_low
mHTLamr-Zqk,516.066,521.066,scene_cut_detected
mHTLamr-Zqk,520.066,525.066,scene_cut_detected
mHTLamr-Zqk,528.066,533.066,scene_cut_detected
mHTLamr-Zqk,532.066,537.066,scene_cut_detected
mHTLamr-Zqk,537.858,546.75,scene_cut_detected
mHTLamr-Zqk,548.706,549.278,segment_too_short
mHTLamr-Zqk,557.442,562.442,scene_cut_detected
mHTLamr-Zqk,561.442,566.442,scene_cut_detected
mHTLamr-Zqk,565.442,570.442,scene_cut_detected
mHTLamr-Zqk,581.442,585.15,scene_cut_detected
mHTLamr-Zqk,590.978,595.902,scene_cut_detected
mHTLamr-Zqk,596.578,597.054,segment_too_short
mHTLamr-Zqk,606.306,611.306,scene_cut_detected
mHTLamr-Zqk,610.306,615.306,face_density_low
mHTLamr-Zqk,614.306,619.306,face_density_low
mHTLamr-Zqk,618.306,621.246,face_density_low
mHTLamr-Zqk,621.698,626.698,scene_cut_detected
mHTLamr-Zqk,625.698,630.698,face_density_low
mHTLamr-Zqk,629.698,634.698,face_density_low
mHTLamr-Zqk,664.866,666.558,segment_too_short
mHTLamr-Zqk,666.722,669.406,scene_cut_detected
mHTLamr-Zqk,669.698,679.262,scene_cut_detected
mHTLamr-Zqk,686.882,692.574,scene_cut_detected
mHTLamr-Zqk,700.514,702.398,segment_too_short
mHTLamr-Zqk,706.466,707.774,segment_too_short
mHTLamr-Zqk,708.066,708.414,segment_too_short
mHTLamr-Zqk,708.546,708.894,segment_too_short
mHTLamr-Zqk,712.674,713.822,segment_too_short
mHTLamr-Zqk,717.698,719.07,segment_too_short
mHTLamr-Zqk,722.37,722.814,segment_too_short
mHTLamr-Zqk,727.842,729.438,segment_too_short
mHTLamr-Zqk,729.73,731.646,segment_too_short
mHTLamr-Zqk,735.938,737.822,segment_too_short
mHTLamr-Zqk,737.922,739.678,segment_too_short
mHTLamr-Zqk,740.354,740.894,segment_too_short
mHTLamr-Zqk,741.186,742.43,segment_too_short
mHTLamr-Zqk,747.042,748.03,segment_too_short
mHTLamr-Zqk,748.162,750.014,segment_too_short
mHTLamr-Zqk,750.114,750.974,segment_too_short
mHTLamr-Zqk,751.426,752.382,segment_too_short
mHTLamr-Zqk,759.266,763.23,scene_cut_detected
mHTLamr-Zqk,763.362,767.262,scene_cut_detected
mHTLamr-Zqk,767.362,769.694,face_density_low
mHTLamr-Zqk,771.394,773.246,segment_too_short
mHTLamr-Zqk,779.81,781.054,segment_too_short
mHTLamr-Zqk,793.378,793.886,segment_too_short
mHTLamr-Zqk,805.922,809.662,scene_cut_detected
mHTLamr-Zqk,809.922,818.27,scene_cut_detected
mHTLamr-Zqk,818.626,824.734,scene_cut_detected
mHTLamr-Zqk,830.434,831.07,segment_too_short
mHTLamr-Zqk,831.394,832.83,segment_too_short
mHTLamr-Zqk,833.186,838.186,face_density_low
mHTLamr-Zqk,837.186,842.186,scene_cut_detected
mHTLamr-Zqk,841.186,846.186,scene_cut_detected
mHTLamr-Zqk,859.874,860.478,segment_too_short
mHTLamr-Zqk,875.074,875.71,segment_too_short
mHTLamr-Zqk,875.81,876.382,segment_too_short
mHTLamr-Zqk,879.81,880.638,segment_too_short
mHTLamr-Zqk,905.474,906.238,segment_too_short
mHTLamr-Zqk,916.194,921.194,scene_cut_detected
mHTLamr-Zqk,920.194,925.194,face_density_low
mHTLamr-Zqk,924.194,929.194,face_density_low
mHTLamr-Zqk,928.194,933.194,scene_cut_detected
mHTLamr-Zqk,932.194,937.194,face_density_low
mHTLamr-Zqk,936.194,941.194,face_density_low
mHTLamr-Zqk,940.194,945.194,face_density_low
mHTLamr-Zqk,944.194,948.158,face_density_low
mHTLamr-Zqk,966.466,971.466,scene_cut_detected
mHTLamr-Zqk,970.466,975.466,scene_cut_detected
mHTLamr-Zqk,974.466,979.466,scene_cut_detected
mHTLamr-Zqk,978.466,983.466,face_density_low
mHTLamr-Zqk,982.466,987.466,scene_cut_detected
mHTLamr-Zqk,986.466,991.466,face_density_low
mHTLamr-Zqk,990.466,995.466,face_density_low
mHTLamr-Zqk,994.466,999.466,face_density_low
mHTLamr-Zqk,998.466,1001.406,scene_cut_detected
mHTLamr-Zqk,1001.538,1003.07,segment_too_short
mHTLamr-Zqk,1003.234,1007.23,scene_cut_detected
qxMYYAvdiRI,,,video_decode_failed
rrDnzZi6g-k,,,video_decode_failed
q_9RgFFv90U,,,video_decode_failed
RYNY7j8RZ5k,,,video_decode_failed
s2xfViTLx_s,,,video_decode_failed
sFwTtKtzAg0,,,video_decode_failed
sdkjcDwcWus,,,video_decode_failed
sIb1n_y5Zdo,,,video_decode_failed
sLNZ_m5O6S0,,,video_decode_failed
srY_Pe4BSRA,,,video_decode_failed
rGuraolgHIs,7.97,11.55,scene_cut_detected
rGuraolgHIs,14.818,17.758,scene_cut_detected
rGuraolgHIs,20.834,21.662,segment_too_short
rGuraolgHIs,21.794,23.198,segment_too_short
rGuraolgHIs,35.586,36.094,segment_too_short
rGuraolgHIs,36.354,42.078,scene_cut_detected
rGuraolgHIs,42.306,47.038,scene_cut_detected
rGuraolgHIs,50.818,57.95,scene_cut_detected
rGuraolgHIs,58.082,63.082,scene_cut_detected
rGuraolgHIs,62.082,67.082,scene_cut_detected
rGuraolgHIs,71.554,83.102,scene_cut_detected
rGuraolgHIs,100.066,107.742,scene_cut_detected
rGuraolgHIs,107.906,113.406,scene_cut_detected
rGuraolgHIs,113.538,125.022,scene_cut_detected
rGuraolgHIs,125.378,133.406,scene_cut_detected
rGuraolgHIs,133.666,141.598,scene_cut_detected
rGuraolgHIs,160.226,165.598,scene_cut_detected
rGuraolgHIs,165.858,169.886,scene_cut_detected
rGuraolgHIs,170.082,171.902,segment_too_short
rGuraolgHIs,172.258,176.542,face_density_low
rGuraolgHIs,176.77,181.534,scene_cut_detected
rGuraolgHIs,181.89,186.174,scene_cut_detected
rGuraolgHIs,189.058,190.622,segment_too_short
rGuraolgHIs,190.722,192.99,scene_cut_detected
rGuraolgHIs,193.154,195.166,scene_cut_detected
rGuraolgHIs,208.354,216.958,scene_cut_detected
rGuraolgHIs,225.346,226.11,segment_too_short
rGuraolgHIs,226.274,232.638,scene_cut_detected
rGuraolgHIs,232.77,233.662,segment_too_short
rGuraolgHIs,234.434,235.134,segment_too_short
rGuraolgHIs,238.402,240.446,scene_cut_detected
rGuraolgHIs,240.674,243.486,face_density_low
rGuraolgHIs,256.898,258.014,segment_too_short
rGuraolgHIs,280.61,282.366,segment_too_short
rGuraolgHIs,287.81,291.55,scene_cut_detected
rGuraolgHIs,291.65,292.926,segment_too_short
rGuraolgHIs,293.154,294.654,segment_too_short
rGuraolgHIs,294.818,295.742,segment_too_short
rGuraolgHIs,295.906,300.734,scene_cut_detected
rGuraolgHIs,312.674,313.406,segment_too_short
rGuraolgHIs,313.506,319.038,scene_cut_detected
rGuraolgHIs,319.362,330.462,scene_cut_detected
rGuraolgHIs,350.082,355.838,scene_cut_detected
rGuraolgHIs,356.258,361.258,scene_cut_detected
rGuraolgHIs,360.258,365.258,scene_cut_detected
rGuraolgHIs,364.258,369.258,scene_cut_detected
rGuraolgHIs,374.242,379.242,scene_cut_detected
rGuraolgHIs,378.242,383.23,scene_cut_detected
rGuraolgHIs,386.37,387.934,segment_too_short
rGuraolgHIs,388.226,389.918,segment_too_short
rGuraolgHIs,398.146,407.646,scene_cut_detected
rGuraolgHIs,407.778,416.734,scene_cut_detected
rGuraolgHIs,416.994,424.094,scene_cut_detected
rGuraolgHIs,424.226,424.894,segment_too_short
rGuraolgHIs,426.882,428.734,segment_too_short
rGuraolgHIs,441.986,446.366,scene_cut_detected
rGuraolgHIs,446.562,448.414,segment_too_short
rGuraolgHIs,448.514,449.31,segment_too_short
rGuraolgHIs,450.114,455.166,face_density_low
rGuraolgHIs,455.65,457.054,segment_too_short
rGuraolgHIs,457.154,459.966,face_density_low
rGuraolgHIs,460.706,467.294,scene_cut_detected
rGuraolgHIs,467.458,469.118,segment_too_short
rGuraolgHIs,469.314,473.374,face_density_low
rGuraolgHIs,477.986,479.486,segment_too_short
rGuraolgHIs,479.906,481.79,segment_too_short
rGuraolgHIs,481.922,482.366,segment_too_short
rGuraolgHIs,482.53,483.39,segment_too_short
rGuraolgHIs,488.514,492.766,scene_cut_detected
rGuraolgHIs,493.058,497.822,scene_cut_detected
rGuraolgHIs,498.082,501.214,scene_cut_detected
rGuraolgHIs,501.89,511.294,scene_cut_detected
rGuraolgHIs,524.002,525.406,segment_too_short
rGuraolgHIs,538.594,543.358,scene_cut_detected
rGuraolgHIs,543.682,547.038,scene_cut_detected
rGuraolgHIs,547.298,557.886,scene_cut_detected
rGuraolgHIs,558.658,563.658,scene_cut_detected
rGuraolgHIs,562.658,567.658,scene_cut_detected
rGuraolgHIs,566.658,571.658,scene_cut_detected
rGuraolgHIs,570.658,575.658,scene_cut_detected
rGuraolgHIs,577.218,579.742,face_density_low
rGuraolgHIs,588.386,588.798,segment_too_short
snf9sZ4VfZc,,,video_decode_failed
Sshiuevaamk,,,video_decode_failed
TG4Pi2Yp-zQ,,,video_decode_failed
tqOFSPbFGIg,,,video_decode_failed
tSd27EJ840M,,,video_decode_failed
UEuzDZoMKhY,,,video_decode_failed
TfkrTFbzafQ,33.538,35.358,segment_too_short
TfkrTFbzafQ,215.426,215.838,segment_too_short
Ukv5f-o20ao,,,video_decode_failed
uNK3WLN-ISM,,,video_decode_failed
UUjR-FIsjwI,,,video_decode_failed
u_2oQ9-1_60,,,video_decode_failed
vNuN_E3lzh4,,,video_decode_failed
VeOXQIUKuBg,,,video_decode_failed
NqOg7JCnnm0,39.01,39.902,segment_too_short
NqOg7JCnnm0,71.618,72.734,segment_too_short
NqOg7JCnnm0,72.866,74.398,segment_too_short
NqOg7JCnnm0,100.834,101.982,segment_too_short
NqOg7JCnnm0,105.378,107.006,segment_too_short
NqOg7JCnnm0,107.106,108.254,segment_too_short
NqOg7JCnnm0,114.242,115.358,segment_too_short
NqOg7JCnnm0,117.73,119.646,segment_too_short
NqOg7JCnnm0,126.37,128.318,segment_too_short
NqOg7JCnnm0,149.922,151.742,segment_too_short
NqOg7JCnnm0,157.122,158.782,segment_too_short
NqOg7JCnnm0,191.682,192.83,segment_too_short
NqOg7JCnnm0,216.546,218.206,segment_too_short
NqOg7JCnnm0,257.954,259.102,segment_too_short
NqOg7JCnnm0,280.386,282.142,segment_too_short
NqOg7JCnnm0,282.306,283.806,segment_too_short
NqOg7JCnnm0,290.754,291.422,segment_too_short
NqOg7JCnnm0,291.586,293.278,segment_too_short
NqOg7JCnnm0,301.698,302.558,segment_too_short
NqOg7JCnnm0,307.906,308.478,segment_too_short
NqOg7JCnnm0,311.522,313.278,segment_too_short
NqOg7JCnnm0,313.506,315.454,segment_too_short
NqOg7JCnnm0,318.498,319.806,segment_too_short
NqOg7JCnnm0,320.098,320.734,segment_too_short
NqOg7JCnnm0,320.994,322.398,segment_too_short
NqOg7JCnnm0,326.818,327.454,segment_too_short
NqOg7JCnnm0,327.554,328.894,segment_too_short
NqOg7JCnnm0,329.058,330.622,segment_too_short
NqOg7JCnnm0,330.786,332.606,segment_too_short
NqOg7JCnnm0,338.242,339.326,segment_too_short
NqOg7JCnnm0,344.706,345.822,segment_too_short
NqOg7JCnnm0,348.994,350.27,segment_too_short
NqOg7JCnnm0,353.826,355.07,segment_too_short
NqOg7JCnnm0,355.33,355.902,segment_too_short
NqOg7JCnnm0,356.13,356.478,segment_too_short
NqOg7JCnnm0,358.85,360.222,segment_too_short
NqOg7JCnnm0,363.17,364.702,segment_too_short
NqOg7JCnnm0,377.378,377.822,segment_too_short
NqOg7JCnnm0,401.346,402.43,segment_too_short
NqOg7JCnnm0,407.554,408.926,segment_too_short
NqOg7JCnnm0,432.962,434.366,segment_too_short
NqOg7JCnnm0,434.53,435.838,segment_too_short
NqOg7JCnnm0,436.194,437.374,segment_too_short
NqOg7JCnnm0,437.506,438.27,segment_too_short
NqOg7JCnnm0,438.402,439.582,segment_too_short
NqOg7JCnnm0,439.97,441.438,segment_too_short
NqOg7JCnnm0,441.698,442.494,segment_too_short
NqOg7JCnnm0,506.498,507.742,segment_too_short
NqOg7JCnnm0,524.738,526.27,segment_too_short
NqOg7JCnnm0,539.362,541.086,segment_too_short
NqOg7JCnnm0,582.018,583.07,segment_too_short
NqOg7JCnnm0,586.946,588.638,segment_too_short
NqOg7JCnnm0,588.738,589.246,segment_too_short
NqOg7JCnnm0,617.122,618.142,segment_too_short
NqOg7JCnnm0,632.546,634.366,segment_too_short
NqOg7JCnnm0,652.802,653.246,segment_too_short
NqOg7JCnnm0,678.274,679.262,segment_too_short
NqOg7JCnnm0,686.754,687.518,segment_too_short
NqOg7JCnnm0,693.57,695.326,segment_too_short
NqOg7JCnnm0,701.89,703.646,segment_too_short
NqOg7JCnnm0,706.594,707.646,segment_too_short
NqOg7JCnnm0,707.746,709.086,segment_too_short
NqOg7JCnnm0,709.314,710.302,segment_too_short
NqOg7JCnnm0,710.402,712.094,segment_too_short
NqOg7JCnnm0,716.994,718.942,segment_too_short
NqOg7JCnnm0,719.906,721.31,segment_too_short
NqOg7JCnnm0,758.274,758.782,segment_too_short
VU4QedkuIZY,,,video_decode_failed
VVyGW90E2ts,,,video_decode_failed
wosva5aSdOY,,,video_decode_failed
xbS1WqTHrv8,,,video_decode_failed
XGjBBopMm9Q,,,video_decode_failed
xtzo0IHt778,,,video_decode_failed
y3pM6Um-n5M,,,video_decode_failed
Y7nBq4jjqWQ,,,video_decode_failed
yBvbehW22cI,,,video_decode_failed
YcSgevlSItw,,,video_decode_failed
Zf0Qr_cASCk,,,video_decode_failed
zhSzwfD4YDk,,,video_decode_failed
ZHNKYbzrfnA,,,video_decode_failed
zMEeZ6WkBdI,,,video_decode_failed
wKaFsRX95YY,4.162,6.014,segment_too_short
wKaFsRX95YY,6.69,7.742,segment_too_short
wKaFsRX95YY,7.938,9.694,segment_too_short
wKaFsRX95YY,9.858,11.134,segment_too_short
wKaFsRX95YY,17.282,18.11,segment_too_short
wKaFsRX95YY,24.61,29.982,scene_cut_detected
wKaFsRX95YY,30.306,36.062,scene_cut_detected
wKaFsRX95YY,36.258,37.95,segment_too_short
wKaFsRX95YY,38.402,40.99,scene_cut_detected
wKaFsRX95YY,43.234,44.862,segment_too_short
wKaFsRX95YY,58.306,64.446,scene_cut_detected
wKaFsRX95YY,64.898,66.942,scene_cut_detected
wKaFsRX95YY,67.074,70.014,scene_cut_detected
wKaFsRX95YY,70.146,71.934,segment_too_short
wKaFsRX95YY,72.226,75.134,scene_cut_detected
wKaFsRX95YY,76.578,78.494,segment_too_short
wKaFsRX95YY,93.506,95.23,segment_too_short
wKaFsRX95YY,95.33,97.022,segment_too_short
wKaFsRX95YY,100.226,102.462,scene_cut_detected
wKaFsRX95YY,102.594,103.55,segment_too_short
wKaFsRX95YY,103.778,106.462,scene_cut_detected
wKaFsRX95YY,106.562,108.35,segment_too_short
wKaFsRX95YY,109.954,117.758,scene_cut_detected
wKaFsRX95YY,120.674,122.398,segment_too_short
wKaFsRX95YY,138.466,140.382,segment_too_short
wKaFsRX95YY,146.306,147.678,segment_too_short
wKaFsRX95YY,147.874,153.246,scene_cut_detected
wKaFsRX95YY,153.57,156.606,scene_cut_detected
wKaFsRX95YY,156.802,157.566,segment_too_short
wKaFsRX95YY,157.698,160.382,scene_cut_detected
wKaFsRX95YY,160.482,162.014,segment_too_short
wKaFsRX95YY,162.146,163.582,segment_too_short
wKaFsRX95YY,163.746,167.422,scene_cut_detected
wKaFsRX95YY,167.586,168.542,segment_too_short
wKaFsRX95YY,168.994,170.878,segment_too_short
wKaFsRX95YY,171.074,174.206,face_density_low
wKaFsRX95YY,174.338,178.174,scene_cut_detected
wKaFsRX95YY,184.162,185.886,segment_too_short
wKaFsRX95YY,185.986,186.846,segment_too_short
wKaFsRX95YY,196.738,201.738,scene_cut_detected
wKaFsRX95YY,200.738,205.738,scene_cut_detected
wKaFsRX95YY,207.17,209.15,segment_too_short
wKaFsRX95YY,216.258,217.95,segment_too_short
wKaFsRX95YY,218.338,221.214,scene_cut_detected
wKaFsRX95YY,222.786,223.774,segment_too_short
wKaFsRX95YY,223.874,225.15,segment_too_short
wKaFsRX95YY,225.282,226.27,segment_too_short
wKaFsRX95YY,231.17,232.03,segment_too_short
wKaFsRX95YY,235.426,238.974,face_density_low
wKaFsRX95YY,244.674,246.174,segment_too_short
wKaFsRX95YY,246.306,247.71,segment_too_short
wKaFsRX95YY,248.642,255.23,scene_cut_detected
wKaFsRX95YY,255.426,256.798,segment_too_short
wKaFsRX95YY,256.898,259.422,face_density_low
wKaFsRX95YY,260.802,262.398,segment_too_short
wKaFsRX95YY,262.498,264.318,segment_too_short
wKaFsRX95YY,264.514,265.982,segment_too_short
wKaFsRX95YY,266.146,267.71,segment_too_short
wKaFsRX95YY,267.842,269.31,segment_too_short
wKaFsRX95YY,271.874,273.694,segment_too_short
wKaFsRX95YY,276.066,277.31,segment_too_short
wKaFsRX95YY,277.474,280.926,scene_cut_detected
wKaFsRX95YY,281.314,282.558,segment_too_short
wKaFsRX95YY,282.69,288.03,scene_cut_detected
wKaFsRX95YY,288.514,289.662,segment_too_short
wKaFsRX95YY,289.794,294.046,scene_cut_detected
wKaFsRX95YY,294.146,295.582,segment_too_short
wKaFsRX95YY,295.714,298.91,scene_cut_detected
wKaFsRX95YY,299.682,304.638,scene_cut_detected
wKaFsRX95YY,316.002,316.894,segment_too_short
wKaFsRX95YY,320.578,322.398,segment_too_short
wKaFsRX95YY,322.658,325.694,scene_cut_detected
wKaFsRX95YY,325.794,326.718,segment_too_short
wKaFsRX95YY,326.85,328.03,segment_too_short
wKaFsRX95YY,328.162,329.822,segment_too_short
wKaFsRX95YY,329.922,333.214,scene_cut_detected
wKaFsRX95YY,349.794,358.014,scene_cut_detected
wKaFsRX95YY,358.37,362.654,scene_cut_detected
wKaFsRX95YY,362.754,363.838,segment_too_short
wKaFsRX95YY,377.73,378.366,segment_too_short
wKaFsRX95YY,378.53,380.478,segment_too_short
wKaFsRX95YY,380.866,381.566,segment_too_short
wKaFsRX95YY,393.634,400.062,scene_cut_detected
wKaFsRX95YY,400.162,402.334,scene_cut_detected
wKaFsRX95YY,402.626,406.494,scene_cut_detected
wKaFsRX95YY,407.33,408.894,segment_too_short
wKaFsRX95YY,408.994,412.67,scene_cut_detected
wKaFsRX95YY,412.802,416.638,scene_cut_detected
wKaFsRX95YY,417.154,422.174,scene_cut_detected
wKaFsRX95YY,438.05,438.494,segment_too_short
wKaFsRX95YY,438.818,439.998,segment_too_short
wKaFsRX95YY,440.162,442.846,face_density_low
wKaFsRX95YY,442.978,445.886,face_density_low
wKaFsRX95YY,446.082,449.214,face_density_low
wKaFsRX95YY,449.506,450.654,segment_too_short
wKaFsRX95YY,450.786,451.998,segment_too_short
wKaFsRX95YY,452.162,455.87,face_density_low
wKaFsRX95YY,456.162,460.35,scene_cut_detected
wKaFsRX95YY,460.546,462.046,segment_too_short
wKaFsRX95YY,462.178,463.934,segment_too_short
wKaFsRX95YY,470.882,471.838,segment_too_short
wKaFsRX95YY,471.97,473.79,segment_too_short
wKaFsRX95YY,473.922,474.878,segment_too_short
wKaFsRX95YY,474.978,475.87,segment_too_short
wKaFsRX95YY,476.194,477.758,segment_too_short
wKaFsRX95YY,477.954,480.19,scene_cut_detected
wKaFsRX95YY,480.514,484.51,face_density_low
wKaFsRX95YY,484.802,487.614,scene_cut_detected
wKaFsRX95YY,490.146,491.806,segment_too_short
wKaFsRX95YY,501.218,503.038,segment_too_short
wKaFsRX95YY,503.266,505.086,segment_too_short
wKaFsRX95YY,513.634,518.91,scene_cut_detected
wKaFsRX95YY,519.298,521.566,scene_cut_detected
wKaFsRX95YY,525.378,527.134,segment_too_short
wKaFsRX95YY,529.89,533.342,scene_cut_detected
wKaFsRX95YY,533.57,537.694,scene_cut_detected
wKaFsRX95YY,537.794,541.086,scene_cut_detected
wKaFsRX95YY,552.866,554.014,segment_too_short
wKaFsRX95YY,555.842,562.27,face_density_low
wKaFsRX95YY,562.594,565.022,face_density_low
wKaFsRX95YY,565.186,569.054,scene_cut_detected
wKaFsRX95YY,575.842,584.094,scene_cut_detected
wKaFsRX95YY,584.482,587.102,scene_cut_detected
wKaFsRX95YY,587.266,588.734,segment_too_short
wKaFsRX95YY,588.834,592.254,scene_cut_detected
wKaFsRX95YY,594.978,596.222,segment_too_short
wKaFsRX95YY,599.17,600.35,segment_too_short
wKaFsRX95YY,600.482,601.406,segment_too_short
wKaFsRX95YY,601.57,603.038,segment_too_short
wKaFsRX95YY,604.226,604.574,segment_too_short
_pFLXVt81vU,,,video_decode_failed
zlpmcVdGnAY,,,video_decode_failed
UnodrLYWJYI,0.194,5.694,scene_cut_detected
UnodrLYWJYI,24.706,29.706,scene_cut_detected
UnodrLYWJYI,53.89,55.294,segment_too_short
UnodrLYWJYI,104.002,105.374,segment_too_short
UnodrLYWJYI,121.058,126.058,scene_cut_detected
UnodrLYWJYI,125.058,130.058,scene_cut_detected
UnodrLYWJYI,133.058,138.058,scene_cut_detected
UnodrLYWJYI,137.058,142.058,scene_cut_detected
UnodrLYWJYI,163.362,168.362,scene_cut_detected
UnodrLYWJYI,167.362,172.362,scene_cut_detected
UnodrLYWJYI,171.362,176.362,scene_cut_detected
UnodrLYWJYI,175.362,180.362,scene_cut_detected
UnodrLYWJYI,185.058,196.446,scene_cut_detected
UnodrLYWJYI,209.666,220.19,scene_cut_detected
UnodrLYWJYI,224.994,226.59,segment_too_short
UnodrLYWJYI,226.722,234.526,scene_cut_detected
UnodrLYWJYI,235.394,236.862,segment_too_short
UnodrLYWJYI,238.21,239.262,segment_too_short
UnodrLYWJYI,253.858,262.654,scene_cut_detected
UnodrLYWJYI,262.818,270.302,scene_cut_detected
UnodrLYWJYI,272.93,277.93,scene_cut_detected
UnodrLYWJYI,280.93,285.15,scene_cut_detected
UnodrLYWJYI,285.442,295.454,scene_cut_detected
UnodrLYWJYI,316.578,321.578,scene_cut_detected
UnodrLYWJYI,320.578,325.578,scene_cut_detected
UnodrLYWJYI,324.578,329.578,scene_cut_detected
UnodrLYWJYI,328.578,333.578,scene_cut_detected
UnodrLYWJYI,334.594,339.594,scene_cut_detected
UnodrLYWJYI,338.594,343.594,scene_cut_detected
UnodrLYWJYI,342.594,347.594,scene_cut_detected
UnodrLYWJYI,346.594,351.594,scene_cut_detected
UnodrLYWJYI,376.354,387.102,scene_cut_detected
UnodrLYWJYI,387.266,392.266,scene_cut_detected
UnodrLYWJYI,445.058,445.534,segment_too_short
UnodrLYWJYI,448.674,451.966,scene_cut_detected
UnodrLYWJYI,457.41,459.294,segment_too_short
UnodrLYWJYI,461.858,464.734,face_density_low
UnodrLYWJYI,465.026,468.798,scene_cut_detected
UnodrLYWJYI,469.41,473.086,face_density_low
UnodrLYWJYI,473.346,474.654,segment_too_short
UnodrLYWJYI,499.01,510.078,scene_cut_detected
UnodrLYWJYI,515.746,517.598,segment_too_short
UnodrLYWJYI,517.794,519.39,segment_too_short
UnodrLYWJYI,519.586,522.686,scene_cut_detected
UnodrLYWJYI,523.17,527.102,scene_cut_detected
UnodrLYWJYI,537.41,540.606,face_density_low
UnodrLYWJYI,546.882,548.19,segment_too_short
UnodrLYWJYI,554.786,556.222,segment_too_short
UnodrLYWJYI,556.354,557.886,segment_too_short
UnodrLYWJYI,558.242,560.414,face_density_low
UnodrLYWJYI,560.802,563.134,face_density_low
UnodrLYWJYI,563.394,567.326,scene_cut_detected
UnodrLYWJYI,567.97,571.358,face_density_low
UnodrLYWJYI,571.554,574.238,face_density_low
UnodrLYWJYI,574.69,576.574,segment_too_short
UnodrLYWJYI,576.77,578.91,scene_cut_detected
UnodrLYWJYI,579.106,581.214,scene_cut_detected
UnodrLYWJYI,581.378,584.094,face_density_low
UnodrLYWJYI,592.61,593.758,segment_too_short
UnodrLYWJYI,593.89,597.438,face_density_low
UnodrLYWJYI,598.914,601.854,face_density_low
UnodrLYWJYI,602.082,608.478,scene_cut_detected
UnodrLYWJYI,608.642,609.694,segment_too_short
UnodrLYWJYI,610.114,613.438,face_density_low
UnodrLYWJYI,613.634,616.158,face_density_low
UnodrLYWJYI,616.29,617.886,segment_too_short
UnodrLYWJYI,619.874,628.766,scene_cut_detected
UnodrLYWJYI,638.242,646.462,face_density_low
UnodrLYWJYI,646.882,655.998,scene_cut_detected
UnodrLYWJYI,666.69,671.69,scene_cut_detected
UnodrLYWJYI,670.69,675.006,face_density_low
UnodrLYWJYI,675.106,683.198,scene_cut_detected
UnodrLYWJYI,683.49,686.718,scene_cut_detected
UnodrLYWJYI,686.914,689.566,face_density_low
UnodrLYWJYI,689.698,691.806,face_density_low
UnodrLYWJYI,691.906,696.798,face_density_low
UnodrLYWJYI,699.906,701.854,segment_too_short
UnodrLYWJYI,707.746,708.99,segment_too_short
UnodrLYWJYI,716.546,717.598,segment_too_short
UnodrLYWJYI,721.826,726.046,scene_cut_detected
UnodrLYWJYI,726.178,734.27,face_density_low
UnodrLYWJYI,734.466,735.518,segment_too_short
UnodrLYWJYI,735.618,743.998,face_density_low
UnodrLYWJYI,744.194,749.598,face_density_low
UnodrLYWJYI,749.698,751.998,face_density_low
UnodrLYWJYI,769.538,774.538,scene_cut_detected
UnodrLYWJYI,786.722,788.19,segment_too_short
UnodrLYWJYI,788.29,795.454,scene_cut_detected
UnodrLYWJYI,795.778,800.958,scene_cut_detected
UnodrLYWJYI,803.618,807.742,scene_cut_detected
UnodrLYWJYI,807.842,809.854,face_density_low
UnodrLYWJYI,809.954,813.95,scene_cut_detected
UnodrLYWJYI,814.114,815.902,segment_too_short
UnodrLYWJYI,821.57,822.91,segment_too_short
UnodrLYWJYI,831.17,841.278,scene_cut_detected
UnodrLYWJYI,841.378,850.174,scene_cut_detected
UnodrLYWJYI,871.234,872.222,segment_too_short
UnodrLYWJYI,872.482,874.718,scene_cut_detected
UnodrLYWJYI,875.042,882.302,scene_cut_detected
UnodrLYWJYI,882.658,889.054,scene_cut_detected
UnodrLYWJYI,889.506,891.774,scene_cut_detected
UnodrLYWJYI,891.906,892.798,segment_too_short
UnodrLYWJYI,895.298,897.182,segment_too_short
UnodrLYWJYI,897.762,902.462,scene_cut_detected
UnodrLYWJYI,902.594,904.798,face_density_low
UnodrLYWJYI,906.754,908.51,segment_too_short
UnodrLYWJYI,915.778,917.502,segment_too_short
UnodrLYWJYI,917.826,919.23,segment_too_short
UnodrLYWJYI,934.082,935.486,segment_too_short
UnodrLYWJYI,940.546,947.23,scene_cut_detected
UnodrLYWJYI,956.706,957.438,segment_too_short
UnodrLYWJYI,979.106,979.902,segment_too_short
UnodrLYWJYI,980.066,980.638,segment_too_short
UnodrLYWJYI,981.122,982.91,segment_too_short
UnodrLYWJYI,983.074,989.406,face_density_low
UnodrLYWJYI,995.874,998.334,face_density_low
UnodrLYWJYI,998.466,1001.726,face_density_low
UnodrLYWJYI,1003.202,1011.646,face_density_low
UnodrLYWJYI,1011.746,1013.438,segment_too_short
UnodrLYWJYI,1013.666,1017.502,scene_cut_detected
UnodrLYWJYI,1030.37,1039.838,face_density_low
UnodrLYWJYI,1046.85,1048.158,segment_too_short
UnodrLYWJYI,1050.722,1052.35,segment_too_short
UnodrLYWJYI,1052.482,1053.342,segment_too_short
UnodrLYWJYI,1060.322,1062.078,segment_too_short
UnodrLYWJYI,1062.53,1063.55,segment_too_short
UnodrLYWJYI,1063.746,1069.278,face_density_low
UnodrLYWJYI,1069.41,1070.782,segment_too_short
UnodrLYWJYI,1070.946,1076.83,scene_cut_detected
UnodrLYWJYI,1077.314,1081.79,face_density_low
UnodrLYWJYI,1081.89,1083.614,segment_too_short
UnodrLYWJYI,1083.714,1086.974,face_density_low
