voiced_ms,visible_active_speech_ratio,unexplained_speech_ratio,longest_unexplained_speech_ms,static_speech_ratio,asd_disagreement_ratio,temporal_decision,temporal_reason,static_ms,voiceover_ms,ambiguous_ms,longest_static_ms,longest_voiceover_ms,clip_id,model_versions,config_hash
8600,0.9534883720930233,0.0,0,0.0,0.0,pass,,0,0,400,0,0,VgGwgxT1hm0_s0000691618_e0000701182,"{""insightface_detector_file"":""det_10g.onnx"",""insightface_detector_sha256"":""5838f7fe053675b1c7a08b633df49e7af5495cee0493c7dcf6697200b85b5b91"",""insightface_package_version"":""1.0.1"",""laser_model"":null,""light_asd_git_sha"":""ed38c232de5efe0261dbd68627c0ade7cdfe14eb"",""light_asd_repo"":""C:\\Users\\ACER\\AppData\\Local\\Temp\\vn_av_df_asd_refs\\Light-ASD"",""light_weights_sha256"":""d44bc3ea7baa8e0946fa3921311714a630ed8b90a1928fab0dbe30d918909317"",""onnxruntime_package_version"":""1.23.2"",""preprocessing_config_hash"":""b25d7fed121420a8b678defe9e735a0d4c61517d2082dea739b58493d09ab60b"",""silero_git_sha"":""867c2aa692646a1f1de3e94a15c9dd9f614c0acb"",""silero_source"":""C:\\Users\\ACER\\AppData\\Local\\Temp\\vn_av_df_asd_refs\\silero-vad"",""silero_weights_sha256"":""7ed98ddbad84ccac4cd0aeb3099049280713df825c610a8ed34543318f1b2c49""}",7b9c4753ec46840eac2d44d97a4430e1693001688be638fc20b40e8762293669
4000,0.9,0.05,200,0.05,0.0,pass,,200,0,200,200,0,wttuvGomhr4_s0000919426_e0000923262,"{""insightface_detector_file"":""det_10g.onnx"",""insightface_detector_sha256"":""5838f7fe053675b1c7a08b633df49e7af5495cee0493c7dcf6697200b85b5b91"",""insightface_package_version"":""1.0.1"",""laser_model"":null,""light_asd_git_sha"":""ed38c232de5efe0261dbd68627c0ade7cdfe14eb"",""light_asd_repo"":""C:\\Users\\ACER\\AppData\\Local\\Temp\\vn_av_df_asd_refs\\Light-ASD"",""light_weights_sha256"":""d44bc3ea7baa8e0946fa3921311714a630ed8b90a1928fab0dbe30d918909317"",""onnxruntime_package_version"":""1.23.2"",""preprocessing_config_hash"":""b25d7fed121420a8b678defe9e735a0d4c61517d2082dea739b58493d09ab60b"",""silero_git_sha"":""867c2aa692646a1f1de3e94a15c9dd9f614c0acb"",""silero_source"":""C:\\Users\\ACER\\AppData\\Local\\Temp\\vn_av_df_asd_refs\\silero-vad"",""silero_weights_sha256"":""7ed98ddbad84ccac4cd0aeb3099049280713df825c610a8ed34543318f1b2c49""}",7b9c4753ec46840eac2d44d97a4430e1693001688be638fc20b40e8762293669
2800,0.0,0.14285714285714285,200,0.0,0.0,manual,ambiguous,0,400,2400,0,200,9hVB2KmcCtk_s0000051906_e0000054526,"{""insightface_detector_file"":""det_10g.onnx"",""insightface_detector_sha256"":""5838f7fe053675b1c7a08b633df49e7af5495cee0493c7dcf6697200b85b5b91"",""insightface_package_version"":""1.0.1"",""laser_model"":null,""light_asd_git_sha"":""ed38c232de5efe0261dbd68627c0ade7cdfe14eb"",""light_asd_repo"":""C:\\Users\\ACER\\AppData\\Local\\Temp\\vn_av_df_asd_refs\\Light-ASD"",""light_weights_sha256"":""d44bc3ea7baa8e0946fa3921311714a630ed8b90a1928fab0dbe30d918909317"",""onnxruntime_package_version"":""1.23.2"",""preprocessing_config_hash"":""b25d7fed121420a8b678defe9e735a0d4c61517d2082dea739b58493d09ab60b"",""silero_git_sha"":""867c2aa692646a1f1de3e94a15c9dd9f614c0acb"",""silero_source"":""C:\\Users\\ACER\\AppData\\Local\\Temp\\vn_av_df_asd_refs\\silero-vad"",""silero_weights_sha256"":""7ed98ddbad84ccac4cd0aeb3099049280713df825c610a8ed34543318f1b2c49""}",7b9c4753ec46840eac2d44d97a4430e1693001688be638fc20b40e8762293669
11800,0.0,0.2033898305084746,1600,0.1694915254237288,0.0,manual,inference_failure,2000,400,9200,1600,400,cyi8OGHa_28_s0000277378_e0000288990,"{""insightface_detector_file"":""det_10g.onnx"",""insightface_detector_sha256"":""5838f7fe053675b1c7a08b633df49e7af5495cee0493c7dcf6697200b85b5b91"",""insightface_package_version"":""1.0.1"",""laser_model"":null,""light_asd_git_sha"":""ed38c232de5efe0261dbd68627c0ade7cdfe14eb"",""light_asd_repo"":""C:\\Users\\ACER\\AppData\\Local\\Temp\\vn_av_df_asd_refs\\Light-ASD"",""light_weights_sha256"":""d44bc3ea7baa8e0946fa3921311714a630ed8b90a1928fab0dbe30d918909317"",""onnxruntime_package_version"":""1.23.2"",""preprocessing_config_hash"":""b25d7fed121420a8b678defe9e735a0d4c61517d2082dea739b58493d09ab60b"",""silero_git_sha"":""867c2aa692646a1f1de3e94a15c9dd9f614c0acb"",""silero_source"":""C:\\Users\\ACER\\AppData\\Local\\Temp\\vn_av_df_asd_refs\\silero-vad"",""silero_weights_sha256"":""7ed98ddbad84ccac4cd0aeb3099049280713df825c610a8ed34543318f1b2c49""}",7b9c4753ec46840eac2d44d97a4430e1693001688be638fc20b40e8762293669
2400,0.5,0.0,0,0.0,0.0,manual,ambiguous,0,0,1200,0,0,O13c0GdEtyY_s0000738562_e0000740926,"{""insightface_detector_file"":""det_10g.onnx"",""insightface_detector_sha256"":""5838f7fe053675b1c7a08b633df49e7af5495cee0493c7dcf6697200b85b5b91"",""insightface_package_version"":""1.0.1"",""laser_model"":null,""light_asd_git_sha"":""ed38c232de5efe0261dbd68627c0ade7cdfe14eb"",""light_asd_repo"":""C:\\Users\\ACER\\AppData\\Local\\Temp\\vn_av_df_asd_refs\\Light-ASD"",""light_weights_sha256"":""d44bc3ea7baa8e0946fa3921311714a630ed8b90a1928fab0dbe30d918909317"",""onnxruntime_package_version"":""1.23.2"",""preprocessing_config_hash"":""b25d7fed121420a8b678defe9e735a0d4c61517d2082dea739b58493d09ab60b"",""silero_git_sha"":""867c2aa692646a1f1de3e94a15c9dd9f614c0acb"",""silero_source"":""C:\\Users\\ACER\\AppData\\Local\\Temp\\vn_av_df_asd_refs\\silero-vad"",""silero_weights_sha256"":""7ed98ddbad84ccac4cd0aeb3099049280713df825c610a8ed34543318f1b2c49""}",7b9c4753ec46840eac2d44d97a4430e1693001688be638fc20b40e8762293669
5200,0.0,0.6153846153846154,2000,0.5,0.0,manual,ambiguous,2600,600,2000,2000,400,2BJx-TsUgw8_s0000181730_e0000186782,"{""insightface_detector_file"":""det_10g.onnx"",""insightface_detector_sha256"":""5838f7fe053675b1c7a08b633df49e7af5495cee0493c7dcf6697200b85b5b91"",""insightface_package_version"":""1.0.1"",""laser_model"":null,""light_asd_git_sha"":""ed38c232de5efe0261dbd68627c0ade7cdfe14eb"",""light_asd_repo"":""C:\\Users\\ACER\\AppData\\Local\\Temp\\vn_av_df_asd_refs\\Light-ASD"",""light_weights_sha256"":""d44bc3ea7baa8e0946fa3921311714a630ed8b90a1928fab0dbe30d918909317"",""onnxruntime_package_version"":""1.23.2"",""preprocessing_config_hash"":""b25d7fed121420a8b678defe9e735a0d4c61517d2082dea739b58493d09ab60b"",""silero_git_sha"":""867c2aa692646a1f1de3e94a15c9dd9f614c0acb"",""silero_source"":""C:\\Users\\ACER\\AppData\\Local\\Temp\\vn_av_df_asd_refs\\silero-vad"",""silero_weights_sha256"":""7ed98ddbad84ccac4cd0aeb3099049280713df825c610a8ed34543318f1b2c49""}",7b9c4753ec46840eac2d44d97a4430e1693001688be638fc20b40e8762293669
6200,0.5483870967741935,0.0967741935483871,200,0.0,0.0,manual,ambiguous,0,600,2200,0,200,2xU2t0CyIJ4_s0000018818_e0000025022,"{""insightface_detector_file"":""det_10g.onnx"",""insightface_detector_sha256"":""5838f7fe053675b1c7a08b633df49e7af5495cee0493c7dcf6697200b85b5b91"",""insightface_package_version"":""1.0.1"",""laser_model"":null,""light_asd_git_sha"":""ed38c232de5efe0261dbd68627c0ade7cdfe14eb"",""light_asd_repo"":""C:\\Users\\ACER\\AppData\\Local\\Temp\\vn_av_df_asd_refs\\Light-ASD"",""light_weights_sha256"":""d44bc3ea7baa8e0946fa3921311714a630ed8b90a1928fab0dbe30d918909317"",""onnxruntime_package_version"":""1.23.2"",""preprocessing_config_hash"":""b25d7fed121420a8b678defe9e735a0d4c61517d2082dea739b58493d09ab60b"",""silero_git_sha"":""867c2aa692646a1f1de3e94a15c9dd9f614c0acb"",""silero_source"":""C:\\Users\\ACER\\AppData\\Local\\Temp\\vn_av_df_asd_refs\\silero-vad"",""silero_weights_sha256"":""7ed98ddbad84ccac4cd0aeb3099049280713df825c610a8ed34543318f1b2c49""}",7b9c4753ec46840eac2d44d97a4430e1693001688be638fc20b40e8762293669
3200,0.625,0.0625,200,0.0,0.0,manual,ambiguous,0,200,1000,0,200,zfRcxNy23l0_s0000462370_e0000465534,"{""insightface_detector_file"":""det_10g.onnx"",""insightface_detector_sha256"":""5838f7fe053675b1c7a08b633df49e7af5495cee0493c7dcf6697200b85b5b91"",""insightface_package_version"":""1.0.1"",""laser_model"":null,""light_asd_git_sha"":""ed38c232de5efe0261dbd68627c0ade7cdfe14eb"",""light_asd_repo"":""C:\\Users\\ACER\\AppData\\Local\\Temp\\vn_av_df_asd_refs\\Light-ASD"",""light_weights_sha256"":""d44bc3ea7baa8e0946fa3921311714a630ed8b90a1928fab0dbe30d918909317"",""onnxruntime_package_version"":""1.23.2"",""preprocessing_config_hash"":""b25d7fed121420a8b678defe9e735a0d4c61517d2082dea739b58493d09ab60b"",""silero_git_sha"":""867c2aa692646a1f1de3e94a15c9dd9f614c0acb"",""silero_source"":""C:\\Users\\ACER\\AppData\\Local\\Temp\\vn_av_df_asd_refs\\silero-vad"",""silero_weights_sha256"":""7ed98ddbad84ccac4cd0aeb3099049280713df825c610a8ed34543318f1b2c49""}",7b9c4753ec46840eac2d44d97a4430e1693001688be638fc20b40e8762293669
9400,0.8297872340425532,0.06382978723404255,400,0.0,0.0,pass,,0,600,1000,0,400,ucLlKRrtTN8_s0000616738_e0000626078,"{""insightface_detector_file"":""det_10g.onnx"",""insightface_detector_sha256"":""5838f7fe053675b1c7a08b633df49e7af5495cee0493c7dcf6697200b85b5b91"",""insightface_package_version"":""1.0.1"",""laser_model"":null,""light_asd_git_sha"":""ed38c232de5efe0261dbd68627c0ade7cdfe14eb"",""light_asd_repo"":""C:\\Users\\ACER\\AppData\\Local\\Temp\\vn_av_df_asd_refs\\Light-ASD"",""light_weights_sha256"":""d44bc3ea7baa8e0946fa3921311714a630ed8b90a1928fab0dbe30d918909317"",""onnxruntime_package_version"":""1.23.2"",""preprocessing_config_hash"":""b25d7fed121420a8b678defe9e735a0d4c61517d2082dea739b58493d09ab60b"",""silero_git_sha"":""867c2aa692646a1f1de3e94a15c9dd9f614c0acb"",""silero_source"":""C:\\Users\\ACER\\AppData\\Local\\Temp\\vn_av_df_asd_refs\\silero-vad"",""silero_weights_sha256"":""7ed98ddbad84ccac4cd0aeb3099049280713df825c610a8ed34543318f1b2c49""}",7b9c4753ec46840eac2d44d97a4430e1693001688be638fc20b40e8762293669
6200,0.0,0.8387096774193549,2800,0.4838709677419355,0.0,reject,static,3000,2200,1000,2800,2200,dFDTb0t_Nho_s0000314242_e0000320414,"{""insightface_detector_file"":""det_10g.onnx"",""insightface_detector_sha256"":""5838f7fe053675b1c7a08b633df49e7af5495cee0493c7dcf6697200b85b5b91"",""insightface_package_version"":""1.0.1"",""laser_model"":null,""light_asd_git_sha"":""ed38c232de5efe0261dbd68627c0ade7cdfe14eb"",""light_asd_repo"":""C:\\Users\\ACER\\AppData\\Local\\Temp\\vn_av_df_asd_refs\\Light-ASD"",""light_weights_sha256"":""d44bc3ea7baa8e0946fa3921311714a630ed8b90a1928fab0dbe30d918909317"",""onnxruntime_package_version"":""1.23.2"",""preprocessing_config_hash"":""b25d7fed121420a8b678defe9e735a0d4c61517d2082dea739b58493d09ab60b"",""silero_git_sha"":""867c2aa692646a1f1de3e94a15c9dd9f614c0acb"",""silero_source"":""C:\\Users\\ACER\\AppData\\Local\\Temp\\vn_av_df_asd_refs\\silero-vad"",""silero_weights_sha256"":""7ed98ddbad84ccac4cd0aeb3099049280713df825c610a8ed34543318f1b2c49""}",7b9c4753ec46840eac2d44d97a4430e1693001688be638fc20b40e8762293669
5400,0.9629629629629629,0.0,0,0.0,0.0,pass,,0,0,200,0,0,srY_Pe4BSRA_1_s0000102402_e0000107710,"{""insightface_detector_file"":""det_10g.onnx"",""insightface_detector_sha256"":""5838f7fe053675b1c7a08b633df49e7af5495cee0493c7dcf6697200b85b5b91"",""insightface_package_version"":""1.0.1"",""laser_model"":null,""light_asd_git_sha"":""ed38c232de5efe0261dbd68627c0ade7cdfe14eb"",""light_asd_repo"":""C:\\Users\\ACER\\AppData\\Local\\Temp\\vn_av_df_asd_refs\\Light-ASD"",""light_weights_sha256"":""d44bc3ea7baa8e0946fa3921311714a630ed8b90a1928fab0dbe30d918909317"",""onnxruntime_package_version"":""1.23.2"",""preprocessing_config_hash"":""b25d7fed121420a8b678defe9e735a0d4c61517d2082dea739b58493d09ab60b"",""silero_git_sha"":""867c2aa692646a1f1de3e94a15c9dd9f614c0acb"",""silero_source"":""C:\\Users\\ACER\\AppData\\Local\\Temp\\vn_av_df_asd_refs\\silero-vad"",""silero_weights_sha256"":""7ed98ddbad84ccac4cd0aeb3099049280713df825c610a8ed34543318f1b2c49""}",7b9c4753ec46840eac2d44d97a4430e1693001688be638fc20b40e8762293669
7800,0.8717948717948718,0.0,0,0.0,0.0,manual,inference_failure,0,0,800,0,0,VVyGW90E2ts_1_s0000135330_e0000142974,"{""insightface_detector_file"":""det_10g.onnx"",""insightface_detector_sha256"":""5838f7fe053675b1c7a08b633df49e7af5495cee0493c7dcf6697200b85b5b91"",""insightface_package_version"":""1.0.1"",""laser_model"":null,""light_asd_git_sha"":""ed38c232de5efe0261dbd68627c0ade7cdfe14eb"",""light_asd_repo"":""C:\\Users\\ACER\\AppData\\Local\\Temp\\vn_av_df_asd_refs\\Light-ASD"",""light_weights_sha256"":""d44bc3ea7baa8e0946fa3921311714a630ed8b90a1928fab0dbe30d918909317"",""onnxruntime_package_version"":""1.23.2"",""preprocessing_config_hash"":""b25d7fed121420a8b678defe9e735a0d4c61517d2082dea739b58493d09ab60b"",""silero_git_sha"":""867c2aa692646a1f1de3e94a15c9dd9f614c0acb"",""silero_source"":""C:\\Users\\ACER\\AppData\\Local\\Temp\\vn_av_df_asd_refs\\silero-vad"",""silero_weights_sha256"":""7ed98ddbad84ccac4cd0aeb3099049280713df825c610a8ed34543318f1b2c49""}",7b9c4753ec46840eac2d44d97a4430e1693001688be638fc20b40e8762293669
5000,0.84,0.0,0,0.0,0.0,pass,,0,0,800,0,0,Degm-6pbq4_s0000072514_e0000077514,"{""insightface_detector_file"":""det_10g.onnx"",""insightface_detector_sha256"":""5838f7fe053675b1c7a08b633df49e7af5495cee0493c7dcf6697200b85b5b91"",""insightface_package_version"":""1.0.1"",""laser_model"":null,""light_asd_git_sha"":""ed38c232de5efe0261dbd68627c0ade7cdfe14eb"",""light_asd_repo"":""C:\\Users\\ACER\\AppData\\Local\\Temp\\vn_av_df_asd_refs\\Light-ASD"",""light_weights_sha256"":""d44bc3ea7baa8e0946fa3921311714a630ed8b90a1928fab0dbe30d918909317"",""onnxruntime_package_version"":""1.23.2"",""preprocessing_config_hash"":""b25d7fed121420a8b678defe9e735a0d4c61517d2082dea739b58493d09ab60b"",""silero_git_sha"":""867c2aa692646a1f1de3e94a15c9dd9f614c0acb"",""silero_source"":""C:\\Users\\ACER\\AppData\\Local\\Temp\\vn_av_df_asd_refs\\silero-vad"",""silero_weights_sha256"":""7ed98ddbad84ccac4cd0aeb3099049280713df825c610a8ed34543318f1b2c49""}",7b9c4753ec46840eac2d44d97a4430e1693001688be638fc20b40e8762293669
3800,0.0,0.5789473684210527,1000,0.0,0.0,manual,ambiguous,0,2200,1600,0,1000,Mdb7_9uq1No_1_s0000365474_e0000369246,"{""insightface_detector_file"":""det_10g.onnx"",""insightface_detector_sha256"":""5838f7fe053675b1c7a08b633df49e7af5495cee0493c7dcf6697200b85b5b91"",""insightface_package_version"":""1.0.1"",""laser_model"":null,""light_asd_git_sha"":""ed38c232de5efe0261dbd68627c0ade7cdfe14eb"",""light_asd_repo"":""C:\\Users\\ACER\\AppData\\Local\\Temp\\vn_av_df_asd_refs\\Light-ASD"",""light_weights_sha256"":""d44bc3ea7baa8e0946fa3921311714a630ed8b90a1928fab0dbe30d918909317"",""onnxruntime_package_version"":""1.23.2"",""preprocessing_config_hash"":""b25d7fed121420a8b678defe9e735a0d4c61517d2082dea739b58493d09ab60b"",""silero_git_sha"":""867c2aa692646a1f1de3e94a15c9dd9f614c0acb"",""silero_source"":""C:\\Users\\ACER\\AppData\\Local\\Temp\\vn_av_df_asd_refs\\silero-vad"",""silero_weights_sha256"":""7ed98ddbad84ccac4cd0aeb3099049280713df825c610a8ed34543318f1b2c49""}",7b9c4753ec46840eac2d44d97a4430e1693001688be638fc20b40e8762293669
3200,0.625,0.1875,400,0.0,0.0,pass,,0,600,600,0,400,HwyAWtO8nkA_s0000405154_e0000408158,"{""insightface_detector_file"":""det_10g.onnx"",""insightface_detector_sha256"":""5838f7fe053675b1c7a08b633df49e7af5495cee0493c7dcf6697200b85b5b91"",""insightface_package_version"":""1.0.1"",""laser_model"":null,""light_asd_git_sha"":""ed38c232de5efe0261dbd68627c0ade7cdfe14eb"",""light_asd_repo"":""C:\\Users\\ACER\\AppData\\Local\\Temp\\vn_av_df_asd_refs\\Light-ASD"",""light_weights_sha256"":""d44bc3ea7baa8e0946fa3921311714a630ed8b90a1928fab0dbe30d918909317"",""onnxruntime_package_version"":""1.23.2"",""preprocessing_config_hash"":""b25d7fed121420a8b678defe9e735a0d4c61517d2082dea739b58493d09ab60b"",""silero_git_sha"":""867c2aa692646a1f1de3e94a15c9dd9f614c0acb"",""silero_source"":""C:\\Users\\ACER\\AppData\\Local\\Temp\\vn_av_df_asd_refs\\silero-vad"",""silero_weights_sha256"":""7ed98ddbad84ccac4cd0aeb3099049280713df825c610a8ed34543318f1b2c49""}",7b9c4753ec46840eac2d44d97a4430e1693001688be638fc20b40e8762293669
2200,0.0,0.0,0,0.0,0.0,manual,inference_failure,0,0,2000,0,0,i_TajUsZogs_s0000139106_e0000141182,"{""insightface_detector_file"":""det_10g.onnx"",""insightface_detector_sha256"":""5838f7fe053675b1c7a08b633df49e7af5495cee0493c7dcf6697200b85b5b91"",""insightface_package_version"":""1.0.1"",""laser_model"":null,""light_asd_git_sha"":""ed38c232de5efe0261dbd68627c0ade7cdfe14eb"",""light_asd_repo"":""C:\\Users\\ACER\\AppData\\Local\\Temp\\vn_av_df_asd_refs\\Light-ASD"",""light_weights_sha256"":""d44bc3ea7baa8e0946fa3921311714a630ed8b90a1928fab0dbe30d918909317"",""onnxruntime_package_version"":""1.23.2"",""preprocessing_config_hash"":""b25d7fed121420a8b678defe9e735a0d4c61517d2082dea739b58493d09ab60b"",""silero_git_sha"":""867c2aa692646a1f1de3e94a15c9dd9f614c0acb"",""silero_source"":""C:\\Users\\ACER\\AppData\\Local\\Temp\\vn_av_df_asd_refs\\silero-vad"",""silero_weights_sha256"":""7ed98ddbad84ccac4cd0aeb3099049280713df825c610a8ed34543318f1b2c49""}",7b9c4753ec46840eac2d44d97a4430e1693001688be638fc20b40e8762293669
2200,0.18181818181818182,0.36363636363636365,800,0.0,0.0,manual,inference_failure,0,800,800,0,800,p_jrT3IftNM_s0000508290_e0000510462,"{""insightface_detector_file"":""det_10g.onnx"",""insightface_detector_sha256"":""5838f7fe053675b1c7a08b633df49e7af5495cee0493c7dcf6697200b85b5b91"",""insightface_package_version"":""1.0.1"",""laser_model"":null,""light_asd_git_sha"":""ed38c232de5efe0261dbd68627c0ade7cdfe14eb"",""light_asd_repo"":""C:\\Users\\ACER\\AppData\\Local\\Temp\\vn_av_df_asd_refs\\Light-ASD"",""light_weights_sha256"":""d44bc3ea7baa8e0946fa3921311714a630ed8b90a1928fab0dbe30d918909317"",""onnxruntime_package_version"":""1.23.2"",""preprocessing_config_hash"":""b25d7fed121420a8b678defe9e735a0d4c61517d2082dea739b58493d09ab60b"",""silero_git_sha"":""867c2aa692646a1f1de3e94a15c9dd9f614c0acb"",""silero_source"":""C:\\Users\\ACER\\AppData\\Local\\Temp\\vn_av_df_asd_refs\\silero-vad"",""silero_weights_sha256"":""7ed98ddbad84ccac4cd0aeb3099049280713df825c610a8ed34543318f1b2c49""}",7b9c4753ec46840eac2d44d97a4430e1693001688be638fc20b40e8762293669
2200,0.0,0.0,0,0.0,0.0,manual,ambiguous,0,0,2200,0,0,s2xfViTLx_s_1_s0000206946_e0000209118,"{""insightface_detector_file"":""det_10g.onnx"",""insightface_detector_sha256"":""5838f7fe053675b1c7a08b633df49e7af5495cee0493c7dcf6697200b85b5b91"",""insightface_package_version"":""1.0.1"",""laser_model"":null,""light_asd_git_sha"":""ed38c232de5efe0261dbd68627c0ade7cdfe14eb"",""light_asd_repo"":""C:\\Users\\ACER\\AppData\\Local\\Temp\\vn_av_df_asd_refs\\Light-ASD"",""light_weights_sha256"":""d44bc3ea7baa8e0946fa3921311714a630ed8b90a1928fab0dbe30d918909317"",""onnxruntime_package_version"":""1.23.2"",""preprocessing_config_hash"":""b25d7fed121420a8b678defe9e735a0d4c61517d2082dea739b58493d09ab60b"",""silero_git_sha"":""867c2aa692646a1f1de3e94a15c9dd9f614c0acb"",""silero_source"":""C:\\Users\\ACER\\AppData\\Local\\Temp\\vn_av_df_asd_refs\\silero-vad"",""silero_weights_sha256"":""7ed98ddbad84ccac4cd0aeb3099049280713df825c610a8ed34543318f1b2c49""}",7b9c4753ec46840eac2d44d97a4430e1693001688be638fc20b40e8762293669
4200,0.8571428571428571,0.047619047619047616,200,0.0,0.0,pass,,0,200,400,0,200,0B310XCDA1c_s0000687970_e0000692606,"{""insightface_detector_file"":""det_10g.onnx"",""insightface_detector_sha256"":""5838f7fe053675b1c7a08b633df49e7af5495cee0493c7dcf6697200b85b5b91"",""insightface_package_version"":""1.0.1"",""laser_model"":null,""light_asd_git_sha"":""ed38c232de5efe0261dbd68627c0ade7cdfe14eb"",""light_asd_repo"":""C:\\Users\\ACER\\AppData\\Local\\Temp\\vn_av_df_asd_refs\\Light-ASD"",""light_weights_sha256"":""d44bc3ea7baa8e0946fa3921311714a630ed8b90a1928fab0dbe30d918909317"",""onnxruntime_package_version"":""1.23.2"",""preprocessing_config_hash"":""b25d7fed121420a8b678defe9e735a0d4c61517d2082dea739b58493d09ab60b"",""silero_git_sha"":""867c2aa692646a1f1de3e94a15c9dd9f614c0acb"",""silero_source"":""C:\\Users\\ACER\\AppData\\Local\\Temp\\vn_av_df_asd_refs\\silero-vad"",""silero_weights_sha256"":""7ed98ddbad84ccac4cd0aeb3099049280713df825c610a8ed34543318f1b2c49""}",7b9c4753ec46840eac2d44d97a4430e1693001688be638fc20b40e8762293669
3000,0.9333333333333333,0.0,0,0.0,0.0,pass,,0,0,200,0,0,mpGa91lLuDg_1_s0000429794_e0000432766,"{""insightface_detector_file"":""det_10g.onnx"",""insightface_detector_sha256"":""5838f7fe053675b1c7a08b633df49e7af5495cee0493c7dcf6697200b85b5b91"",""insightface_package_version"":""1.0.1"",""laser_model"":null,""light_asd_git_sha"":""ed38c232de5efe0261dbd68627c0ade7cdfe14eb"",""light_asd_repo"":""C:\\Users\\ACER\\AppData\\Local\\Temp\\vn_av_df_asd_refs\\Light-ASD"",""light_weights_sha256"":""d44bc3ea7baa8e0946fa3921311714a630ed8b90a1928fab0dbe30d918909317"",""onnxruntime_package_version"":""1.23.2"",""preprocessing_config_hash"":""b25d7fed121420a8b678defe9e735a0d4c61517d2082dea739b58493d09ab60b"",""silero_git_sha"":""867c2aa692646a1f1de3e94a15c9dd9f614c0acb"",""silero_source"":""C:\\Users\\ACER\\AppData\\Local\\Temp\\vn_av_df_asd_refs\\silero-vad"",""silero_weights_sha256"":""7ed98ddbad84ccac4cd0aeb3099049280713df825c610a8ed34543318f1b2c49""}",7b9c4753ec46840eac2d44d97a4430e1693001688be638fc20b40e8762293669
5400,0.0,0.4074074074074074,1000,0.0,0.0,manual,ambiguous,0,2200,3200,0,1000,7643026650233425170_s0000042114_e0000047326,"{""insightface_detector_file"":""det_10g.onnx"",""insightface_detector_sha256"":""5838f7fe053675b1c7a08b633df49e7af5495cee0493c7dcf6697200b85b5b91"",""insightface_package_version"":""1.0.1"",""laser_model"":null,""light_asd_git_sha"":""ed38c232de5efe0261dbd68627c0ade7cdfe14eb"",""light_asd_repo"":""C:\\Users\\ACER\\AppData\\Local\\Temp\\vn_av_df_asd_refs\\Light-ASD"",""light_weights_sha256"":""d44bc3ea7baa8e0946fa3921311714a630ed8b90a1928fab0dbe30d918909317"",""onnxruntime_package_version"":""1.23.2"",""preprocessing_config_hash"":""b25d7fed121420a8b678defe9e735a0d4c61517d2082dea739b58493d09ab60b"",""silero_git_sha"":""867c2aa692646a1f1de3e94a15c9dd9f614c0acb"",""silero_source"":""C:\\Users\\ACER\\AppData\\Local\\Temp\\vn_av_df_asd_refs\\silero-vad"",""silero_weights_sha256"":""7ed98ddbad84ccac4cd0aeb3099049280713df825c610a8ed34543318f1b2c49""}",7b9c4753ec46840eac2d44d97a4430e1693001688be638fc20b40e8762293669
6400,0.78125,0.0625,200,0.0,0.0,pass,,0,400,1000,0,200,7642545628941176071_s0000012514_e0000018718,"{""insightface_detector_file"":""det_10g.onnx"",""insightface_detector_sha256"":""5838f7fe053675b1c7a08b633df49e7af5495cee0493c7dcf6697200b85b5b91"",""insightface_package_version"":""1.0.1"",""laser_model"":null,""light_asd_git_sha"":""ed38c232de5efe0261dbd68627c0ade7cdfe14eb"",""light_asd_repo"":""C:\\Users\\ACER\\AppData\\Local\\Temp\\vn_av_df_asd_refs\\Light-ASD"",""light_weights_sha256"":""d44bc3ea7baa8e0946fa3921311714a630ed8b90a1928fab0dbe30d918909317"",""onnxruntime_package_version"":""1.23.2"",""preprocessing_config_hash"":""b25d7fed121420a8b678defe9e735a0d4c61517d2082dea739b58493d09ab60b"",""silero_git_sha"":""867c2aa692646a1f1de3e94a15c9dd9f614c0acb"",""silero_source"":""C:\\Users\\ACER\\AppData\\Local\\Temp\\vn_av_df_asd_refs\\silero-vad"",""silero_weights_sha256"":""7ed98ddbad84ccac4cd0aeb3099049280713df825c610a8ed34543318f1b2c49""}",7b9c4753ec46840eac2d44d97a4430e1693001688be638fc20b40e8762293669
5000,0.0,0.96,4200,0.0,0.0,reject,voiceover,0,4800,200,0,4200,7641574681107057928_s0000007650_e0000012650,"{""insightface_detector_file"":""det_10g.onnx"",""insightface_detector_sha256"":""5838f7fe053675b1c7a08b633df49e7af5495cee0493c7dcf6697200b85b5b91"",""insightface_package_version"":""1.0.1"",""laser_model"":null,""light_asd_git_sha"":""ed38c232de5efe0261dbd68627c0ade7cdfe14eb"",""light_asd_repo"":""C:\\Users\\ACER\\AppData\\Local\\Temp\\vn_av_df_asd_refs\\Light-ASD"",""light_weights_sha256"":""d44bc3ea7baa8e0946fa3921311714a630ed8b90a1928fab0dbe30d918909317"",""onnxruntime_package_version"":""1.23.2"",""preprocessing_config_hash"":""b25d7fed121420a8b678defe9e735a0d4c61517d2082dea739b58493d09ab60b"",""silero_git_sha"":""867c2aa692646a1f1de3e94a15c9dd9f614c0acb"",""silero_source"":""C:\\Users\\ACER\\AppData\\Local\\Temp\\vn_av_df_asd_refs\\silero-vad"",""silero_weights_sha256"":""7ed98ddbad84ccac4cd0aeb3099049280713df825c610a8ed34543318f1b2c49""}",7b9c4753ec46840eac2d44d97a4430e1693001688be638fc20b40e8762293669
5000,0.08,0.68,2200,0.0,0.0,manual,ambiguous,0,3400,1200,0,2200,7502863739360644360_s0000046210_e0000051210,"{""insightface_detector_file"":""det_10g.onnx"",""insightface_detector_sha256"":""5838f7fe053675b1c7a08b633df49e7af5495cee0493c7dcf6697200b85b5b91"",""insightface_package_version"":""1.0.1"",""laser_model"":null,""light_asd_git_sha"":""ed38c232de5efe0261dbd68627c0ade7cdfe14eb"",""light_asd_repo"":""C:\\Users\\ACER\\AppData\\Local\\Temp\\vn_av_df_asd_refs\\Light-ASD"",""light_weights_sha256"":""d44bc3ea7baa8e0946fa3921311714a630ed8b90a1928fab0dbe30d918909317"",""onnxruntime_package_version"":""1.23.2"",""preprocessing_config_hash"":""b25d7fed121420a8b678defe9e735a0d4c61517d2082dea739b58493d09ab60b"",""silero_git_sha"":""867c2aa692646a1f1de3e94a15c9dd9f614c0acb"",""silero_source"":""C:\\Users\\ACER\\AppData\\Local\\Temp\\vn_av_df_asd_refs\\silero-vad"",""silero_weights_sha256"":""7ed98ddbad84ccac4cd0aeb3099049280713df825c610a8ed34543318f1b2c49""}",7b9c4753ec46840eac2d44d97a4430e1693001688be638fc20b40e8762293669
2600,0.0,0.7692307692307693,2000,0.3076923076923077,0.0,manual,ambiguous,800,1200,600,800,1200,7501643165061975304_s0000000546_e0000003070,"{""insightface_detector_file"":""det_10g.onnx"",""insightface_detector_sha256"":""5838f7fe053675b1c7a08b633df49e7af5495cee0493c7dcf6697200b85b5b91"",""insightface_package_version"":""1.0.1"",""laser_model"":null,""light_asd_git_sha"":""ed38c232de5efe0261dbd68627c0ade7cdfe14eb"",""light_asd_repo"":""C:\\Users\\ACER\\AppData\\Local\\Temp\\vn_av_df_asd_refs\\Light-ASD"",""light_weights_sha256"":""d44bc3ea7baa8e0946fa3921311714a630ed8b90a1928fab0dbe30d918909317"",""onnxruntime_package_version"":""1.23.2"",""preprocessing_config_hash"":""b25d7fed121420a8b678defe9e735a0d4c61517d2082dea739b58493d09ab60b"",""silero_git_sha"":""867c2aa692646a1f1de3e94a15c9dd9f614c0acb"",""silero_source"":""C:\\Users\\ACER\\AppData\\Local\\Temp\\vn_av_df_asd_refs\\silero-vad"",""silero_weights_sha256"":""7ed98ddbad84ccac4cd0aeb3099049280713df825c610a8ed34543318f1b2c49""}",7b9c4753ec46840eac2d44d97a4430e1693001688be638fc20b40e8762293669
7400,0.32432432432432434,0.08108108108108109,400,0.0,0.0,manual,ambiguous,0,600,4400,0,400,7585912099348434196_s0000141026_e0000148382,"{""insightface_detector_file"":""det_10g.onnx"",""insightface_detector_sha256"":""5838f7fe053675b1c7a08b633df49e7af5495cee0493c7dcf6697200b85b5b91"",""insightface_package_version"":""1.0.1"",""laser_model"":null,""light_asd_git_sha"":""ed38c232de5efe0261dbd68627c0ade7cdfe14eb"",""light_asd_repo"":""C:\\Users\\ACER\\AppData\\Local\\Temp\\vn_av_df_asd_refs\\Light-ASD"",""light_weights_sha256"":""d44bc3ea7baa8e0946fa3921311714a630ed8b90a1928fab0dbe30d918909317"",""onnxruntime_package_version"":""1.23.2"",""preprocessing_config_hash"":""b25d7fed121420a8b678defe9e735a0d4c61517d2082dea739b58493d09ab60b"",""silero_git_sha"":""867c2aa692646a1f1de3e94a15c9dd9f614c0acb"",""silero_source"":""C:\\Users\\ACER\\AppData\\Local\\Temp\\vn_av_df_asd_refs\\silero-vad"",""silero_weights_sha256"":""7ed98ddbad84ccac4cd0aeb3099049280713df825c610a8ed34543318f1b2c49""}",7b9c4753ec46840eac2d44d97a4430e1693001688be638fc20b40e8762293669
2400,0.0,0.0,0,0.0,0.0,manual,ambiguous,0,0,2400,0,0,7636360950232222994_s0000008066_e0000010398,"{""insightface_detector_file"":""det_10g.onnx"",""insightface_detector_sha256"":""5838f7fe053675b1c7a08b633df49e7af5495cee0493c7dcf6697200b85b5b91"",""insightface_package_version"":""1.0.1"",""laser_model"":null,""light_asd_git_sha"":""ed38c232de5efe0261dbd68627c0ade7cdfe14eb"",""light_asd_repo"":""C:\\Users\\ACER\\AppData\\Local\\Temp\\vn_av_df_asd_refs\\Light-ASD"",""light_weights_sha256"":""d44bc3ea7baa8e0946fa3921311714a630ed8b90a1928fab0dbe30d918909317"",""onnxruntime_package_version"":""1.23.2"",""preprocessing_config_hash"":""b25d7fed121420a8b678defe9e735a0d4c61517d2082dea739b58493d09ab60b"",""silero_git_sha"":""867c2aa692646a1f1de3e94a15c9dd9f614c0acb"",""silero_source"":""C:\\Users\\ACER\\AppData\\Local\\Temp\\vn_av_df_asd_refs\\silero-vad"",""silero_weights_sha256"":""7ed98ddbad84ccac4cd0aeb3099049280713df825c610a8ed34543318f1b2c49""}",7b9c4753ec46840eac2d44d97a4430e1693001688be638fc20b40e8762293669
3200,0.3125,0.25,400,0.0,0.0,manual,inference_failure,0,800,1200,0,400,7625991457144376594_s0000041026_e0000044062,"{""insightface_detector_file"":""det_10g.onnx"",""insightface_detector_sha256"":""5838f7fe053675b1c7a08b633df49e7af5495cee0493c7dcf6697200b85b5b91"",""insightface_package_version"":""1.0.1"",""laser_model"":null,""light_asd_git_sha"":""ed38c232de5efe0261dbd68627c0ade7cdfe14eb"",""light_asd_repo"":""C:\\Users\\ACER\\AppData\\Local\\Temp\\vn_av_df_asd_refs\\Light-ASD"",""light_weights_sha256"":""d44bc3ea7baa8e0946fa3921311714a630ed8b90a1928fab0dbe30d918909317"",""onnxruntime_package_version"":""1.23.2"",""preprocessing_config_hash"":""b25d7fed121420a8b678defe9e735a0d4c61517d2082dea739b58493d09ab60b"",""silero_git_sha"":""867c2aa692646a1f1de3e94a15c9dd9f614c0acb"",""silero_source"":""C:\\Users\\ACER\\AppData\\Local\\Temp\\vn_av_df_asd_refs\\silero-vad"",""silero_weights_sha256"":""7ed98ddbad84ccac4cd0aeb3099049280713df825c610a8ed34543318f1b2c49""}",7b9c4753ec46840eac2d44d97a4430e1693001688be638fc20b40e8762293669
4200,0.0,0.8095238095238095,2800,0.0,0.0,reject,voiceover,0,3400,800,0,2800,7451492743924288784_s0000060418_e0000064606,"{""insightface_detector_file"":""det_10g.onnx"",""insightface_detector_sha256"":""5838f7fe053675b1c7a08b633df49e7af5495cee0493c7dcf6697200b85b5b91"",""insightface_package_version"":""1.0.1"",""laser_model"":null,""light_asd_git_sha"":""ed38c232de5efe0261dbd68627c0ade7cdfe14eb"",""light_asd_repo"":""C:\\Users\\ACER\\AppData\\Local\\Temp\\vn_av_df_asd_refs\\Light-ASD"",""light_weights_sha256"":""d44bc3ea7baa8e0946fa3921311714a630ed8b90a1928fab0dbe30d918909317"",""onnxruntime_package_version"":""1.23.2"",""preprocessing_config_hash"":""b25d7fed121420a8b678defe9e735a0d4c61517d2082dea739b58493d09ab60b"",""silero_git_sha"":""867c2aa692646a1f1de3e94a15c9dd9f614c0acb"",""silero_source"":""C:\\Users\\ACER\\AppData\\Local\\Temp\\vn_av_df_asd_refs\\silero-vad"",""silero_weights_sha256"":""7ed98ddbad84ccac4cd0aeb3099049280713df825c610a8ed34543318f1b2c49""}",7b9c4753ec46840eac2d44d97a4430e1693001688be638fc20b40e8762293669
4800,0.8333333333333334,0.08333333333333333,200,0.0,0.0,pass,,0,400,400,0,200,7576975736876092680_s0000061666_e0000066270,"{""insightface_detector_file"":""det_10g.onnx"",""insightface_detector_sha256"":""5838f7fe053675b1c7a08b633df49e7af5495cee0493c7dcf6697200b85b5b91"",""insightface_package_version"":""1.0.1"",""laser_model"":null,""light_asd_git_sha"":""ed38c232de5efe0261dbd68627c0ade7cdfe14eb"",""light_asd_repo"":""C:\\Users\\ACER\\AppData\\Local\\Temp\\vn_av_df_asd_refs\\Light-ASD"",""light_weights_sha256"":""d44bc3ea7baa8e0946fa3921311714a630ed8b90a1928fab0dbe30d918909317"",""onnxruntime_package_version"":""1.23.2"",""preprocessing_config_hash"":""b25d7fed121420a8b678defe9e735a0d4c61517d2082dea739b58493d09ab60b"",""silero_git_sha"":""867c2aa692646a1f1de3e94a15c9dd9f614c0acb"",""silero_source"":""C:\\Users\\ACER\\AppData\\Local\\Temp\\vn_av_df_asd_refs\\silero-vad"",""silero_weights_sha256"":""7ed98ddbad84ccac4cd0aeb3099049280713df825c610a8ed34543318f1b2c49""}",7b9c4753ec46840eac2d44d97a4430e1693001688be638fc20b40e8762293669
