clip_id,source_video,start_time,end_time,duration,face_ratio,speech_ratio,snr,file_path
XwMwDTPAyAo_clip0000_t00028,XwMwDTPAyAo,28.258,31.838,3.58,1.0,1.0,6.43,/kaggle/working/clips/tier1/XwMwDTPAyAo_clip0000_t00028.mp4
XwMwDTPAyAo_clip0001_t00034,XwMwDTPAyAo,34.082,36.574,2.492,1.0,1.0,6.03,/kaggle/working/clips/tier1/XwMwDTPAyAo_clip0001_t00034.mp4
XwMwDTPAyAo_clip0002_t00036,XwMwDTPAyAo,36.738,40.382,3.644,1.0,1.0,6.86,/kaggle/working/clips/tier1/XwMwDTPAyAo_clip0002_t00036.mp4
XwMwDTPAyAo_clip0003_t00041,XwMwDTPAyAo,41.986,46.986,5.0,1.0,1.0,7.35,/kaggle/working/clips/tier1/XwMwDTPAyAo_clip0003_t00041.mp4
XwMwDTPAyAo_clip0004_t00045,XwMwDTPAyAo,45.986,50.986,5.0,1.0,1.0,5.79,/kaggle/working/clips/tier1/XwMwDTPAyAo_clip0004_t00045.mp4
XwMwDTPAyAo_clip0005_t00049,XwMwDTPAyAo,49.986,54.986,5.0,1.0,1.0,5.67,/kaggle/working/clips/tier1/XwMwDTPAyAo_clip0005_t00049.mp4
XwMwDTPAyAo_clip0006_t00053,XwMwDTPAyAo,53.986,58.986,5.0,1.0,1.0,6.02,/kaggle/working/clips/tier1/XwMwDTPAyAo_clip0006_t00053.mp4
XwMwDTPAyAo_clip0007_t00077,XwMwDTPAyAo,77.09,82.494,5.404,1.0,1.0,5.91,/kaggle/working/clips/tier1/XwMwDTPAyAo_clip0007_t00077.mp4
XwMwDTPAyAo_clip0008_t00087,XwMwDTPAyAo,87.394,89.662,2.268,1.0,1.0,7.76,/kaggle/working/clips/tier1/XwMwDTPAyAo_clip0008_t00087.mp4
XwMwDTPAyAo_clip0009_t00098,XwMwDTPAyAo,98.37,102.718,4.348,1.0,1.0,6.82,/kaggle/working/clips/tier1/XwMwDTPAyAo_clip0009_t00098.mp4
XwMwDTPAyAo_clip0010_t00115,XwMwDTPAyAo,115.138,120.254,5.116,1.0,1.0,6.22,/kaggle/working/clips/tier1/XwMwDTPAyAo_clip0010_t00115.mp4
XwMwDTPAyAo_clip0011_t00159,XwMwDTPAyAo,159.65,162.59,2.94,1.0,1.0,7.61,/kaggle/working/clips/tier1/XwMwDTPAyAo_clip0011_t00159.mp4
XwMwDTPAyAo_clip0012_t00162,XwMwDTPAyAo,162.722,164.926,2.204,1.0,1.0,6.73,/kaggle/working/clips/tier1/XwMwDTPAyAo_clip0012_t00162.mp4
XwMwDTPAyAo_clip0013_t00165,XwMwDTPAyAo,165.442,168.222,2.78,1.0,1.0,6.66,/kaggle/working/clips/tier1/XwMwDTPAyAo_clip0013_t00165.mp4
XwMwDTPAyAo_clip0014_t00206,XwMwDTPAyAo,206.178,209.278,3.1,1.0,1.0,6.42,/kaggle/working/clips/tier1/XwMwDTPAyAo_clip0014_t00206.mp4
XwMwDTPAyAo_clip0015_t00252,XwMwDTPAyAo,252.45,256.542,4.092,1.0,1.0,6.77,/kaggle/working/clips/tier1/XwMwDTPAyAo_clip0015_t00252.mp4
XwMwDTPAyAo_clip0016_t00303,XwMwDTPAyAo,303.586,308.586,5.0,1.0,1.0,6.17,/kaggle/working/clips/tier1/XwMwDTPAyAo_clip0016_t00303.mp4
XwMwDTPAyAo_clip0017_t00307,XwMwDTPAyAo,307.586,312.586,5.0,1.0,1.0,5.78,/kaggle/working/clips/tier1/XwMwDTPAyAo_clip0017_t00307.mp4
XwMwDTPAyAo_clip0018_t00341,XwMwDTPAyAo,341.506,346.506,5.0,1.0,1.0,4.95,/kaggle/working/clips/tier1/XwMwDTPAyAo_clip0018_t00341.mp4
XwMwDTPAyAo_clip0019_t00345,XwMwDTPAyAo,345.506,350.506,5.0,1.0,1.0,4.29,/kaggle/working/clips/tier1/XwMwDTPAyAo_clip0019_t00345.mp4
XwMwDTPAyAo_clip0020_t00364,XwMwDTPAyAo,364.386,368.734,4.348,1.0,1.0,6.06,/kaggle/working/clips/tier1/XwMwDTPAyAo_clip0020_t00364.mp4
XwMwDTPAyAo_clip0021_t00381,XwMwDTPAyAo,381.506,384.798,3.292,1.0,1.0,5.8,/kaggle/working/clips/tier1/XwMwDTPAyAo_clip0021_t00381.mp4
XwMwDTPAyAo_clip0022_t00384,XwMwDTPAyAo,384.93,389.438,4.508,1.0,1.0,5.6,/kaggle/working/clips/tier1/XwMwDTPAyAo_clip0022_t00384.mp4
XwMwDTPAyAo_clip0023_t00402,XwMwDTPAyAo,402.69,411.39,8.7,1.0,1.0,5.29,/kaggle/working/clips/tier1/XwMwDTPAyAo_clip0023_t00402.mp4
XwMwDTPAyAo_clip0024_t00413,XwMwDTPAyAo,413.474,417.662,4.188,1.0,1.0,5.51,/kaggle/working/clips/tier1/XwMwDTPAyAo_clip0024_t00413.mp4
XwMwDTPAyAo_clip0025_t00424,XwMwDTPAyAo,424.674,432.254,7.58,1.0,1.0,6.05,/kaggle/working/clips/tier1/XwMwDTPAyAo_clip0025_t00424.mp4
XwMwDTPAyAo_clip0026_t00432,XwMwDTPAyAo,432.386,435.774,3.388,1.0,1.0,4.93,/kaggle/working/clips/tier1/XwMwDTPAyAo_clip0026_t00432.mp4
XwMwDTPAyAo_clip0027_t00463,XwMwDTPAyAo,463.17,465.918,2.748,1.0,1.0,8.1,/kaggle/working/clips/tier1/XwMwDTPAyAo_clip0027_t00463.mp4
XwMwDTPAyAo_clip0028_t00517,XwMwDTPAyAo,517.538,519.934,2.396,1.0,1.0,8.29,/kaggle/working/clips/tier1/XwMwDTPAyAo_clip0028_t00517.mp4
XwMwDTPAyAo_clip0029_t00520,XwMwDTPAyAo,520.13,524.83,4.7,1.0,1.0,6.0,/kaggle/working/clips/tier1/XwMwDTPAyAo_clip0029_t00520.mp4
XwMwDTPAyAo_clip0030_t00526,XwMwDTPAyAo,526.562,529.598,3.036,1.0,1.0,7.18,/kaggle/working/clips/tier1/XwMwDTPAyAo_clip0030_t00526.mp4
XwMwDTPAyAo_clip0031_t00529,XwMwDTPAyAo,529.762,534.654,4.892,1.0,1.0,5.9,/kaggle/working/clips/tier1/XwMwDTPAyAo_clip0031_t00529.mp4
XwMwDTPAyAo_clip0032_t00536,XwMwDTPAyAo,536.162,540.862,4.7,1.0,1.0,5.88,/kaggle/working/clips/tier1/XwMwDTPAyAo_clip0032_t00536.mp4
XwMwDTPAyAo_clip0033_t00541,XwMwDTPAyAo,541.026,544.51,3.484,1.0,1.0,5.75,/kaggle/working/clips/tier1/XwMwDTPAyAo_clip0033_t00541.mp4
XwMwDTPAyAo_clip0034_t00544,XwMwDTPAyAo,544.802,546.878,2.076,1.0,1.0,5.77,/kaggle/working/clips/tier1/XwMwDTPAyAo_clip0034_t00544.mp4
XwMwDTPAyAo_clip0035_t00547,XwMwDTPAyAo,547.138,549.438,2.3,1.0,1.0,3.55,/kaggle/working/clips/tier1/XwMwDTPAyAo_clip0035_t00547.mp4
XwMwDTPAyAo_clip0036_t00573,XwMwDTPAyAo,573.378,576.03,2.652,1.0,1.0,5.39,/kaggle/working/clips/tier1/XwMwDTPAyAo_clip0036_t00573.mp4
XwMwDTPAyAo_clip0037_t00615,XwMwDTPAyAo,615.458,619.678,4.22,1.0,1.0,5.87,/kaggle/working/clips/tier1/XwMwDTPAyAo_clip0037_t00615.mp4
XwMwDTPAyAo_clip0038_t00624,XwMwDTPAyAo,624.898,628.894,3.996,1.0,1.0,5.43,/kaggle/working/clips/tier1/XwMwDTPAyAo_clip0038_t00624.mp4
XwMwDTPAyAo_clip0039_t00629,XwMwDTPAyAo,629.186,633.374,4.188,1.0,1.0,5.02,/kaggle/working/clips/tier1/XwMwDTPAyAo_clip0039_t00629.mp4
XwMwDTPAyAo_clip0040_t00640,XwMwDTPAyAo,640.418,642.91,2.492,1.0,1.0,4.55,/kaggle/working/clips/tier1/XwMwDTPAyAo_clip0040_t00640.mp4
XwMwDTPAyAo_clip0041_t00643,XwMwDTPAyAo,643.842,647.294,3.452,1.0,1.0,4.7,/kaggle/working/clips/tier1/XwMwDTPAyAo_clip0041_t00643.mp4
XwMwDTPAyAo_clip0042_t00647,XwMwDTPAyAo,647.458,651.006,3.548,1.0,1.0,5.28,/kaggle/working/clips/tier1/XwMwDTPAyAo_clip0042_t00647.mp4
XwMwDTPAyAo_clip0043_t00652,XwMwDTPAyAo,652.258,654.622,2.364,1.0,1.0,5.51,/kaggle/working/clips/tier1/XwMwDTPAyAo_clip0043_t00652.mp4
XwMwDTPAyAo_clip0044_t00665,XwMwDTPAyAo,665.122,667.39,2.268,1.0,1.0,4.44,/kaggle/working/clips/tier1/XwMwDTPAyAo_clip0044_t00665.mp4
XwMwDTPAyAo_clip0045_t00670,XwMwDTPAyAo,670.69,673.63,2.94,1.0,1.0,5.43,/kaggle/working/clips/tier1/XwMwDTPAyAo_clip0045_t00670.mp4
XwMwDTPAyAo_clip0046_t00683,XwMwDTPAyAo,683.042,686.334,3.292,1.0,1.0,6.51,/kaggle/working/clips/tier1/XwMwDTPAyAo_clip0046_t00683.mp4
XwMwDTPAyAo_clip0047_t00693,XwMwDTPAyAo,693.602,697.598,3.996,1.0,1.0,5.34,/kaggle/working/clips/tier1/XwMwDTPAyAo_clip0047_t00693.mp4
XwMwDTPAyAo_clip0048_t00734,XwMwDTPAyAo,734.53,738.814,4.284,1.0,1.0,7.05,/kaggle/working/clips/tier1/XwMwDTPAyAo_clip0048_t00734.mp4
XwMwDTPAyAo_clip0049_t00746,XwMwDTPAyAo,746.69,748.734,2.044,1.0,1.0,5.82,/kaggle/working/clips/tier1/XwMwDTPAyAo_clip0049_t00746.mp4
XwMwDTPAyAo_clip0050_t00748,XwMwDTPAyAo,748.962,753.31,4.348,1.0,1.0,4.98,/kaggle/working/clips/tier1/XwMwDTPAyAo_clip0050_t00748.mp4
XwMwDTPAyAo_clip0051_t00755,XwMwDTPAyAo,755.01,757.95,2.94,1.0,1.0,7.64,/kaggle/working/clips/tier1/XwMwDTPAyAo_clip0051_t00755.mp4
y3vBfCdY2tQ_clip0000_t00004,y3vBfCdY2tQ,4.418,15.134,10.716,1.0,1.0,8.08,/kaggle/working/clips/tier1/y3vBfCdY2tQ_clip0000_t00004.mp4
y3vBfCdY2tQ_clip0001_t00028,y3vBfCdY2tQ,28.386,35.998,7.612,1.0,1.0,4.09,/kaggle/working/clips/tier1/y3vBfCdY2tQ_clip0001_t00028.mp4
y3vBfCdY2tQ_clip0002_t00078,y3vBfCdY2tQ,78.69,81.15,2.46,1.0,1.0,5.5,/kaggle/working/clips/tier1/y3vBfCdY2tQ_clip0002_t00078.mp4
y3vBfCdY2tQ_clip0003_t00081,y3vBfCdY2tQ,81.314,83.998,2.684,1.0,1.0,5.46,/kaggle/working/clips/tier1/y3vBfCdY2tQ_clip0003_t00081.mp4
y3vBfCdY2tQ_clip0004_t00135,y3vBfCdY2tQ,135.202,139.582,4.38,1.0,1.0,6.05,/kaggle/working/clips/tier1/y3vBfCdY2tQ_clip0004_t00135.mp4
y3vBfCdY2tQ_clip0005_t00139,y3vBfCdY2tQ,139.682,141.79,2.108,1.0,1.0,6.51,/kaggle/working/clips/tier1/y3vBfCdY2tQ_clip0005_t00139.mp4
y3vBfCdY2tQ_clip0006_t00141,y3vBfCdY2tQ,141.922,149.534,7.612,1.0,1.0,6.27,/kaggle/working/clips/tier1/y3vBfCdY2tQ_clip0006_t00141.mp4
y3vBfCdY2tQ_clip0007_t00149,y3vBfCdY2tQ,149.922,154.686,4.764,1.0,1.0,6.55,/kaggle/working/clips/tier1/y3vBfCdY2tQ_clip0007_t00149.mp4
y3vBfCdY2tQ_clip0008_t00156,y3vBfCdY2tQ,156.546,160.606,4.06,1.0,1.0,6.07,/kaggle/working/clips/tier1/y3vBfCdY2tQ_clip0008_t00156.mp4
y3vBfCdY2tQ_clip0009_t00160,y3vBfCdY2tQ,160.77,164.126,3.356,1.0,1.0,7.23,/kaggle/working/clips/tier1/y3vBfCdY2tQ_clip0009_t00160.mp4
y3vBfCdY2tQ_clip0010_t00164,y3vBfCdY2tQ,164.482,171.07,6.588,1.0,1.0,6.11,/kaggle/working/clips/tier1/y3vBfCdY2tQ_clip0010_t00164.mp4
y3vBfCdY2tQ_clip0011_t00171,y3vBfCdY2tQ,171.874,175.358,3.484,1.0,1.0,7.2,/kaggle/working/clips/tier1/y3vBfCdY2tQ_clip0011_t00171.mp4
y3vBfCdY2tQ_clip0012_t00198,y3vBfCdY2tQ,198.082,203.966,5.884,1.0,1.0,7.02,/kaggle/working/clips/tier1/y3vBfCdY2tQ_clip0012_t00198.mp4
y3vBfCdY2tQ_clip0013_t00204,y3vBfCdY2tQ,204.322,208.766,4.444,1.0,1.0,6.56,/kaggle/working/clips/tier1/y3vBfCdY2tQ_clip0013_t00204.mp4
y3vBfCdY2tQ_clip0014_t00208,y3vBfCdY2tQ,208.866,211.454,2.588,1.0,1.0,6.48,/kaggle/working/clips/tier1/y3vBfCdY2tQ_clip0014_t00208.mp4
y3vBfCdY2tQ_clip0015_t00211,y3vBfCdY2tQ,211.586,215.102,3.516,1.0,1.0,6.8,/kaggle/working/clips/tier1/y3vBfCdY2tQ_clip0015_t00211.mp4
y3vBfCdY2tQ_clip0016_t00220,y3vBfCdY2tQ,220.514,223.678,3.164,1.0,1.0,5.82,/kaggle/working/clips/tier1/y3vBfCdY2tQ_clip0016_t00220.mp4
y3vBfCdY2tQ_clip0017_t00227,y3vBfCdY2tQ,227.106,230.11,3.004,1.0,1.0,5.63,/kaggle/working/clips/tier1/y3vBfCdY2tQ_clip0017_t00227.mp4
y3vBfCdY2tQ_clip0018_t00232,y3vBfCdY2tQ,232.194,234.91,2.716,1.0,1.0,7.48,/kaggle/working/clips/tier1/y3vBfCdY2tQ_clip0018_t00232.mp4
y3vBfCdY2tQ_clip0019_t00240,y3vBfCdY2tQ,240.002,243.646,3.644,1.0,1.0,7.13,/kaggle/working/clips/tier1/y3vBfCdY2tQ_clip0019_t00240.mp4
y3vBfCdY2tQ_clip0020_t00245,y3vBfCdY2tQ,245.314,247.71,2.396,1.0,1.0,7.18,/kaggle/working/clips/tier1/y3vBfCdY2tQ_clip0020_t00245.mp4
y3vBfCdY2tQ_clip0021_t00248,y3vBfCdY2tQ,248.194,251.294,3.1,1.0,1.0,5.88,/kaggle/working/clips/tier1/y3vBfCdY2tQ_clip0021_t00248.mp4
y3vBfCdY2tQ_clip0022_t00251,y3vBfCdY2tQ,251.394,255.678,4.284,1.0,1.0,8.6,/kaggle/working/clips/tier1/y3vBfCdY2tQ_clip0022_t00251.mp4
y3vBfCdY2tQ_clip0023_t00256,y3vBfCdY2tQ,256.194,258.75,2.556,1.0,1.0,7.11,/kaggle/working/clips/tier1/y3vBfCdY2tQ_clip0023_t00256.mp4
y3vBfCdY2tQ_clip0024_t00263,y3vBfCdY2tQ,263.394,267.326,3.932,1.0,1.0,6.91,/kaggle/working/clips/tier1/y3vBfCdY2tQ_clip0024_t00263.mp4
y3vBfCdY2tQ_clip0025_t00267,y3vBfCdY2tQ,267.778,272.286,4.508,1.0,1.0,5.94,/kaggle/working/clips/tier1/y3vBfCdY2tQ_clip0025_t00267.mp4
y3vBfCdY2tQ_clip0026_t00272,y3vBfCdY2tQ,272.546,275.038,2.492,1.0,1.0,6.26,/kaggle/working/clips/tier1/y3vBfCdY2tQ_clip0026_t00272.mp4
y3vBfCdY2tQ_clip0027_t00275,y3vBfCdY2tQ,275.234,278.654,3.42,1.0,1.0,6.34,/kaggle/working/clips/tier1/y3vBfCdY2tQ_clip0027_t00275.mp4
y3vBfCdY2tQ_clip0028_t00283,y3vBfCdY2tQ,283.106,288.542,5.436,1.0,1.0,8.76,/kaggle/working/clips/tier1/y3vBfCdY2tQ_clip0028_t00283.mp4
y3vBfCdY2tQ_clip0029_t00288,y3vBfCdY2tQ,288.706,296.382,7.676,1.0,1.0,7.72,/kaggle/working/clips/tier1/y3vBfCdY2tQ_clip0029_t00288.mp4
y3vBfCdY2tQ_clip0030_t00296,y3vBfCdY2tQ,296.738,300.638,3.9,1.0,1.0,7.45,/kaggle/working/clips/tier1/y3vBfCdY2tQ_clip0030_t00296.mp4
y3vBfCdY2tQ_clip0031_t00303,y3vBfCdY2tQ,303.65,305.758,2.108,1.0,1.0,8.78,/kaggle/working/clips/tier1/y3vBfCdY2tQ_clip0031_t00303.mp4
y3vBfCdY2tQ_clip0032_t00305,y3vBfCdY2tQ,305.858,309.278,3.42,1.0,1.0,8.15,/kaggle/working/clips/tier1/y3vBfCdY2tQ_clip0032_t00305.mp4
y3vBfCdY2tQ_clip0033_t00313,y3vBfCdY2tQ,313.314,316.03,2.716,1.0,1.0,7.56,/kaggle/working/clips/tier1/y3vBfCdY2tQ_clip0033_t00313.mp4
y3vBfCdY2tQ_clip0034_t00316,y3vBfCdY2tQ,316.13,319.422,3.292,1.0,1.0,9.14,/kaggle/working/clips/tier1/y3vBfCdY2tQ_clip0034_t00316.mp4
y3vBfCdY2tQ_clip0035_t00320,y3vBfCdY2tQ,320.674,323.23,2.556,1.0,1.0,6.2,/kaggle/working/clips/tier1/y3vBfCdY2tQ_clip0035_t00320.mp4
y3vBfCdY2tQ_clip0036_t00324,y3vBfCdY2tQ,324.098,327.646,3.548,1.0,1.0,6.07,/kaggle/working/clips/tier1/y3vBfCdY2tQ_clip0036_t00324.mp4
y3vBfCdY2tQ_clip0037_t00327,y3vBfCdY2tQ,327.746,330.462,2.716,1.0,1.0,8.3,/kaggle/working/clips/tier1/y3vBfCdY2tQ_clip0037_t00327.mp4
y3vBfCdY2tQ_clip0038_t00330,y3vBfCdY2tQ,330.69,332.99,2.3,1.0,1.0,8.58,/kaggle/working/clips/tier1/y3vBfCdY2tQ_clip0038_t00330.mp4
y3vBfCdY2tQ_clip0039_t00335,y3vBfCdY2tQ,335.33,339.646,4.316,1.0,1.0,6.83,/kaggle/working/clips/tier1/y3vBfCdY2tQ_clip0039_t00335.mp4
y3vBfCdY2tQ_clip0040_t00343,y3vBfCdY2tQ,343.714,346.75,3.036,1.0,1.0,7.59,/kaggle/working/clips/tier1/y3vBfCdY2tQ_clip0040_t00343.mp4
y3vBfCdY2tQ_clip0041_t00348,y3vBfCdY2tQ,348.674,353.15,4.476,1.0,1.0,4.81,/kaggle/working/clips/tier1/y3vBfCdY2tQ_clip0041_t00348.mp4
y3vBfCdY2tQ_clip0042_t00353,y3vBfCdY2tQ,353.314,355.934,2.62,1.0,1.0,4.09,/kaggle/working/clips/tier1/y3vBfCdY2tQ_clip0042_t00353.mp4
y3vBfCdY2tQ_clip0043_t00356,y3vBfCdY2tQ,356.034,358.334,2.3,1.0,1.0,4.59,/kaggle/working/clips/tier1/y3vBfCdY2tQ_clip0043_t00356.mp4
y3vBfCdY2tQ_clip0044_t00358,y3vBfCdY2tQ,358.434,361.182,2.748,1.0,1.0,2.92,/kaggle/working/clips/tier1/y3vBfCdY2tQ_clip0044_t00358.mp4
y3vBfCdY2tQ_clip0045_t00362,y3vBfCdY2tQ,362.242,365.694,3.452,1.0,1.0,3.63,/kaggle/working/clips/tier1/y3vBfCdY2tQ_clip0045_t00362.mp4
y3vBfCdY2tQ_clip0046_t00365,y3vBfCdY2tQ,365.922,368.35,2.428,1.0,1.0,3.89,/kaggle/working/clips/tier1/y3vBfCdY2tQ_clip0046_t00365.mp4
y3vBfCdY2tQ_clip0047_t00380,y3vBfCdY2tQ,380.61,384.254,3.644,1.0,1.0,5.05,/kaggle/working/clips/tier1/y3vBfCdY2tQ_clip0047_t00380.mp4
y3vBfCdY2tQ_clip0048_t00384,y3vBfCdY2tQ,384.418,387.326,2.908,1.0,1.0,6.19,/kaggle/working/clips/tier1/y3vBfCdY2tQ_clip0048_t00384.mp4
y3vBfCdY2tQ_clip0049_t00390,y3vBfCdY2tQ,390.85,392.862,2.012,1.0,1.0,4.92,/kaggle/working/clips/tier1/y3vBfCdY2tQ_clip0049_t00390.mp4
y3vBfCdY2tQ_clip0050_t00410,y3vBfCdY2tQ,410.402,412.766,2.364,1.0,1.0,4.36,/kaggle/working/clips/tier1/y3vBfCdY2tQ_clip0050_t00410.mp4
y3vBfCdY2tQ_clip0051_t00412,y3vBfCdY2tQ,412.898,416.542,3.644,1.0,1.0,4.14,/kaggle/working/clips/tier1/y3vBfCdY2tQ_clip0051_t00412.mp4
y3vBfCdY2tQ_clip0052_t00421,y3vBfCdY2tQ,421.858,423.998,2.14,1.0,1.0,3.58,/kaggle/working/clips/tier1/y3vBfCdY2tQ_clip0052_t00421.mp4
y3vBfCdY2tQ_clip0053_t00424,y3vBfCdY2tQ,424.386,427.806,3.42,1.0,1.0,4.38,/kaggle/working/clips/tier1/y3vBfCdY2tQ_clip0053_t00424.mp4
y3vBfCdY2tQ_clip0054_t00430,y3vBfCdY2tQ,430.018,432.286,2.268,1.0,1.0,4.24,/kaggle/working/clips/tier1/y3vBfCdY2tQ_clip0054_t00430.mp4
y3vBfCdY2tQ_clip0055_t00440,y3vBfCdY2tQ,440.066,445.31,5.244,1.0,1.0,6.16,/kaggle/working/clips/tier1/y3vBfCdY2tQ_clip0055_t00440.mp4
y3vBfCdY2tQ_clip0056_t00445,y3vBfCdY2tQ,445.666,452.158,6.492,1.0,1.0,5.75,/kaggle/working/clips/tier1/y3vBfCdY2tQ_clip0056_t00445.mp4
y3vBfCdY2tQ_clip0057_t00452,y3vBfCdY2tQ,452.482,457.662,5.18,1.0,1.0,5.26,/kaggle/working/clips/tier1/y3vBfCdY2tQ_clip0057_t00452.mp4
y3vBfCdY2tQ_clip0058_t00458,y3vBfCdY2tQ,458.018,465.566,7.548,1.0,1.0,4.07,/kaggle/working/clips/tier1/y3vBfCdY2tQ_clip0058_t00458.mp4
y3vBfCdY2tQ_clip0059_t00470,y3vBfCdY2tQ,470.85,474.654,3.804,1.0,1.0,4.55,/kaggle/working/clips/tier1/y3vBfCdY2tQ_clip0059_t00470.mp4
y3vBfCdY2tQ_clip0060_t00479,y3vBfCdY2tQ,479.458,483.582,4.124,1.0,1.0,4.1,/kaggle/working/clips/tier1/y3vBfCdY2tQ_clip0060_t00479.mp4
z0ZM1kEnmJI_clip0000_t00029,z0ZM1kEnmJI,29.026,32.734,3.708,1.0,1.0,0.27,/kaggle/working/clips/tier1/z0ZM1kEnmJI_clip0000_t00029.mp4
z0ZM1kEnmJI_clip0001_t00032,z0ZM1kEnmJI,32.994,35.102,2.108,1.0,1.0,1.81,/kaggle/working/clips/tier1/z0ZM1kEnmJI_clip0001_t00032.mp4
z0ZM1kEnmJI_clip0002_t00045,z0ZM1kEnmJI,45.666,50.666,5.0,1.0,1.0,0.91,/kaggle/working/clips/tier1/z0ZM1kEnmJI_clip0002_t00045.mp4
z0ZM1kEnmJI_clip0003_t00065,z0ZM1kEnmJI,65.666,68.83,3.164,1.0,1.0,1.84,/kaggle/working/clips/tier1/z0ZM1kEnmJI_clip0003_t00065.mp4
z0ZM1kEnmJI_clip0004_t00098,z0ZM1kEnmJI,98.306,103.55,5.244,1.0,1.0,4.04,/kaggle/working/clips/tier1/z0ZM1kEnmJI_clip0004_t00098.mp4
z0ZM1kEnmJI_clip0005_t00109,z0ZM1kEnmJI,109.378,114.378,5.0,1.0,1.0,5.49,/kaggle/working/clips/tier1/z0ZM1kEnmJI_clip0005_t00109.mp4
z0ZM1kEnmJI_clip0006_t00117,z0ZM1kEnmJI,117.378,122.378,5.0,1.0,1.0,4.94,/kaggle/working/clips/tier1/z0ZM1kEnmJI_clip0006_t00117.mp4
z0ZM1kEnmJI_clip0007_t00132,z0ZM1kEnmJI,132.578,134.782,2.204,1.0,1.0,4.74,/kaggle/working/clips/tier1/z0ZM1kEnmJI_clip0007_t00132.mp4
z0ZM1kEnmJI_clip0008_t00142,z0ZM1kEnmJI,142.594,144.99,2.396,1.0,1.0,4.02,/kaggle/working/clips/tier1/z0ZM1kEnmJI_clip0008_t00142.mp4
z0ZM1kEnmJI_clip0009_t00189,z0ZM1kEnmJI,189.186,194.186,5.0,1.0,1.0,4.48,/kaggle/working/clips/tier1/z0ZM1kEnmJI_clip0009_t00189.mp4
z0ZM1kEnmJI_clip0010_t00213,z0ZM1kEnmJI,213.186,217.47,4.284,1.0,1.0,4.81,/kaggle/working/clips/tier1/z0ZM1kEnmJI_clip0010_t00213.mp4
z0ZM1kEnmJI_clip0011_t00241,z0ZM1kEnmJI,241.314,244.606,3.292,1.0,1.0,3.67,/kaggle/working/clips/tier1/z0ZM1kEnmJI_clip0011_t00241.mp4
z0ZM1kEnmJI_clip0012_t00244,z0ZM1kEnmJI,244.738,250.238,5.5,1.0,1.0,4.68,/kaggle/working/clips/tier1/z0ZM1kEnmJI_clip0012_t00244.mp4
z0ZM1kEnmJI_clip0013_t00282,z0ZM1kEnmJI,282.722,284.766,2.044,1.0,1.0,1.89,/kaggle/working/clips/tier1/z0ZM1kEnmJI_clip0013_t00282.mp4
z0ZM1kEnmJI_clip0014_t00297,z0ZM1kEnmJI,297.762,302.762,5.0,1.0,1.0,1.04,/kaggle/working/clips/tier1/z0ZM1kEnmJI_clip0014_t00297.mp4
z0ZM1kEnmJI_clip0015_t00305,z0ZM1kEnmJI,305.762,310.762,5.0,1.0,1.0,0.7,/kaggle/working/clips/tier1/z0ZM1kEnmJI_clip0015_t00305.mp4
z0ZM1kEnmJI_clip0016_t00309,z0ZM1kEnmJI,309.762,312.318,2.556,1.0,1.0,1.19,/kaggle/working/clips/tier1/z0ZM1kEnmJI_clip0016_t00309.mp4
z0ZM1kEnmJI_clip0017_t00455,z0ZM1kEnmJI,455.106,459.806,4.7,1.0,1.0,1.46,/kaggle/working/clips/tier1/z0ZM1kEnmJI_clip0017_t00455.mp4
z0ZM1kEnmJI_clip0018_t00463,z0ZM1kEnmJI,463.682,466.75,3.068,1.0,1.0,-1.34,/kaggle/working/clips/tier1/z0ZM1kEnmJI_clip0018_t00463.mp4
z0ZM1kEnmJI_clip0019_t00467,z0ZM1kEnmJI,467.17,469.854,2.684,1.0,1.0,1.23,/kaggle/working/clips/tier1/z0ZM1kEnmJI_clip0019_t00467.mp4
z0ZM1kEnmJI_clip0020_t00470,z0ZM1kEnmJI,470.114,474.622,4.508,1.0,1.0,3.03,/kaggle/working/clips/tier1/z0ZM1kEnmJI_clip0020_t00470.mp4
z0ZM1kEnmJI_clip0021_t00482,z0ZM1kEnmJI,482.37,486.398,4.028,1.0,1.0,-1.21,/kaggle/working/clips/tier1/z0ZM1kEnmJI_clip0021_t00482.mp4
z0ZM1kEnmJI_clip0022_t00488,z0ZM1kEnmJI,488.642,491.006,2.364,1.0,1.0,-2.49,/kaggle/working/clips/tier1/z0ZM1kEnmJI_clip0022_t00488.mp4
z0ZM1kEnmJI_clip0023_t00491,z0ZM1kEnmJI,491.586,496.03,4.444,1.0,1.0,-4.02,/kaggle/working/clips/tier1/z0ZM1kEnmJI_clip0023_t00491.mp4
z0ZM1kEnmJI_clip0024_t00606,z0ZM1kEnmJI,606.178,608.99,2.812,1.0,1.0,2.95,/kaggle/working/clips/tier1/z0ZM1kEnmJI_clip0024_t00606.mp4
z0ZM1kEnmJI_clip0025_t00610,z0ZM1kEnmJI,610.434,614.622,4.188,1.0,1.0,2.56,/kaggle/working/clips/tier1/z0ZM1kEnmJI_clip0025_t00610.mp4
z0ZM1kEnmJI_clip0026_t00642,z0ZM1kEnmJI,642.018,648.798,6.78,1.0,1.0,1.34,/kaggle/working/clips/tier1/z0ZM1kEnmJI_clip0026_t00642.mp4
z0ZM1kEnmJI_clip0027_t00708,z0ZM1kEnmJI,708.162,710.654,2.492,1.0,1.0,1.75,/kaggle/working/clips/tier1/z0ZM1kEnmJI_clip0027_t00708.mp4
z0ZM1kEnmJI_clip0028_t00729,z0ZM1kEnmJI,729.186,734.186,5.0,1.0,1.0,1.8,/kaggle/working/clips/tier1/z0ZM1kEnmJI_clip0028_t00729.mp4
ztblIi_pMPE_clip0000_t00091,ztblIi_pMPE,91.906,96.99,5.084,1.0,1.0,0.82,/kaggle/working/clips/tier1/ztblIi_pMPE_clip0000_t00091.mp4
ztblIi_pMPE_clip0001_t00097,ztblIi_pMPE,97.506,101.822,4.316,1.0,1.0,3.27,/kaggle/working/clips/tier1/ztblIi_pMPE_clip0001_t00097.mp4
ztblIi_pMPE_clip0002_t00208,ztblIi_pMPE,208.354,213.406,5.052,1.0,1.0,0.84,/kaggle/working/clips/tier1/ztblIi_pMPE_clip0002_t00208.mp4
ztblIi_pMPE_clip0003_t00213,ztblIi_pMPE,213.954,218.238,4.284,1.0,1.0,3.3,/kaggle/working/clips/tier1/ztblIi_pMPE_clip0003_t00213.mp4
yWNpIJu2PsI_clip0000_t00000,yWNpIJu2PsI,0.066,4.958,4.892,1.0,1.0,22.35,/kaggle/working/clips/tier1/yWNpIJu2PsI_clip0000_t00000.mp4
yWNpIJu2PsI_clip0001_t00005,yWNpIJu2PsI,5.154,10.782,5.628,1.0,1.0,18.98,/kaggle/working/clips/tier1/yWNpIJu2PsI_clip0001_t00005.mp4
yWNpIJu2PsI_clip0002_t00015,yWNpIJu2PsI,15.618,21.118,5.5,1.0,1.0,19.6,/kaggle/working/clips/tier1/yWNpIJu2PsI_clip0002_t00015.mp4
yWNpIJu2PsI_clip0003_t00023,yWNpIJu2PsI,23.01,34.75,11.74,1.0,1.0,16.52,/kaggle/working/clips/tier1/yWNpIJu2PsI_clip0003_t00023.mp4
yWNpIJu2PsI_clip0004_t00036,yWNpIJu2PsI,36.514,41.15,4.636,1.0,1.0,17.2,/kaggle/working/clips/tier1/yWNpIJu2PsI_clip0004_t00036.mp4
yWNpIJu2PsI_clip0005_t00041,yWNpIJu2PsI,41.346,47.454,6.108,1.0,1.0,16.52,/kaggle/working/clips/tier1/yWNpIJu2PsI_clip0005_t00041.mp4
yWNpIJu2PsI_clip0006_t00050,yWNpIJu2PsI,50.05,52.67,2.62,1.0,1.0,16.13,/kaggle/working/clips/tier1/yWNpIJu2PsI_clip0006_t00050.mp4
yWNpIJu2PsI_clip0007_t00052,yWNpIJu2PsI,52.93,56.99,4.06,1.0,1.0,19.31,/kaggle/working/clips/tier1/yWNpIJu2PsI_clip0007_t00052.mp4
yWNpIJu2PsI_clip0008_t00057,yWNpIJu2PsI,57.282,60.254,2.972,1.0,1.0,16.13,/kaggle/working/clips/tier1/yWNpIJu2PsI_clip0008_t00057.mp4
yWNpIJu2PsI_clip0009_t00064,yWNpIJu2PsI,64.994,68.798,3.804,1.0,1.0,18.64,/kaggle/working/clips/tier1/yWNpIJu2PsI_clip0009_t00064.mp4
yWNpIJu2PsI_clip0010_t00068,yWNpIJu2PsI,68.93,74.11,5.18,1.0,1.0,17.54,/kaggle/working/clips/tier1/yWNpIJu2PsI_clip0010_t00068.mp4
yWNpIJu2PsI_clip0011_t00074,yWNpIJu2PsI,74.434,76.798,2.364,1.0,1.0,15.72,/kaggle/working/clips/tier1/yWNpIJu2PsI_clip0011_t00074.mp4
yWNpIJu2PsI_clip0012_t00079,yWNpIJu2PsI,79.81,86.686,6.876,1.0,1.0,19.49,/kaggle/working/clips/tier1/yWNpIJu2PsI_clip0012_t00079.mp4
yWNpIJu2PsI_clip0013_t00088,yWNpIJu2PsI,88.002,92.734,4.732,1.0,1.0,18.58,/kaggle/working/clips/tier1/yWNpIJu2PsI_clip0013_t00088.mp4
yWNpIJu2PsI_clip0014_t00092,yWNpIJu2PsI,92.834,95.39,2.556,1.0,1.0,16.88,/kaggle/working/clips/tier1/yWNpIJu2PsI_clip0014_t00092.mp4
yWNpIJu2PsI_clip0015_t00097,yWNpIJu2PsI,97.41,100.03,2.62,1.0,1.0,18.58,/kaggle/working/clips/tier1/yWNpIJu2PsI_clip0015_t00097.mp4
yWNpIJu2PsI_clip0016_t00100,yWNpIJu2PsI,100.354,112.254,11.9,1.0,1.0,18.49,/kaggle/working/clips/tier1/yWNpIJu2PsI_clip0016_t00100.mp4
yWNpIJu2PsI_clip0017_t00112,yWNpIJu2PsI,112.546,122.75,10.204,1.0,1.0,17.87,/kaggle/working/clips/tier1/yWNpIJu2PsI_clip0017_t00112.mp4
yWNpIJu2PsI_clip0018_t00125,yWNpIJu2PsI,125.154,133.054,7.9,1.0,1.0,16.71,/kaggle/working/clips/tier1/yWNpIJu2PsI_clip0018_t00125.mp4
yWNpIJu2PsI_clip0019_t00134,yWNpIJu2PsI,134.818,143.006,8.188,1.0,1.0,20.49,/kaggle/working/clips/tier1/yWNpIJu2PsI_clip0019_t00134.mp4
yWNpIJu2PsI_clip0020_t00143,yWNpIJu2PsI,143.65,146.622,2.972,1.0,1.0,19.72,/kaggle/working/clips/tier1/yWNpIJu2PsI_clip0020_t00143.mp4
yWNpIJu2PsI_clip0021_t00146,yWNpIJu2PsI,146.786,149.342,2.556,1.0,1.0,14.23,/kaggle/working/clips/tier1/yWNpIJu2PsI_clip0021_t00146.mp4
yWNpIJu2PsI_clip0022_t00149,yWNpIJu2PsI,149.602,153.918,4.316,1.0,1.0,18.11,/kaggle/working/clips/tier1/yWNpIJu2PsI_clip0022_t00149.mp4
yWNpIJu2PsI_clip0023_t00154,yWNpIJu2PsI,154.434,156.574,2.14,1.0,1.0,15.79,/kaggle/working/clips/tier1/yWNpIJu2PsI_clip0023_t00154.mp4
yWNpIJu2PsI_clip0024_t00165,yWNpIJu2PsI,165.698,167.806,2.108,1.0,1.0,19.96,/kaggle/working/clips/tier1/yWNpIJu2PsI_clip0024_t00165.mp4
yWNpIJu2PsI_clip0025_t00173,yWNpIJu2PsI,173.378,175.87,2.492,1.0,1.0,19.67,/kaggle/working/clips/tier1/yWNpIJu2PsI_clip0025_t00173.mp4
yWNpIJu2PsI_clip0026_t00177,yWNpIJu2PsI,177.89,184.03,6.14,1.0,1.0,20.24,/kaggle/working/clips/tier1/yWNpIJu2PsI_clip0026_t00177.mp4
yWNpIJu2PsI_clip0027_t00185,yWNpIJu2PsI,185.954,188.798,2.844,1.0,1.0,17.78,/kaggle/working/clips/tier1/yWNpIJu2PsI_clip0027_t00185.mp4
yWNpIJu2PsI_clip0028_t00189,yWNpIJu2PsI,189.666,191.902,2.236,1.0,1.0,18.9,/kaggle/working/clips/tier1/yWNpIJu2PsI_clip0028_t00189.mp4
yWNpIJu2PsI_clip0029_t00193,yWNpIJu2PsI,193.826,199.166,5.34,1.0,1.0,19.95,/kaggle/working/clips/tier1/yWNpIJu2PsI_clip0029_t00193.mp4
yWNpIJu2PsI_clip0030_t00201,yWNpIJu2PsI,201.282,204.35,3.068,1.0,1.0,20.91,/kaggle/working/clips/tier1/yWNpIJu2PsI_clip0030_t00201.mp4
yWNpIJu2PsI_clip0031_t00204,yWNpIJu2PsI,204.642,208.03,3.388,1.0,1.0,18.16,/kaggle/working/clips/tier1/yWNpIJu2PsI_clip0031_t00204.mp4
yWNpIJu2PsI_clip0032_t00209,yWNpIJu2PsI,209.794,214.878,5.084,1.0,1.0,18.67,/kaggle/working/clips/tier1/yWNpIJu2PsI_clip0032_t00209.mp4
yWNpIJu2PsI_clip0033_t00215,yWNpIJu2PsI,215.778,218.078,2.3,1.0,1.0,20.0,/kaggle/working/clips/tier1/yWNpIJu2PsI_clip0033_t00215.mp4
yWNpIJu2PsI_clip0034_t00218,yWNpIJu2PsI,218.306,222.75,4.444,1.0,1.0,16.74,/kaggle/working/clips/tier1/yWNpIJu2PsI_clip0034_t00218.mp4
yWNpIJu2PsI_clip0035_t00222,yWNpIJu2PsI,222.882,227.882,5.0,1.0,1.0,18.62,/kaggle/working/clips/tier1/yWNpIJu2PsI_clip0035_t00222.mp4
yWNpIJu2PsI_clip0036_t00226,yWNpIJu2PsI,226.882,231.882,5.0,1.0,1.0,17.28,/kaggle/working/clips/tier1/yWNpIJu2PsI_clip0036_t00226.mp4
yWNpIJu2PsI_clip0037_t00230,yWNpIJu2PsI,230.882,235.882,5.0,1.0,1.0,18.36,/kaggle/working/clips/tier1/yWNpIJu2PsI_clip0037_t00230.mp4
yWNpIJu2PsI_clip0038_t00234,yWNpIJu2PsI,234.882,238.334,3.452,1.0,1.0,16.39,/kaggle/working/clips/tier1/yWNpIJu2PsI_clip0038_t00234.mp4
yWNpIJu2PsI_clip0039_t00238,yWNpIJu2PsI,238.498,241.534,3.036,1.0,1.0,16.34,/kaggle/working/clips/tier1/yWNpIJu2PsI_clip0039_t00238.mp4
yWNpIJu2PsI_clip0040_t00241,yWNpIJu2PsI,241.73,248.99,7.26,1.0,1.0,17.29,/kaggle/working/clips/tier1/yWNpIJu2PsI_clip0040_t00241.mp4
yWNpIJu2PsI_clip0041_t00250,yWNpIJu2PsI,250.466,254.302,3.836,1.0,1.0,17.76,/kaggle/working/clips/tier1/yWNpIJu2PsI_clip0041_t00250.mp4
yWNpIJu2PsI_clip0042_t00254,yWNpIJu2PsI,254.594,257.598,3.004,1.0,1.0,18.48,/kaggle/working/clips/tier1/yWNpIJu2PsI_clip0042_t00254.mp4
yWNpIJu2PsI_clip0043_t00270,yWNpIJu2PsI,270.05,275.006,4.956,1.0,1.0,18.91,/kaggle/working/clips/tier1/yWNpIJu2PsI_clip0043_t00270.mp4
yWNpIJu2PsI_clip0044_t00276,yWNpIJu2PsI,276.514,280.862,4.348,1.0,1.0,19.41,/kaggle/working/clips/tier1/yWNpIJu2PsI_clip0044_t00276.mp4
yWNpIJu2PsI_clip0045_t00281,yWNpIJu2PsI,281.25,285.566,4.316,1.0,1.0,18.41,/kaggle/working/clips/tier1/yWNpIJu2PsI_clip0045_t00281.mp4
yWNpIJu2PsI_clip0046_t00287,yWNpIJu2PsI,287.106,289.726,2.62,1.0,1.0,19.96,/kaggle/working/clips/tier1/yWNpIJu2PsI_clip0046_t00287.mp4
yWNpIJu2PsI_clip0047_t00289,yWNpIJu2PsI,289.922,293.822,3.9,1.0,1.0,16.5,/kaggle/working/clips/tier1/yWNpIJu2PsI_clip0047_t00289.mp4
yWNpIJu2PsI_clip0048_t00295,yWNpIJu2PsI,295.65,300.03,4.38,1.0,1.0,17.58,/kaggle/working/clips/tier1/yWNpIJu2PsI_clip0048_t00295.mp4
yWNpIJu2PsI_clip0049_t00300,yWNpIJu2PsI,300.322,305.726,5.404,1.0,1.0,18.88,/kaggle/working/clips/tier1/yWNpIJu2PsI_clip0049_t00300.mp4
yWNpIJu2PsI_clip0050_t00306,yWNpIJu2PsI,306.37,314.078,7.708,1.0,1.0,16.94,/kaggle/working/clips/tier1/yWNpIJu2PsI_clip0050_t00306.mp4
yWNpIJu2PsI_clip0051_t00314,yWNpIJu2PsI,314.242,316.99,2.748,1.0,1.0,19.61,/kaggle/working/clips/tier1/yWNpIJu2PsI_clip0051_t00314.mp4
yWNpIJu2PsI_clip0052_t00317,yWNpIJu2PsI,317.282,325.054,7.772,1.0,1.0,18.12,/kaggle/working/clips/tier1/yWNpIJu2PsI_clip0052_t00317.mp4
yWNpIJu2PsI_clip0053_t00350,yWNpIJu2PsI,350.754,354.942,4.188,1.0,1.0,16.54,/kaggle/working/clips/tier1/yWNpIJu2PsI_clip0053_t00350.mp4
yWNpIJu2PsI_clip0054_t00355,yWNpIJu2PsI,355.394,360.394,5.0,1.0,1.0,17.98,/kaggle/working/clips/tier1/yWNpIJu2PsI_clip0054_t00355.mp4
yWNpIJu2PsI_clip0055_t00359,yWNpIJu2PsI,359.394,364.394,5.0,1.0,1.0,16.54,/kaggle/working/clips/tier1/yWNpIJu2PsI_clip0055_t00359.mp4
yWNpIJu2PsI_clip0056_t00363,yWNpIJu2PsI,363.394,368.394,5.0,1.0,1.0,18.75,/kaggle/working/clips/tier1/yWNpIJu2PsI_clip0056_t00363.mp4
yWNpIJu2PsI_clip0057_t00370,yWNpIJu2PsI,370.754,373.63,2.876,1.0,1.0,17.68,/kaggle/working/clips/tier1/yWNpIJu2PsI_clip0057_t00370.mp4
yWNpIJu2PsI_clip0058_t00375,yWNpIJu2PsI,375.682,382.526,6.844,1.0,1.0,18.05,/kaggle/working/clips/tier1/yWNpIJu2PsI_clip0058_t00375.mp4
yWNpIJu2PsI_clip0059_t00382,yWNpIJu2PsI,382.85,387.85,5.0,1.0,1.0,17.71,/kaggle/working/clips/tier1/yWNpIJu2PsI_clip0059_t00382.mp4
yWNpIJu2PsI_clip0060_t00386,yWNpIJu2PsI,386.85,391.85,5.0,1.0,1.0,19.84,/kaggle/working/clips/tier1/yWNpIJu2PsI_clip0060_t00386.mp4
yWNpIJu2PsI_clip0061_t00390,yWNpIJu2PsI,390.85,395.85,5.0,1.0,1.0,17.68,/kaggle/working/clips/tier1/yWNpIJu2PsI_clip0061_t00390.mp4
yWNpIJu2PsI_clip0062_t00394,yWNpIJu2PsI,394.85,397.63,2.78,1.0,1.0,15.47,/kaggle/working/clips/tier1/yWNpIJu2PsI_clip0062_t00394.mp4
yWNpIJu2PsI_clip0063_t00399,yWNpIJu2PsI,399.298,403.934,4.636,1.0,1.0,18.63,/kaggle/working/clips/tier1/yWNpIJu2PsI_clip0063_t00399.mp4
yWNpIJu2PsI_clip0064_t00404,yWNpIJu2PsI,404.194,409.194,5.0,1.0,1.0,18.8,/kaggle/working/clips/tier1/yWNpIJu2PsI_clip0064_t00404.mp4
yWNpIJu2PsI_clip0065_t00408,yWNpIJu2PsI,408.194,413.194,5.0,1.0,1.0,19.13,/kaggle/working/clips/tier1/yWNpIJu2PsI_clip0065_t00408.mp4
yWNpIJu2PsI_clip0066_t00412,yWNpIJu2PsI,412.194,417.194,5.0,1.0,1.0,18.07,/kaggle/working/clips/tier1/yWNpIJu2PsI_clip0066_t00412.mp4
yWNpIJu2PsI_clip0067_t00418,yWNpIJu2PsI,418.434,420.638,2.204,1.0,1.0,18.94,/kaggle/working/clips/tier1/yWNpIJu2PsI_clip0067_t00418.mp4
yWNpIJu2PsI_clip0068_t00421,yWNpIJu2PsI,421.922,426.922,5.0,1.0,1.0,19.45,/kaggle/working/clips/tier1/yWNpIJu2PsI_clip0068_t00421.mp4
yWNpIJu2PsI_clip0069_t00425,yWNpIJu2PsI,425.922,430.922,5.0,1.0,1.0,19.3,/kaggle/working/clips/tier1/yWNpIJu2PsI_clip0069_t00425.mp4
yWNpIJu2PsI_clip0070_t00429,yWNpIJu2PsI,429.922,434.334,4.412,1.0,1.0,18.99,/kaggle/working/clips/tier1/yWNpIJu2PsI_clip0070_t00429.mp4
yWNpIJu2PsI_clip0071_t00437,yWNpIJu2PsI,437.762,448.126,10.364,1.0,1.0,19.0,/kaggle/working/clips/tier1/yWNpIJu2PsI_clip0071_t00437.mp4
yWNpIJu2PsI_clip0072_t00448,yWNpIJu2PsI,448.29,457.694,9.404,1.0,1.0,18.67,/kaggle/working/clips/tier1/yWNpIJu2PsI_clip0072_t00448.mp4
yWNpIJu2PsI_clip0073_t00459,yWNpIJu2PsI,459.298,462.206,2.908,1.0,1.0,18.24,/kaggle/working/clips/tier1/yWNpIJu2PsI_clip0073_t00459.mp4
yWNpIJu2PsI_clip0074_t00467,yWNpIJu2PsI,467.458,469.79,2.332,1.0,1.0,19.65,/kaggle/working/clips/tier1/yWNpIJu2PsI_clip0074_t00467.mp4
yWNpIJu2PsI_clip0075_t00478,yWNpIJu2PsI,478.882,482.174,3.292,0.75,1.0,19.25,/kaggle/working/clips/tier1/yWNpIJu2PsI_clip0075_t00478.mp4
yWNpIJu2PsI_clip0076_t00482,yWNpIJu2PsI,482.562,487.262,4.7,1.0,1.0,17.92,/kaggle/working/clips/tier1/yWNpIJu2PsI_clip0076_t00482.mp4
yWNpIJu2PsI_clip0077_t00487,yWNpIJu2PsI,487.362,492.094,4.732,1.0,1.0,19.79,/kaggle/working/clips/tier1/yWNpIJu2PsI_clip0077_t00487.mp4
yWNpIJu2PsI_clip0078_t00494,yWNpIJu2PsI,494.114,498.27,4.156,1.0,1.0,16.96,/kaggle/working/clips/tier1/yWNpIJu2PsI_clip0078_t00494.mp4
yWNpIJu2PsI_clip0079_t00498,yWNpIJu2PsI,498.69,500.862,2.172,1.0,1.0,19.16,/kaggle/working/clips/tier1/yWNpIJu2PsI_clip0079_t00498.mp4
yWNpIJu2PsI_clip0080_t00501,yWNpIJu2PsI,501.346,506.718,5.372,1.0,1.0,18.93,/kaggle/working/clips/tier1/yWNpIJu2PsI_clip0080_t00501.mp4
yWNpIJu2PsI_clip0081_t00509,yWNpIJu2PsI,509.186,514.59,5.404,1.0,1.0,17.94,/kaggle/working/clips/tier1/yWNpIJu2PsI_clip0081_t00509.mp4
yWNpIJu2PsI_clip0082_t00514,yWNpIJu2PsI,514.754,519.518,4.764,1.0,1.0,15.09,/kaggle/working/clips/tier1/yWNpIJu2PsI_clip0082_t00514.mp4
yWNpIJu2PsI_clip0083_t00522,yWNpIJu2PsI,522.434,528.926,6.492,1.0,1.0,18.51,/kaggle/working/clips/tier1/yWNpIJu2PsI_clip0083_t00522.mp4
yWNpIJu2PsI_clip0084_t00529,yWNpIJu2PsI,529.058,531.23,2.172,1.0,1.0,16.25,/kaggle/working/clips/tier1/yWNpIJu2PsI_clip0084_t00529.mp4
yWNpIJu2PsI_clip0085_t00532,yWNpIJu2PsI,532.45,535.422,2.972,1.0,1.0,19.11,/kaggle/working/clips/tier1/yWNpIJu2PsI_clip0085_t00532.mp4
yWNpIJu2PsI_clip0086_t00535,yWNpIJu2PsI,535.586,539.294,3.708,1.0,1.0,18.27,/kaggle/working/clips/tier1/yWNpIJu2PsI_clip0086_t00535.mp4
yWNpIJu2PsI_clip0087_t00539,yWNpIJu2PsI,539.458,547.742,8.284,1.0,1.0,18.44,/kaggle/working/clips/tier1/yWNpIJu2PsI_clip0087_t00539.mp4
yWNpIJu2PsI_clip0088_t00549,yWNpIJu2PsI,549.666,552.574,2.908,1.0,1.0,19.82,/kaggle/working/clips/tier1/yWNpIJu2PsI_clip0088_t00549.mp4
yWNpIJu2PsI_clip0089_t00552,yWNpIJu2PsI,552.994,557.022,4.028,1.0,1.0,18.14,/kaggle/working/clips/tier1/yWNpIJu2PsI_clip0089_t00552.mp4
yWNpIJu2PsI_clip0090_t00557,yWNpIJu2PsI,557.25,560.478,3.228,1.0,1.0,19.75,/kaggle/working/clips/tier1/yWNpIJu2PsI_clip0090_t00557.mp4
yWNpIJu2PsI_clip0091_t00562,yWNpIJu2PsI,562.466,565.15,2.684,1.0,1.0,15.56,/kaggle/working/clips/tier1/yWNpIJu2PsI_clip0091_t00562.mp4
yWNpIJu2PsI_clip0092_t00565,yWNpIJu2PsI,565.378,569.47,4.092,1.0,1.0,17.69,/kaggle/working/clips/tier1/yWNpIJu2PsI_clip0092_t00565.mp4
yWNpIJu2PsI_clip0093_t00571,yWNpIJu2PsI,571.362,575.71,4.348,1.0,1.0,19.49,/kaggle/working/clips/tier1/yWNpIJu2PsI_clip0093_t00571.mp4
yWNpIJu2PsI_clip0094_t00591,yWNpIJu2PsI,591.522,594.814,3.292,1.0,1.0,20.15,/kaggle/working/clips/tier1/yWNpIJu2PsI_clip0094_t00591.mp4
yWNpIJu2PsI_clip0095_t00608,yWNpIJu2PsI,608.482,612.446,3.964,1.0,1.0,18.13,/kaggle/working/clips/tier1/yWNpIJu2PsI_clip0095_t00608.mp4
yWNpIJu2PsI_clip0096_t00613,yWNpIJu2PsI,613.73,616.35,2.62,1.0,1.0,18.78,/kaggle/working/clips/tier1/yWNpIJu2PsI_clip0096_t00613.mp4
yWNpIJu2PsI_clip0097_t00616,yWNpIJu2PsI,616.45,619.742,3.292,1.0,1.0,19.08,/kaggle/working/clips/tier1/yWNpIJu2PsI_clip0097_t00616.mp4
yWNpIJu2PsI_clip0098_t00623,yWNpIJu2PsI,623.394,625.63,2.236,1.0,1.0,18.78,/kaggle/working/clips/tier1/yWNpIJu2PsI_clip0098_t00623.mp4
yWNpIJu2PsI_clip0099_t00625,yWNpIJu2PsI,625.858,628.51,2.652,1.0,1.0,17.76,/kaggle/working/clips/tier1/yWNpIJu2PsI_clip0099_t00625.mp4
yWNpIJu2PsI_clip0100_t00628,yWNpIJu2PsI,628.642,631.23,2.588,1.0,1.0,17.07,/kaggle/working/clips/tier1/yWNpIJu2PsI_clip0100_t00628.mp4
yWNpIJu2PsI_clip0101_t00638,yWNpIJu2PsI,638.498,642.238,3.74,1.0,1.0,18.62,/kaggle/working/clips/tier1/yWNpIJu2PsI_clip0101_t00638.mp4
yWNpIJu2PsI_clip0102_t00644,yWNpIJu2PsI,644.322,649.022,4.7,1.0,1.0,18.79,/kaggle/working/clips/tier1/yWNpIJu2PsI_clip0102_t00644.mp4
yWNpIJu2PsI_clip0103_t00649,yWNpIJu2PsI,649.25,652.542,3.292,1.0,1.0,17.65,/kaggle/working/clips/tier1/yWNpIJu2PsI_clip0103_t00649.mp4
yWNpIJu2PsI_clip0104_t00653,yWNpIJu2PsI,653.794,660.702,6.908,1.0,1.0,18.72,/kaggle/working/clips/tier1/yWNpIJu2PsI_clip0104_t00653.mp4
yWNpIJu2PsI_clip0105_t00661,yWNpIJu2PsI,661.986,664.126,2.14,1.0,1.0,21.35,/kaggle/working/clips/tier1/yWNpIJu2PsI_clip0105_t00661.mp4
yWNpIJu2PsI_clip0106_t00664,yWNpIJu2PsI,664.226,668.094,3.868,1.0,1.0,17.07,/kaggle/working/clips/tier1/yWNpIJu2PsI_clip0106_t00664.mp4
yWNpIJu2PsI_clip0107_t00668,yWNpIJu2PsI,668.386,672.542,4.156,1.0,1.0,17.37,/kaggle/working/clips/tier1/yWNpIJu2PsI_clip0107_t00668.mp4
yWNpIJu2PsI_clip0108_t00672,yWNpIJu2PsI,672.802,677.598,4.796,1.0,1.0,18.76,/kaggle/working/clips/tier1/yWNpIJu2PsI_clip0108_t00672.mp4
yWNpIJu2PsI_clip0109_t00677,yWNpIJu2PsI,677.762,680.862,3.1,1.0,1.0,18.22,/kaggle/working/clips/tier1/yWNpIJu2PsI_clip0109_t00677.mp4
yWNpIJu2PsI_clip0110_t00681,yWNpIJu2PsI,681.986,684.382,2.396,1.0,1.0,18.83,/kaggle/working/clips/tier1/yWNpIJu2PsI_clip0110_t00681.mp4
yWNpIJu2PsI_clip0111_t00686,yWNpIJu2PsI,686.978,691.742,4.764,1.0,1.0,17.41,/kaggle/working/clips/tier1/yWNpIJu2PsI_clip0111_t00686.mp4
yWNpIJu2PsI_clip0112_t00691,yWNpIJu2PsI,691.938,695.39,3.452,1.0,1.0,17.8,/kaggle/working/clips/tier1/yWNpIJu2PsI_clip0112_t00691.mp4
yWNpIJu2PsI_clip0113_t00697,yWNpIJu2PsI,697.698,701.79,4.092,1.0,1.0,16.92,/kaggle/working/clips/tier1/yWNpIJu2PsI_clip0113_t00697.mp4
yWNpIJu2PsI_clip0114_t00703,yWNpIJu2PsI,703.458,708.446,4.988,1.0,1.0,18.4,/kaggle/working/clips/tier1/yWNpIJu2PsI_clip0114_t00703.mp4
yWNpIJu2PsI_clip0115_t00710,yWNpIJu2PsI,710.146,712.478,2.332,1.0,1.0,17.47,/kaggle/working/clips/tier1/yWNpIJu2PsI_clip0115_t00710.mp4
yWNpIJu2PsI_clip0116_t00712,yWNpIJu2PsI,712.834,720.67,7.836,1.0,1.0,18.77,/kaggle/working/clips/tier1/yWNpIJu2PsI_clip0116_t00712.mp4
yWNpIJu2PsI_clip0117_t00720,yWNpIJu2PsI,720.802,727.038,6.236,1.0,1.0,16.57,/kaggle/working/clips/tier1/yWNpIJu2PsI_clip0117_t00720.mp4
_UEZaDjz02I_clip0000_t00007,_UEZaDjz02I,7.778,10.206,2.428,1.0,1.0,8.75,/kaggle/working/clips/tier1/_UEZaDjz02I_clip0000_t00007.mp4
_UEZaDjz02I_clip0001_t00013,_UEZaDjz02I,13.73,17.214,3.484,1.0,1.0,8.15,/kaggle/working/clips/tier1/_UEZaDjz02I_clip0001_t00013.mp4
_UEZaDjz02I_clip0002_t00019,_UEZaDjz02I,19.522,25.758,6.236,1.0,1.0,8.45,/kaggle/working/clips/tier1/_UEZaDjz02I_clip0002_t00019.mp4
_UEZaDjz02I_clip0003_t00025,_UEZaDjz02I,25.954,28.158,2.204,1.0,1.0,7.99,/kaggle/working/clips/tier1/_UEZaDjz02I_clip0003_t00025.mp4
_UEZaDjz02I_clip0004_t00029,_UEZaDjz02I,29.602,33.47,3.868,1.0,1.0,8.35,/kaggle/working/clips/tier1/_UEZaDjz02I_clip0004_t00029.mp4
_UEZaDjz02I_clip0005_t00039,_UEZaDjz02I,39.106,47.934,8.828,1.0,1.0,-1.62,/kaggle/working/clips/tier1/_UEZaDjz02I_clip0005_t00039.mp4
_UEZaDjz02I_clip0006_t00048,_UEZaDjz02I,48.578,51.518,2.94,1.0,1.0,-1.22,/kaggle/working/clips/tier1/_UEZaDjz02I_clip0006_t00048.mp4
_UEZaDjz02I_clip0007_t00051,_UEZaDjz02I,51.682,55.166,3.484,1.0,1.0,-0.96,/kaggle/working/clips/tier1/_UEZaDjz02I_clip0007_t00051.mp4
_UEZaDjz02I_clip0008_t00057,_UEZaDjz02I,57.282,59.326,2.044,1.0,1.0,3.17,/kaggle/working/clips/tier1/_UEZaDjz02I_clip0008_t00057.mp4
_UEZaDjz02I_clip0009_t00061,_UEZaDjz02I,61.122,64.126,3.004,1.0,1.0,4.28,/kaggle/working/clips/tier1/_UEZaDjz02I_clip0009_t00061.mp4
_UEZaDjz02I_clip0010_t00083,_UEZaDjz02I,83.778,86.494,2.716,1.0,1.0,3.21,/kaggle/working/clips/tier1/_UEZaDjz02I_clip0010_t00083.mp4
_UEZaDjz02I_clip0011_t00123,_UEZaDjz02I,123.97,127.614,3.644,1.0,1.0,3.21,/kaggle/working/clips/tier1/_UEZaDjz02I_clip0011_t00123.mp4
_UEZaDjz02I_clip0012_t00136,_UEZaDjz02I,136.194,139.454,3.26,1.0,1.0,4.48,/kaggle/working/clips/tier1/_UEZaDjz02I_clip0012_t00136.mp4
_UEZaDjz02I_clip0013_t00142,_UEZaDjz02I,142.082,145.214,3.132,1.0,1.0,2.45,/kaggle/working/clips/tier1/_UEZaDjz02I_clip0013_t00142.mp4
_UEZaDjz02I_clip0014_t00177,_UEZaDjz02I,177.058,180.51,3.452,1.0,1.0,4.18,/kaggle/working/clips/tier1/_UEZaDjz02I_clip0014_t00177.mp4
_UEZaDjz02I_clip0015_t00181,_UEZaDjz02I,181.25,183.454,2.204,1.0,1.0,5.04,/kaggle/working/clips/tier1/_UEZaDjz02I_clip0015_t00181.mp4
_UEZaDjz02I_clip0016_t00192,_UEZaDjz02I,192.77,194.91,2.14,1.0,1.0,3.43,/kaggle/working/clips/tier1/_UEZaDjz02I_clip0016_t00192.mp4
_UEZaDjz02I_clip0017_t00205,_UEZaDjz02I,205.41,207.646,2.236,1.0,1.0,3.13,/kaggle/working/clips/tier1/_UEZaDjz02I_clip0017_t00205.mp4
_UEZaDjz02I_clip0018_t00208,_UEZaDjz02I,208.034,210.462,2.428,1.0,1.0,4.6,/kaggle/working/clips/tier1/_UEZaDjz02I_clip0018_t00208.mp4
_UEZaDjz02I_clip0019_t00210,_UEZaDjz02I,210.85,213.502,2.652,1.0,1.0,2.93,/kaggle/working/clips/tier1/_UEZaDjz02I_clip0019_t00210.mp4
_UEZaDjz02I_clip0020_t00214,_UEZaDjz02I,214.21,216.51,2.3,1.0,1.0,2.8,/kaggle/working/clips/tier1/_UEZaDjz02I_clip0020_t00214.mp4
_UEZaDjz02I_clip0021_t00227,_UEZaDjz02I,227.362,230.27,2.908,1.0,1.0,4.03,/kaggle/working/clips/tier1/_UEZaDjz02I_clip0021_t00227.mp4
_UEZaDjz02I_clip0022_t00232,_UEZaDjz02I,232.866,239.134,6.268,1.0,1.0,4.29,/kaggle/working/clips/tier1/_UEZaDjz02I_clip0022_t00232.mp4
_UEZaDjz02I_clip0023_t00250,_UEZaDjz02I,250.018,253.822,3.804,1.0,1.0,2.48,/kaggle/working/clips/tier1/_UEZaDjz02I_clip0023_t00250.mp4
_UEZaDjz02I_clip0024_t00259,_UEZaDjz02I,259.554,263.838,4.284,1.0,1.0,4.52,/kaggle/working/clips/tier1/_UEZaDjz02I_clip0024_t00259.mp4
_UEZaDjz02I_clip0025_t00265,_UEZaDjz02I,265.794,270.366,4.572,1.0,1.0,4.77,/kaggle/working/clips/tier1/_UEZaDjz02I_clip0025_t00265.mp4
_UEZaDjz02I_clip0026_t00290,_UEZaDjz02I,290.498,298.494,7.996,1.0,1.0,3.65,/kaggle/working/clips/tier1/_UEZaDjz02I_clip0026_t00290.mp4
_UEZaDjz02I_clip0027_t00306,_UEZaDjz02I,306.594,309.534,2.94,1.0,1.0,3.07,/kaggle/working/clips/tier1/_UEZaDjz02I_clip0027_t00306.mp4
_UEZaDjz02I_clip0028_t00315,_UEZaDjz02I,315.426,318.11,2.684,1.0,1.0,4.13,/kaggle/working/clips/tier1/_UEZaDjz02I_clip0028_t00315.mp4
_UEZaDjz02I_clip0029_t00332,_UEZaDjz02I,332.802,336.286,3.484,1.0,1.0,4.42,/kaggle/working/clips/tier1/_UEZaDjz02I_clip0029_t00332.mp4
_UEZaDjz02I_clip0030_t00343,_UEZaDjz02I,343.906,346.814,2.908,1.0,1.0,4.01,/kaggle/working/clips/tier1/_UEZaDjz02I_clip0030_t00343.mp4
_UEZaDjz02I_clip0031_t00346,_UEZaDjz02I,346.946,351.102,4.156,1.0,1.0,5.04,/kaggle/working/clips/tier1/_UEZaDjz02I_clip0031_t00346.mp4
_UEZaDjz02I_clip0032_t00365,_UEZaDjz02I,365.346,367.838,2.492,1.0,1.0,4.05,/kaggle/working/clips/tier1/_UEZaDjz02I_clip0032_t00365.mp4
_UEZaDjz02I_clip0033_t00368,_UEZaDjz02I,368.002,370.27,2.268,1.0,1.0,3.48,/kaggle/working/clips/tier1/_UEZaDjz02I_clip0033_t00368.mp4
_UEZaDjz02I_clip0034_t00370,_UEZaDjz02I,370.626,372.958,2.332,1.0,1.0,1.76,/kaggle/working/clips/tier1/_UEZaDjz02I_clip0034_t00370.mp4
_UEZaDjz02I_clip0035_t00373,_UEZaDjz02I,373.218,377.246,4.028,1.0,1.0,3.26,/kaggle/working/clips/tier1/_UEZaDjz02I_clip0035_t00373.mp4
_UEZaDjz02I_clip0036_t00385,_UEZaDjz02I,385.186,388.414,3.228,1.0,1.0,3.73,/kaggle/working/clips/tier1/_UEZaDjz02I_clip0036_t00385.mp4
_UEZaDjz02I_clip0037_t00417,_UEZaDjz02I,417.378,421.182,3.804,1.0,1.0,3.5,/kaggle/working/clips/tier1/_UEZaDjz02I_clip0037_t00417.mp4
_UEZaDjz02I_clip0038_t00422,_UEZaDjz02I,422.018,424.862,2.844,1.0,1.0,3.75,/kaggle/working/clips/tier1/_UEZaDjz02I_clip0038_t00422.mp4
_UEZaDjz02I_clip0039_t00430,_UEZaDjz02I,430.402,432.542,2.14,1.0,1.0,3.65,/kaggle/working/clips/tier1/_UEZaDjz02I_clip0039_t00430.mp4
_UEZaDjz02I_clip0040_t00432,_UEZaDjz02I,432.642,434.654,2.012,1.0,1.0,3.34,/kaggle/working/clips/tier1/_UEZaDjz02I_clip0040_t00432.mp4
_UEZaDjz02I_clip0041_t00463,_UEZaDjz02I,463.906,467.006,3.1,1.0,1.0,2.72,/kaggle/working/clips/tier1/_UEZaDjz02I_clip0041_t00463.mp4
_UEZaDjz02I_clip0042_t00472,_UEZaDjz02I,472.674,476.126,3.452,1.0,1.0,4.22,/kaggle/working/clips/tier1/_UEZaDjz02I_clip0042_t00472.mp4
_UEZaDjz02I_clip0043_t00486,_UEZaDjz02I,486.242,488.35,2.108,1.0,1.0,3.32,/kaggle/working/clips/tier1/_UEZaDjz02I_clip0043_t00486.mp4
_UEZaDjz02I_clip0044_t00488,_UEZaDjz02I,488.802,492.19,3.388,1.0,1.0,3.26,/kaggle/working/clips/tier1/_UEZaDjz02I_clip0044_t00488.mp4
_UEZaDjz02I_clip0045_t00494,_UEZaDjz02I,494.05,497.886,3.836,1.0,1.0,4.21,/kaggle/working/clips/tier1/_UEZaDjz02I_clip0045_t00494.mp4
_UEZaDjz02I_clip0046_t00503,_UEZaDjz02I,503.074,505.95,2.876,1.0,1.0,-0.16,/kaggle/working/clips/tier1/_UEZaDjz02I_clip0046_t00503.mp4
_UEZaDjz02I_clip0047_t00506,_UEZaDjz02I,506.402,510.846,4.444,1.0,1.0,-1.79,/kaggle/working/clips/tier1/_UEZaDjz02I_clip0047_t00506.mp4
_UEZaDjz02I_clip0048_t00511,_UEZaDjz02I,511.106,514.526,3.42,1.0,1.0,-3.33,/kaggle/working/clips/tier1/_UEZaDjz02I_clip0048_t00511.mp4
_UEZaDjz02I_clip0049_t00515,_UEZaDjz02I,515.522,520.35,4.828,1.0,1.0,2.94,/kaggle/working/clips/tier1/_UEZaDjz02I_clip0049_t00515.mp4
_UEZaDjz02I_clip0050_t00525,_UEZaDjz02I,525.026,529.054,4.028,1.0,1.0,3.76,/kaggle/working/clips/tier1/_UEZaDjz02I_clip0050_t00525.mp4
_UEZaDjz02I_clip0051_t00529,_UEZaDjz02I,529.346,531.678,2.332,1.0,1.0,2.79,/kaggle/working/clips/tier1/_UEZaDjz02I_clip0051_t00529.mp4
_UEZaDjz02I_clip0052_t00532,_UEZaDjz02I,532.002,534.974,2.972,1.0,1.0,3.74,/kaggle/working/clips/tier1/_UEZaDjz02I_clip0052_t00532.mp4
_UEZaDjz02I_clip0053_t00541,_UEZaDjz02I,541.698,546.526,4.828,1.0,1.0,7.89,/kaggle/working/clips/tier1/_UEZaDjz02I_clip0053_t00541.mp4
_UEZaDjz02I_clip0054_t00547,_UEZaDjz02I,547.17,551.326,4.156,1.0,1.0,7.85,/kaggle/working/clips/tier1/_UEZaDjz02I_clip0054_t00547.mp4
_UEZaDjz02I_clip0055_t00574,_UEZaDjz02I,574.946,578.782,3.836,1.0,1.0,7.72,/kaggle/working/clips/tier1/_UEZaDjz02I_clip0055_t00574.mp4
_UEZaDjz02I_clip0056_t00580,_UEZaDjz02I,580.866,585.63,4.764,1.0,1.0,7.78,/kaggle/working/clips/tier1/_UEZaDjz02I_clip0056_t00580.mp4
_UEZaDjz02I_clip0057_t00587,_UEZaDjz02I,587.746,592.03,4.284,1.0,1.0,7.99,/kaggle/working/clips/tier1/_UEZaDjz02I_clip0057_t00587.mp4
_UEZaDjz02I_clip0058_t00592,_UEZaDjz02I,592.802,594.814,2.012,1.0,1.0,7.49,/kaggle/working/clips/tier1/_UEZaDjz02I_clip0058_t00592.mp4
_UEZaDjz02I_clip0059_t00600,_UEZaDjz02I,600.066,604.702,4.636,1.0,1.0,8.28,/kaggle/working/clips/tier1/_UEZaDjz02I_clip0059_t00600.mp4
_UEZaDjz02I_clip0060_t00614,_UEZaDjz02I,614.53,616.99,2.46,1.0,1.0,8.08,/kaggle/working/clips/tier1/_UEZaDjz02I_clip0060_t00614.mp4
_UEZaDjz02I_clip0061_t00626,_UEZaDjz02I,626.69,629.534,2.844,1.0,1.0,8.18,/kaggle/working/clips/tier1/_UEZaDjz02I_clip0061_t00626.mp4
_UEZaDjz02I_clip0062_t00634,_UEZaDjz02I,634.114,636.862,2.748,1.0,1.0,8.29,/kaggle/working/clips/tier1/_UEZaDjz02I_clip0062_t00634.mp4
_UEZaDjz02I_clip0063_t00637,_UEZaDjz02I,637.218,639.326,2.108,1.0,1.0,6.72,/kaggle/working/clips/tier1/_UEZaDjz02I_clip0063_t00637.mp4
_UEZaDjz02I_clip0064_t00647,_UEZaDjz02I,647.682,650.334,2.652,1.0,1.0,7.59,/kaggle/working/clips/tier1/_UEZaDjz02I_clip0064_t00647.mp4
_UEZaDjz02I_clip0065_t00662,_UEZaDjz02I,662.498,664.606,2.108,1.0,1.0,7.66,/kaggle/working/clips/tier1/_UEZaDjz02I_clip0065_t00662.mp4
_UEZaDjz02I_clip0066_t00666,_UEZaDjz02I,666.754,669.79,3.036,1.0,1.0,8.37,/kaggle/working/clips/tier1/_UEZaDjz02I_clip0066_t00666.mp4
_UEZaDjz02I_clip0067_t00671,_UEZaDjz02I,671.426,674.302,2.876,1.0,1.0,7.1,/kaggle/working/clips/tier1/_UEZaDjz02I_clip0067_t00671.mp4
_UEZaDjz02I_clip0068_t00688,_UEZaDjz02I,688.61,694.398,5.788,1.0,1.0,8.1,/kaggle/working/clips/tier1/_UEZaDjz02I_clip0068_t00688.mp4
_adzgpYkn_c_clip0000_t00020,_adzgpYkn_c,20.706,25.706,5.0,1.0,1.0,8.36,/kaggle/working/clips/tier1/_adzgpYkn_c_clip0000_t00020.mp4
_adzgpYkn_c_clip0001_t00024,_adzgpYkn_c,24.706,29.246,4.54,1.0,1.0,5.86,/kaggle/working/clips/tier1/_adzgpYkn_c_clip0001_t00024.mp4
_adzgpYkn_c_clip0002_t00035,_adzgpYkn_c,35.266,37.982,2.716,1.0,1.0,6.5,/kaggle/working/clips/tier1/_adzgpYkn_c_clip0002_t00035.mp4
_adzgpYkn_c_clip0003_t00052,_adzgpYkn_c,52.674,57.726,5.052,1.0,1.0,4.98,/kaggle/working/clips/tier1/_adzgpYkn_c_clip0003_t00052.mp4
_adzgpYkn_c_clip0004_t00081,_adzgpYkn_c,81.314,85.182,3.868,1.0,1.0,4.65,/kaggle/working/clips/tier1/_adzgpYkn_c_clip0004_t00081.mp4
_adzgpYkn_c_clip0005_t00110,_adzgpYkn_c,110.274,119.326,9.052,1.0,1.0,3.4,/kaggle/working/clips/tier1/_adzgpYkn_c_clip0005_t00110.mp4
_adzgpYkn_c_clip0006_t00133,_adzgpYkn_c,133.346,137.054,3.708,0.75,1.0,4.29,/kaggle/working/clips/tier1/_adzgpYkn_c_clip0006_t00133.mp4
_adzgpYkn_c_clip0007_t00137,_adzgpYkn_c,137.282,140.798,3.516,1.0,1.0,4.13,/kaggle/working/clips/tier1/_adzgpYkn_c_clip0007_t00137.mp4
_adzgpYkn_c_clip0008_t00140,_adzgpYkn_c,140.93,144.638,3.708,1.0,1.0,4.19,/kaggle/working/clips/tier1/_adzgpYkn_c_clip0008_t00140.mp4
_adzgpYkn_c_clip0009_t00145,_adzgpYkn_c,145.794,150.59,4.796,1.0,1.0,4.98,/kaggle/working/clips/tier1/_adzgpYkn_c_clip0009_t00145.mp4
_adzgpYkn_c_clip0010_t00150,_adzgpYkn_c,150.722,153.63,2.908,1.0,1.0,6.05,/kaggle/working/clips/tier1/_adzgpYkn_c_clip0010_t00150.mp4
_adzgpYkn_c_clip0011_t00153,_adzgpYkn_c,153.762,165.246,11.484,0.917,1.0,4.99,/kaggle/working/clips/tier1/_adzgpYkn_c_clip0011_t00153.mp4
_adzgpYkn_c_clip0012_t00165,_adzgpYkn_c,165.378,170.398,5.02,1.0,1.0,3.57,/kaggle/working/clips/tier1/_adzgpYkn_c_clip0012_t00165.mp4
_adzgpYkn_c_clip0013_t00170,_adzgpYkn_c,170.978,177.982,7.004,1.0,1.0,5.44,/kaggle/working/clips/tier1/_adzgpYkn_c_clip0013_t00170.mp4
_adzgpYkn_c_clip0014_t00178,_adzgpYkn_c,178.082,181.15,3.068,1.0,1.0,6.85,/kaggle/working/clips/tier1/_adzgpYkn_c_clip0014_t00178.mp4
_adzgpYkn_c_clip0015_t00183,_adzgpYkn_c,183.49,190.558,7.068,1.0,1.0,4.56,/kaggle/working/clips/tier1/_adzgpYkn_c_clip0015_t00183.mp4
_adzgpYkn_c_clip0016_t00190,_adzgpYkn_c,190.722,195.038,4.316,1.0,1.0,6.41,/kaggle/working/clips/tier1/_adzgpYkn_c_clip0016_t00190.mp4
_adzgpYkn_c_clip0017_t00195,_adzgpYkn_c,195.458,203.358,7.9,1.0,1.0,4.26,/kaggle/working/clips/tier1/_adzgpYkn_c_clip0017_t00195.mp4
_adzgpYkn_c_clip0018_t00203,_adzgpYkn_c,203.554,208.606,5.052,0.8,1.0,3.45,/kaggle/working/clips/tier1/_adzgpYkn_c_clip0018_t00203.mp4
_adzgpYkn_c_clip0019_t00221,_adzgpYkn_c,221.73,230.398,8.668,0.889,1.0,5.03,/kaggle/working/clips/tier1/_adzgpYkn_c_clip0019_t00221.mp4
_adzgpYkn_c_clip0020_t00253,_adzgpYkn_c,253.282,255.646,2.364,1.0,1.0,5.48,/kaggle/working/clips/tier1/_adzgpYkn_c_clip0020_t00253.mp4
_adzgpYkn_c_clip0021_t00255,_adzgpYkn_c,255.842,263.806,7.964,1.0,1.0,3.79,/kaggle/working/clips/tier1/_adzgpYkn_c_clip0021_t00255.mp4
_adzgpYkn_c_clip0022_t00263,_adzgpYkn_c,263.906,266.558,2.652,1.0,1.0,5.21,/kaggle/working/clips/tier1/_adzgpYkn_c_clip0022_t00263.mp4
_adzgpYkn_c_clip0023_t00266,_adzgpYkn_c,266.978,272.542,5.564,1.0,1.0,5.69,/kaggle/working/clips/tier1/_adzgpYkn_c_clip0023_t00266.mp4
_adzgpYkn_c_clip0024_t00272,_adzgpYkn_c,272.642,281.406,8.764,1.0,1.0,4.69,/kaggle/working/clips/tier1/_adzgpYkn_c_clip0024_t00272.mp4
_adzgpYkn_c_clip0025_t00326,_adzgpYkn_c,326.946,334.11,7.164,1.0,1.0,5.88,/kaggle/working/clips/tier1/_adzgpYkn_c_clip0025_t00326.mp4
_adzgpYkn_c_clip0026_t00334,_adzgpYkn_c,334.434,339.434,5.0,1.0,1.0,5.54,/kaggle/working/clips/tier1/_adzgpYkn_c_clip0026_t00334.mp4
_adzgpYkn_c_clip0027_t00342,_adzgpYkn_c,342.434,347.07,4.636,1.0,1.0,3.52,/kaggle/working/clips/tier1/_adzgpYkn_c_clip0027_t00342.mp4
_adzgpYkn_c_clip0028_t00347,_adzgpYkn_c,347.17,349.47,2.3,1.0,1.0,4.05,/kaggle/working/clips/tier1/_adzgpYkn_c_clip0028_t00347.mp4
_adzgpYkn_c_clip0029_t00349,_adzgpYkn_c,349.57,352.286,2.716,1.0,1.0,2.92,/kaggle/working/clips/tier1/_adzgpYkn_c_clip0029_t00349.mp4
_adzgpYkn_c_clip0030_t00352,_adzgpYkn_c,352.61,354.686,2.076,1.0,1.0,4.8,/kaggle/working/clips/tier1/_adzgpYkn_c_clip0030_t00352.mp4
_adzgpYkn_c_clip0031_t00354,_adzgpYkn_c,354.946,361.534,6.588,1.0,1.0,3.57,/kaggle/working/clips/tier1/_adzgpYkn_c_clip0031_t00354.mp4
_adzgpYkn_c_clip0032_t00361,_adzgpYkn_c,361.666,364.286,2.62,1.0,1.0,4.12,/kaggle/working/clips/tier1/_adzgpYkn_c_clip0032_t00361.mp4
_adzgpYkn_c_clip0033_t00364,_adzgpYkn_c,364.418,368.638,4.22,1.0,1.0,3.16,/kaggle/working/clips/tier1/_adzgpYkn_c_clip0033_t00364.mp4
_adzgpYkn_c_clip0034_t00368,_adzgpYkn_c,368.834,374.302,5.468,1.0,1.0,3.66,/kaggle/working/clips/tier1/_adzgpYkn_c_clip0034_t00368.mp4
_adzgpYkn_c_clip0035_t00374,_adzgpYkn_c,374.498,385.598,11.1,1.0,1.0,4.07,/kaggle/working/clips/tier1/_adzgpYkn_c_clip0035_t00374.mp4
_adzgpYkn_c_clip0036_t00385,_adzgpYkn_c,385.794,389.054,3.26,1.0,1.0,4.22,/kaggle/working/clips/tier1/_adzgpYkn_c_clip0036_t00385.mp4
_adzgpYkn_c_clip0037_t00389,_adzgpYkn_c,389.186,397.95,8.764,0.75,1.0,4.42,/kaggle/working/clips/tier1/_adzgpYkn_c_clip0037_t00389.mp4
_adzgpYkn_c_clip0038_t00398,_adzgpYkn_c,398.658,404.254,5.596,1.0,1.0,4.07,/kaggle/working/clips/tier1/_adzgpYkn_c_clip0038_t00398.mp4
_adzgpYkn_c_clip0039_t00406,_adzgpYkn_c,406.626,411.422,4.796,1.0,1.0,3.88,/kaggle/working/clips/tier1/_adzgpYkn_c_clip0039_t00406.mp4
_adzgpYkn_c_clip0040_t00411,_adzgpYkn_c,411.522,416.67,5.148,1.0,1.0,4.21,/kaggle/working/clips/tier1/_adzgpYkn_c_clip0040_t00411.mp4
_adzgpYkn_c_clip0041_t00416,_adzgpYkn_c,416.77,419.454,2.684,1.0,1.0,3.75,/kaggle/working/clips/tier1/_adzgpYkn_c_clip0041_t00416.mp4
_adzgpYkn_c_clip0042_t00419,_adzgpYkn_c,419.874,428.83,8.956,1.0,1.0,3.37,/kaggle/working/clips/tier1/_adzgpYkn_c_clip0042_t00419.mp4
_adzgpYkn_c_clip0043_t00429,_adzgpYkn_c,429.186,437.054,7.868,1.0,1.0,3.86,/kaggle/working/clips/tier1/_adzgpYkn_c_clip0043_t00429.mp4
_adzgpYkn_c_clip0044_t00437,_adzgpYkn_c,437.154,439.614,2.46,1.0,1.0,3.84,/kaggle/working/clips/tier1/_adzgpYkn_c_clip0044_t00437.mp4
_adzgpYkn_c_clip0045_t00440,_adzgpYkn_c,440.13,448.414,8.284,1.0,1.0,3.5,/kaggle/working/clips/tier1/_adzgpYkn_c_clip0045_t00440.mp4
_adzgpYkn_c_clip0046_t00448,_adzgpYkn_c,448.514,452.638,4.124,0.75,1.0,4.0,/kaggle/working/clips/tier1/_adzgpYkn_c_clip0046_t00448.mp4
_adzgpYkn_c_clip0047_t00453,_adzgpYkn_c,453.122,462.174,9.052,1.0,1.0,3.99,/kaggle/working/clips/tier1/_adzgpYkn_c_clip0047_t00453.mp4
_adzgpYkn_c_clip0048_t00462,_adzgpYkn_c,462.274,467.274,5.0,1.0,1.0,3.69,/kaggle/working/clips/tier1/_adzgpYkn_c_clip0048_t00462.mp4
_adzgpYkn_c_clip0049_t00466,_adzgpYkn_c,466.274,471.274,5.0,0.8,1.0,3.22,/kaggle/working/clips/tier1/_adzgpYkn_c_clip0049_t00466.mp4
_adzgpYkn_c_clip0050_t00487,_adzgpYkn_c,487.266,494.622,7.356,0.857,1.0,4.38,/kaggle/working/clips/tier1/_adzgpYkn_c_clip0050_t00487.mp4
_adzgpYkn_c_clip0051_t00495,_adzgpYkn_c,495.65,503.646,7.996,1.0,1.0,5.66,/kaggle/working/clips/tier1/_adzgpYkn_c_clip0051_t00495.mp4
_adzgpYkn_c_clip0052_t00503,_adzgpYkn_c,503.938,510.75,6.812,1.0,1.0,4.16,/kaggle/working/clips/tier1/_adzgpYkn_c_clip0052_t00503.mp4
_adzgpYkn_c_clip0053_t00511,_adzgpYkn_c,511.458,515.646,4.188,1.0,1.0,5.11,/kaggle/working/clips/tier1/_adzgpYkn_c_clip0053_t00511.mp4
_adzgpYkn_c_clip0054_t00516,_adzgpYkn_c,516.194,521.982,5.788,1.0,1.0,4.15,/kaggle/working/clips/tier1/_adzgpYkn_c_clip0054_t00516.mp4
_adzgpYkn_c_clip0055_t00526,_adzgpYkn_c,526.114,533.886,7.772,1.0,1.0,4.48,/kaggle/working/clips/tier1/_adzgpYkn_c_clip0055_t00526.mp4
_adzgpYkn_c_clip0056_t00551,_adzgpYkn_c,551.778,556.542,4.764,1.0,1.0,3.52,/kaggle/working/clips/tier1/_adzgpYkn_c_clip0056_t00551.mp4
_adzgpYkn_c_clip0057_t00571,_adzgpYkn_c,571.234,575.582,4.348,1.0,1.0,6.83,/kaggle/working/clips/tier1/_adzgpYkn_c_clip0057_t00571.mp4
_adzgpYkn_c_clip0058_t00575,_adzgpYkn_c,575.938,584.286,8.348,1.0,1.0,4.93,/kaggle/working/clips/tier1/_adzgpYkn_c_clip0058_t00575.mp4
_adzgpYkn_c_clip0059_t00584,_adzgpYkn_c,584.386,586.622,2.236,1.0,1.0,5.52,/kaggle/working/clips/tier1/_adzgpYkn_c_clip0059_t00584.mp4
_adzgpYkn_c_clip0060_t00797,_adzgpYkn_c,797.57,802.57,5.0,1.0,1.0,5.93,/kaggle/working/clips/tier1/_adzgpYkn_c_clip0060_t00797.mp4
_adzgpYkn_c_clip0061_t00817,_adzgpYkn_c,817.89,821.022,3.132,1.0,1.0,6.3,/kaggle/working/clips/tier1/_adzgpYkn_c_clip0061_t00817.mp4
_adzgpYkn_c_clip0062_t00821,_adzgpYkn_c,821.122,824.798,3.676,1.0,1.0,4.83,/kaggle/working/clips/tier1/_adzgpYkn_c_clip0062_t00821.mp4
